time,ktas,beds_available,op_rooms_available,hospital_name,day_of_week,day,hour
10,4,13,5,제일병원 1,0,1,0
20,3,13,5,제일병원 1,0,1,0
56,2,12,5,제일병원 1,0,1,0
98,4,12,4,제일병원 1,0,1,1
113,4,12,4,제일병원 1,0,1,1
156,3,12,4,제일병원 1,0,1,2
178,2,10,5,제일병원 1,0,1,2
260,3,10,4,제일병원 1,0,1,4
310,5,9,4,제일병원 1,0,1,5
390,1,8,5,제일병원 1,0,1,6
419,3,8,4,제일병원 1,0,1,6
426,5,7,4,제일병원 1,0,1,7
454,4,8,4,제일병원 1,0,1,7
467,3,8,4,제일병원 1,0,1,7
574,5,7,5,제일병원 1,0,1,9
576,3,7,5,제일병원 1,0,1,9
582,2,6,5,제일병원 1,0,1,9
587,5,6,4,제일병원 1,0,1,9
593,4,7,4,제일병원 1,0,1,9
605,3,7,4,제일병원 1,0,1,10
605,5,6,4,제일병원 1,0,1,10
606,2,6,4,제일병원 1,0,1,10
641,4,6,3,제일병원 1,0,1,10
649,3,7,3,제일병원 1,0,1,10
681,5,6,3,제일병원 1,0,1,11
683,4,6,3,제일병원 1,0,1,11
704,3,6,3,제일병원 1,0,1,11
705,4,5,3,제일병원 1,0,1,11
712,4,5,3,제일병원 1,0,1,11
712,3,5,3,제일병원 1,0,1,11
717,4,4,3,제일병원 1,0,1,11
727,2,3,4,제일병원 1,0,1,12
743,3,3,3,제일병원 1,0,1,12
762,5,1,4,제일병원 1,0,1,12
768,3,1,4,제일병원 1,0,1,12
778,3,0,4,제일병원 1,0,1,12
778,3,0,4,제일병원 1,0,1,12
785,3,0,4,제일병원 1,0,1,13
793,4,0,4,제일병원 1,0,1,13
796,4,0,4,제일병원 1,0,1,13
810,1,0,4,제일병원 1,0,1,13
826,4,0,4,제일병원 1,0,1,13
835,3,0,4,제일병원 1,0,1,13
855,3,0,4,제일병원 1,0,1,14
890,1,0,4,제일병원 1,0,1,14
896,4,0,3,제일병원 1,0,1,14
896,2,0,3,제일병원 1,0,1,14
901,3,0,2,제일병원 1,0,1,15
904,3,0,2,제일병원 1,0,1,15
911,3,0,2,제일병원 1,0,1,15
912,2,0,2,제일병원 1,0,1,15
928,3,0,1,제일병원 1,0,1,15
943,3,0,1,제일병원 1,0,1,15
954,4,0,1,제일병원 1,0,1,15
982,3,0,3,제일병원 1,0,1,16
986,5,0,3,제일병원 1,0,1,16
1007,4,0,3,제일병원 1,0,1,16
1017,3,0,3,제일병원 1,0,1,16
1050,2,0,4,제일병원 1,0,1,17
1058,3,0,4,제일병원 1,0,1,17
1080,3,0,4,제일병원 1,0,1,18
1085,3,0,4,제일병원 1,0,1,18
1088,3,0,4,제일병원 1,0,1,18
1094,4,0,4,제일병원 1,0,1,18
1098,3,0,4,제일병원 1,0,1,18
1102,3,0,4,제일병원 1,0,1,18
1152,3,0,4,제일병원 1,0,1,19
1154,4,0,4,제일병원 1,0,1,19
1169,4,0,4,제일병원 1,0,1,19
1177,5,0,4,제일병원 1,0,1,19
1184,3,0,4,제일병원 1,0,1,19
1197,1,0,4,제일병원 1,0,1,19
1201,3,0,3,제일병원 1,0,1,20
1212,5,0,4,제일병원 1,0,1,20
1266,3,0,4,제일병원 1,0,1,21
1270,4,0,4,제일병원 1,0,1,21
1322,3,0,4,제일병원 1,0,1,22
1333,3,0,5,제일병원 1,0,1,22
1341,5,0,5,제일병원 1,0,1,22
1376,4,0,5,제일병원 1,0,1,22
1385,1,0,5,제일병원 1,0,1,23
1395,3,0,4,제일병원 1,0,1,23
1397,3,0,4,제일병원 1,0,1,23
1401,3,0,4,제일병원 1,0,1,23
1407,3,0,4,제일병원 1,0,1,23
1423,4,0,4,제일병원 1,0,1,23
1426,3,0,4,제일병원 1,0,1,23
1440,5,0,4,제일병원 1,1,2,0
1516,3,0,5,제일병원 1,1,2,1
1548,3,0,5,제일병원 1,1,2,1
1623,4,0,5,제일병원 1,1,2,3
1644,4,0,5,제일병원 1,1,2,3
1910,3,0,5,제일병원 1,1,2,7
1975,2,0,5,제일병원 1,1,2,8
2098,5,0,5,제일병원 1,1,2,10
2103,3,0,5,제일병원 1,1,2,11
2116,3,0,5,제일병원 1,1,2,11
2126,3,0,5,제일병원 1,1,2,11
2151,3,0,5,제일병원 1,1,2,11
2245,5,0,5,제일병원 1,1,2,13
2260,3,0,5,제일병원 1,1,2,13
2264,5,0,5,제일병원 1,1,2,13
2286,3,0,5,제일병원 1,1,2,14
2322,3,0,5,제일병원 1,1,2,14
2354,3,0,5,제일병원 1,1,2,15
2357,2,0,5,제일병원 1,1,2,15
2361,3,0,4,제일병원 1,1,2,15
2374,3,0,4,제일병원 1,1,2,15
2376,5,0,4,제일병원 1,1,2,15
2381,3,0,4,제일병원 1,1,2,15
2398,2,0,4,제일병원 1,1,2,15
2400,3,0,3,제일병원 1,1,2,16
2412,3,0,3,제일병원 1,1,2,16
2413,4,0,3,제일병원 1,1,2,16
2434,3,0,3,제일병원 1,1,2,16
2438,3,0,3,제일병원 1,1,2,16
2439,4,0,3,제일병원 1,1,2,16
2453,5,0,3,제일병원 1,1,2,16
2457,3,0,3,제일병원 1,1,2,16
2463,3,0,3,제일병원 1,1,2,17
2487,3,0,3,제일병원 1,1,2,17
2568,5,0,5,제일병원 1,1,2,18
2570,3,0,5,제일병원 1,1,2,18
2581,3,0,5,제일병원 1,1,2,19
2625,3,0,5,제일병원 1,1,2,19
2680,4,0,5,제일병원 1,1,2,20
2682,2,0,5,제일병원 1,1,2,20
2693,3,0,4,제일병원 1,1,2,20
2698,3,0,4,제일병원 1,1,2,20
2707,3,0,4,제일병원 1,1,2,21
2713,4,0,4,제일병원 1,1,2,21
2745,3,0,4,제일병원 1,1,2,21
2749,4,0,4,제일병원 1,1,2,21
2753,4,0,4,제일병원 1,1,2,21
2760,4,0,4,제일병원 1,1,2,22
2780,3,0,4,제일병원 1,1,2,22
2799,3,0,4,제일병원 1,1,2,22
2800,3,0,4,제일병원 1,1,2,22
2828,3,0,4,제일병원 1,1,2,23
2846,4,0,4,제일병원 1,1,2,23
2857,4,0,5,제일병원 1,1,2,23
2890,3,0,5,제일병원 1,2,3,0
2901,2,0,5,제일병원 1,2,3,0
2947,2,0,4,제일병원 1,2,3,1
2995,4,0,4,제일병원 1,2,3,1
3097,4,0,4,제일병원 1,2,3,3
3107,4,1,4,제일병원 1,2,3,3
3265,5,6,5,제일병원 1,2,3,6
3303,4,7,5,제일병원 1,2,3,7
3330,4,7,5,제일병원 1,2,3,7
3339,3,7,5,제일병원 1,2,3,7
3401,4,7,5,제일병원 1,2,3,8
3474,4,9,5,제일병원 1,2,3,9
3478,3,9,5,제일병원 1,2,3,9
3498,1,8,5,제일병원 1,2,3,10
3498,4,8,4,제일병원 1,2,3,10
3519,3,8,4,제일병원 1,2,3,10
3520,3,7,4,제일병원 1,2,3,10
3532,3,6,4,제일병원 1,2,3,10
3551,3,5,4,제일병원 1,2,3,11
3567,4,4,4,제일병원 1,2,3,11
3576,3,4,4,제일병원 1,2,3,11
3648,5,3,5,제일병원 1,2,3,12
3657,4,3,5,제일병원 1,2,3,12
3665,2,3,5,제일병원 1,2,3,13
3704,2,4,4,제일병원 1,2,3,13
3720,3,4,3,제일병원 1,2,3,14
3735,1,5,3,제일병원 1,2,3,14
3758,2,6,2,제일병원 1,2,3,14
3774,3,6,1,제일병원 1,2,3,14
3797,2,5,2,제일병원 1,2,3,15
3832,3,4,2,제일병원 1,2,3,15
3838,3,3,2,제일병원 1,2,3,15
3839,3,2,2,제일병원 1,2,3,15
3880,5,0,4,제일병원 1,2,3,16
3885,5,0,4,제일병원 1,2,3,16
3894,3,0,4,제일병원 1,2,3,16
3907,3,0,4,제일병원 1,2,3,17
3920,3,0,4,제일병원 1,2,3,17
3923,3,0,5,제일병원 1,2,3,17
3940,3,0,5,제일병원 1,2,3,17
3965,4,0,5,제일병원 1,2,3,18
3994,3,0,5,제일병원 1,2,3,18
4000,3,0,5,제일병원 1,2,3,18
4018,2,0,5,제일병원 1,2,3,18
4022,2,0,4,제일병원 1,2,3,19
4048,3,0,3,제일병원 1,2,3,19
4057,5,0,3,제일병원 1,2,3,19
4060,4,0,3,제일병원 1,2,3,19
4061,3,0,3,제일병원 1,2,3,19
4077,3,0,3,제일병원 1,2,3,19
4088,3,0,4,제일병원 1,2,3,20
4097,4,0,4,제일병원 1,2,3,20
4130,3,0,4,제일병원 1,2,3,20
4151,3,0,4,제일병원 1,2,3,21
4184,4,0,4,제일병원 1,2,3,21
4232,4,0,5,제일병원 1,2,3,22
4235,3,0,5,제일병원 1,2,3,22
4242,1,0,5,제일병원 1,2,3,22
4263,3,0,4,제일병원 1,2,3,23
4267,1,0,4,제일병원 1,2,3,23
4318,3,0,3,제일병원 1,2,3,23
4332,3,0,3,제일병원 1,3,4,0
4371,3,0,3,제일병원 1,3,4,0
4515,3,0,5,제일병원 1,3,4,3
4643,3,0,5,제일병원 1,3,4,5
4825,4,0,5,제일병원 1,3,4,8
4897,4,0,5,제일병원 1,3,4,9
4946,3,0,5,제일병원 1,3,4,10
4947,3,0,5,제일병원 1,3,4,10
4953,3,0,5,제일병원 1,3,4,10
4968,3,0,5,제일병원 1,3,4,10
5063,4,0,5,제일병원 1,3,4,12
5067,3,0,5,제일병원 1,3,4,12
5099,3,0,5,제일병원 1,3,4,12
5125,5,0,5,제일병원 1,3,4,13
5128,3,0,5,제일병원 1,3,4,13
5132,4,0,5,제일병원 1,3,4,13
5141,2,0,5,제일병원 1,3,4,13
5156,3,0,4,제일병원 1,3,4,13
5189,5,0,4,제일병원 1,3,4,14
5191,5,0,4,제일병원 1,3,4,14
5216,3,0,5,제일병원 1,3,4,14
5226,4,0,5,제일병원 1,3,4,15
5236,3,0,5,제일병원 1,3,4,15
5238,4,0,5,제일병원 1,3,4,15
5246,3,0,5,제일병원 1,3,4,15
5288,3,0,5,제일병원 1,3,4,16
5327,2,0,5,제일병원 1,3,4,16
5338,3,0,4,제일병원 1,3,4,16
5382,5,0,4,제일병원 1,3,4,17
5405,3,0,4,제일병원 1,3,4,18
5441,3,0,4,제일병원 1,3,4,18
5654,4,4,5,제일병원 1,3,4,22
5663,3,4,5,제일병원 1,3,4,22
5722,3,4,5,제일병원 1,3,4,23
5726,3,3,5,제일병원 1,3,4,23
5727,4,2,5,제일병원 1,3,4,23
5729,5,2,5,제일병원 1,3,4,23
5754,3,5,5,제일병원 1,3,4,23
5769,4,4,5,제일병원 1,4,5,0
5850,4,5,5,제일병원 1,4,5,1
5871,4,6,5,제일병원 1,4,5,1
5899,4,6,5,제일병원 1,4,5,2
6061,4,10,5,제일병원 1,4,5,5
6082,4,10,5,제일병원 1,4,5,5
6371,4,13,5,제일병원 1,4,5,10
6372,2,13,5,제일병원 1,4,5,10
6395,3,13,4,제일병원 1,4,5,10
6404,3,12,4,제일병원 1,4,5,10
6431,3,11,4,제일병원 1,4,5,11
6462,4,10,4,제일병원 1,4,5,11
6498,3,9,5,제일병원 1,4,5,12
6515,5,8,5,제일병원 1,4,5,12
6541,3,8,5,제일병원 1,4,5,13
6580,3,7,5,제일병원 1,4,5,13
6609,3,6,5,제일병원 1,4,5,14
6620,3,6,5,제일병원 1,4,5,14
6637,3,5,5,제일병원 1,4,5,14
6642,3,4,5,제일병원 1,4,5,14
6663,4,3,5,제일병원 1,4,5,15
6757,4,4,5,제일병원 1,4,5,16
6782,2,5,5,제일병원 1,4,5,17
6790,4,5,4,제일병원 1,4,5,17
6805,3,5,4,제일병원 1,4,5,17
6806,5,4,4,제일병원 1,4,5,17
6870,3,6,5,제일병원 1,4,5,18
6909,2,6,5,제일병원 1,4,5,19
6918,2,6,4,제일병원 1,4,5,19
7003,4,7,4,제일병원 1,4,5,20
7025,4,7,4,제일병원 1,4,5,21
7056,5,7,4,제일병원 1,4,5,21
7076,3,8,4,제일병원 1,4,5,21
7157,4,7,5,제일병원 1,4,5,23
7181,3,7,5,제일병원 1,4,5,23
7204,2,7,5,제일병원 1,5,6,0
7220,3,7,4,제일병원 1,5,6,0
7273,3,7,4,제일병원 1,5,6,1
7285,3,7,4,제일병원 1,5,6,1
7288,3,6,4,제일병원 1,5,6,1
7366,2,4,5,제일병원 1,5,6,2
7479,5,7,4,제일병원 1,5,6,4
7514,4,6,5,제일병원 1,5,6,5
7602,3,8,5,제일병원 1,5,6,6
7607,5,7,5,제일병원 1,5,6,6
7609,3,7,5,제일병원 1,5,6,6
7648,3,6,5,제일병원 1,5,6,7
7681,4,5,5,제일병원 1,5,6,8
7688,4,6,5,제일병원 1,5,6,8
7708,3,6,5,제일병원 1,5,6,8
7731,5,5,5,제일병원 1,5,6,8
7799,4,5,5,제일병원 1,5,6,9
7804,3,5,5,제일병원 1,5,6,10
7822,5,4,5,제일병원 1,5,6,10
7831,3,4,5,제일병원 1,5,6,10
7855,3,3,5,제일병원 1,5,6,10
7856,3,2,5,제일병원 1,5,6,10
7875,3,1,5,제일병원 1,5,6,11
7877,3,0,5,제일병원 1,5,6,11
7901,3,0,5,제일병원 1,5,6,11
7929,3,0,5,제일병원 1,5,6,12
7940,3,0,5,제일병원 1,5,6,12
7943,3,0,5,제일병원 1,5,6,12
7971,3,0,5,제일병원 1,5,6,12
8036,3,0,5,제일병원 1,5,6,13
8066,2,0,5,제일병원 1,5,6,14
8070,3,0,4,제일병원 1,5,6,14
8079,3,0,4,제일병원 1,5,6,14
8083,5,0,4,제일병원 1,5,6,14
8094,4,0,4,제일병원 1,5,6,14
8123,3,0,4,제일병원 1,5,6,15
8130,3,0,4,제일병원 1,5,6,15
8201,3,0,4,제일병원 1,5,6,16
8207,4,0,4,제일병원 1,5,6,16
8210,3,0,4,제일병원 1,5,6,16
8306,3,0,5,제일병원 1,5,6,18
8348,3,0,5,제일병원 1,5,6,19
8356,4,0,5,제일병원 1,5,6,19
8434,3,3,5,제일병원 1,5,6,20
8448,3,2,5,제일병원 1,5,6,20
8519,5,3,5,제일병원 1,5,6,21
8534,3,3,5,제일병원 1,5,6,22
8536,4,2,5,제일병원 1,5,6,22
8660,3,5,5,제일병원 1,6,7,0
8664,5,5,5,제일병원 1,6,7,0
8672,3,6,5,제일병원 1,6,7,0
8680,3,5,5,제일병원 1,6,7,0
8683,5,4,5,제일병원 1,6,7,0
8732,3,6,5,제일병원 1,6,7,1
8744,4,7,5,제일병원 1,6,7,1
8752,3,7,5,제일병원 1,6,7,1
8765,3,6,5,제일병원 1,6,7,2
8813,3,6,5,제일병원 1,6,7,2
8835,3,5,5,제일병원 1,6,7,3
8924,4,5,5,제일병원 1,6,7,4
8937,3,6,5,제일병원 1,6,7,4
9011,3,6,5,제일병원 1,6,7,6
9050,3,6,5,제일병원 1,6,7,6
9103,3,7,5,제일병원 1,6,7,7
9169,3,8,5,제일병원 1,6,7,8
9181,3,7,5,제일병원 1,6,7,9
9204,3,7,5,제일병원 1,6,7,9
9212,4,6,5,제일병원 1,6,7,9
9246,3,6,5,제일병원 1,6,7,10
9299,3,7,5,제일병원 1,6,7,10
9302,3,6,5,제일병원 1,6,7,11
9321,5,5,5,제일병원 1,6,7,11
9329,3,5,5,제일병원 1,6,7,11
9329,4,4,5,제일병원 1,6,7,11
9354,3,4,5,제일병원 1,6,7,11
9375,3,3,5,제일병원 1,6,7,12
9382,4,2,5,제일병원 1,6,7,12
9388,4,2,5,제일병원 1,6,7,12
9389,3,2,5,제일병원 1,6,7,12
9405,4,3,5,제일병원 1,6,7,12
9495,5,6,5,제일병원 1,6,7,14
9501,2,6,5,제일병원 1,6,7,14
9524,2,6,4,제일병원 1,6,7,14
9565,5,7,3,제일병원 1,6,7,15
9575,3,8,3,제일병원 1,6,7,15
9579,4,7,3,제일병원 1,6,7,15
9586,5,7,4,제일병원 1,6,7,15
9598,3,7,4,제일병원 1,6,7,15
9604,4,6,4,제일병원 1,6,7,16
9619,3,7,4,제일병원 1,6,7,16
9694,3,6,5,제일병원 1,6,7,17
9696,5,5,5,제일병원 1,6,7,17
9711,3,6,5,제일병원 1,6,7,17
9718,5,5,5,제일병원 1,6,7,17
9738,3,5,5,제일병원 1,6,7,18
9773,3,4,5,제일병원 1,6,7,18
9782,4,3,5,제일병원 1,6,7,19
9799,4,3,5,제일병원 1,6,7,19
9830,3,6,5,제일병원 1,6,7,19
9856,3,5,5,제일병원 1,6,7,20
9862,2,4,5,제일병원 1,6,7,20
9872,4,4,4,제일병원 1,6,7,20
9879,3,4,4,제일병원 1,6,7,20
9901,5,3,4,제일병원 1,6,7,21
9910,3,3,4,제일병원 1,6,7,21
9912,5,2,4,제일병원 1,6,7,21
9916,3,2,4,제일병원 1,6,7,21
9925,3,1,4,제일병원 1,6,7,21
9947,3,0,4,제일병원 1,6,7,21
9956,3,0,4,제일병원 1,6,7,21
9993,4,0,4,제일병원 1,6,7,22
10004,4,0,4,제일병원 1,6,7,22
10006,3,0,4,제일병원 1,6,7,22
10019,3,0,5,제일병원 1,6,7,22
10061,3,0,5,제일병원 1,6,7,23
10104,5,0,5,제일병원 1,0,8,0
10196,3,0,5,제일병원 1,0,8,1
10225,4,0,5,제일병원 1,0,8,2
10244,3,2,5,제일병원 1,0,8,2
10265,3,2,5,제일병원 1,0,8,3
10327,3,1,5,제일병원 1,0,8,4
10500,4,4,5,제일병원 1,0,8,7
10524,3,5,5,제일병원 1,0,8,7
10535,2,7,5,제일병원 1,0,8,7
10578,3,9,4,제일병원 1,0,8,8
10596,3,8,4,제일병원 1,0,8,8
10631,5,7,4,제일병원 1,0,8,9
10693,4,8,5,제일병원 1,0,8,10
10703,1,8,5,제일병원 1,0,8,10
10739,3,8,4,제일병원 1,0,8,10
10767,2,7,4,제일병원 1,0,8,11
10770,4,7,3,제일병원 1,0,8,11
10771,4,7,3,제일병원 1,0,8,11
10785,3,8,3,제일병원 1,0,8,11
10795,3,6,4,제일병원 1,0,8,11
10814,4,5,4,제일병원 1,0,8,12
10819,4,5,4,제일병원 1,0,8,12
10833,3,5,4,제일병원 1,0,8,12
10834,4,4,4,제일병원 1,0,8,12
10849,2,5,4,제일병원 1,0,8,12
10868,2,6,3,제일병원 1,0,8,13
10878,5,6,2,제일병원 1,0,8,13
10890,3,6,2,제일병원 1,0,8,13
10905,5,4,3,제일병원 1,0,8,13
10908,5,4,3,제일병원 1,0,8,13
10916,3,4,3,제일병원 1,0,8,13
10951,3,4,3,제일병원 1,0,8,14
10977,2,3,3,제일병원 1,0,8,14
10990,4,2,3,제일병원 1,0,8,15
10990,3,2,3,제일병원 1,0,8,15
10993,4,1,3,제일병원 1,0,8,15
11006,3,0,4,제일병원 1,0,8,15
11037,2,0,4,제일병원 1,0,8,15
11037,3,0,3,제일병원 1,0,8,15
11048,4,0,3,제일병원 1,0,8,16
11049,5,0,3,제일병원 1,0,8,16
11054,4,0,3,제일병원 1,0,8,16
11087,3,0,3,제일병원 1,0,8,16
11107,4,0,3,제일병원 1,0,8,17
11111,3,0,3,제일병원 1,0,8,17
11120,3,0,3,제일병원 1,0,8,17
11136,3,0,3,제일병원 1,0,8,17
11140,1,0,3,제일병원 1,0,8,17
11172,2,0,3,제일병원 1,0,8,18
11180,3,0,3,제일병원 1,0,8,18
11185,3,0,3,제일병원 1,0,8,18
11185,5,0,3,제일병원 1,0,8,18
11205,2,0,3,제일병원 1,0,8,18
11224,3,0,2,제일병원 1,0,8,19
11227,3,0,2,제일병원 1,0,8,19
11252,4,0,3,제일병원 1,0,8,19
11268,3,0,3,제일병원 1,0,8,19
11272,3,0,3,제일병원 1,0,8,19
11281,5,0,4,제일병원 1,0,8,20
11283,3,0,4,제일병원 1,0,8,20
11290,3,0,4,제일병원 1,0,8,20
11291,3,0,4,제일병원 1,0,8,20
11305,4,0,4,제일병원 1,0,8,20
11309,3,0,4,제일병원 1,0,8,20
11310,2,0,4,제일병원 1,0,8,20
11314,4,0,3,제일병원 1,0,8,20
11322,3,0,3,제일병원 1,0,8,20
11359,3,0,4,제일병원 1,0,8,21
11370,4,0,4,제일병원 1,0,8,21
11375,4,0,4,제일병원 1,0,8,21
11384,3,0,4,제일병원 1,0,8,21
11390,3,0,4,제일병원 1,0,8,21
11399,3,0,4,제일병원 1,0,8,21
11421,2,0,5,제일병원 1,0,8,22
11498,5,0,4,제일병원 1,0,8,23
11508,3,0,4,제일병원 1,0,8,23
11518,3,0,4,제일병원 1,0,8,23
11543,4,0,4,제일병원 1,1,9,0
11559,3,0,4,제일병원 1,1,9,0
11565,3,0,4,제일병원 1,1,9,0
11583,2,0,4,제일병원 1,1,9,1
11679,3,0,4,제일병원 1,1,9,2
11703,3,0,4,제일병원 1,1,9,3
11746,3,0,5,제일병원 1,1,9,3
11760,5,0,5,제일병원 1,1,9,4
11766,3,0,5,제일병원 1,1,9,4
11794,4,0,5,제일병원 1,1,9,4
11811,3,0,5,제일병원 1,1,9,4
11925,3,0,5,제일병원 1,1,9,6
11948,2,0,5,제일병원 1,1,9,7
11988,3,0,4,제일병원 1,1,9,7
12081,3,0,4,제일병원 1,1,9,9
12088,4,0,5,제일병원 1,1,9,9
12090,3,0,5,제일병원 1,1,9,9
12104,3,0,5,제일병원 1,1,9,9
12118,3,0,5,제일병원 1,1,9,9
12124,3,0,5,제일병원 1,1,9,10
12127,3,0,5,제일병원 1,1,9,10
12173,3,0,5,제일병원 1,1,9,10
12195,3,0,5,제일병원 1,1,9,11
12203,3,0,5,제일병원 1,1,9,11
12218,4,0,5,제일병원 1,1,9,11
12218,4,0,5,제일병원 1,1,9,11
12257,4,0,5,제일병원 1,1,9,12
12273,4,0,5,제일병원 1,1,9,12
12276,3,0,5,제일병원 1,1,9,12
12281,3,0,5,제일병원 1,1,9,12
12305,3,0,5,제일병원 1,1,9,13
12320,3,0,5,제일병원 1,1,9,13
12378,4,0,5,제일병원 1,1,9,14
12397,4,0,5,제일병원 1,1,9,14
12421,4,0,5,제일병원 1,1,9,15
12427,3,0,5,제일병원 1,1,9,15
12441,4,0,5,제일병원 1,1,9,15
12476,3,0,5,제일병원 1,1,9,15
12481,4,0,5,제일병원 1,1,9,16
12497,4,0,5,제일병원 1,1,9,16
12498,2,0,5,제일병원 1,1,9,16
12500,3,0,4,제일병원 1,1,9,16
12573,3,0,4,제일병원 1,1,9,17
12575,4,0,4,제일병원 1,1,9,17
12605,4,0,5,제일병원 1,1,9,18
12663,3,0,5,제일병원 1,1,9,19
12667,3,0,5,제일병원 1,1,9,19
12731,4,0,5,제일병원 1,1,9,20
12753,3,0,5,제일병원 1,1,9,20
12761,3,0,5,제일병원 1,1,9,20
12776,4,0,5,제일병원 1,1,9,20
12776,5,0,5,제일병원 1,1,9,20
12790,3,0,5,제일병원 1,1,9,21
12827,3,0,5,제일병원 1,1,9,21
12848,3,0,5,제일병원 1,1,9,22
12867,3,0,5,제일병원 1,1,9,22
12880,3,0,5,제일병원 1,1,9,22
12900,4,0,5,제일병원 1,1,9,23
12904,3,0,5,제일병원 1,1,9,23
12907,4,0,5,제일병원 1,1,9,23
12914,5,0,5,제일병원 1,1,9,23
12923,3,0,5,제일병원 1,1,9,23
12938,3,0,5,제일병원 1,1,9,23
12948,3,0,5,제일병원 1,1,9,23
12956,3,0,5,제일병원 1,1,9,23
12968,3,0,5,제일병원 1,2,10,0
13073,3,0,5,제일병원 1,2,10,1
13139,3,0,5,제일병원 1,2,10,2
13145,3,0,5,제일병원 1,2,10,3
13164,3,0,5,제일병원 1,2,10,3
13263,3,0,5,제일병원 1,2,10,5
13310,4,0,5,제일병원 1,2,10,5
13385,3,0,5,제일병원 1,2,10,7
13503,3,0,5,제일병원 1,2,10,9
13511,3,0,5,제일병원 1,2,10,9
13526,3,0,5,제일병원 1,2,10,9
13572,4,0,5,제일병원 1,2,10,10
13572,3,0,5,제일병원 1,2,10,10
13584,5,0,5,제일병원 1,2,10,10
13606,5,0,5,제일병원 1,2,10,10
13608,4,0,5,제일병원 1,2,10,10
13611,3,0,5,제일병원 1,2,10,10
13620,1,0,5,제일병원 1,2,10,11
13629,2,0,4,제일병원 1,2,10,11
13705,3,0,3,제일병원 1,2,10,12
13706,4,0,3,제일병원 1,2,10,12
13716,4,0,4,제일병원 1,2,10,12
13750,4,0,5,제일병원 1,2,10,13
13757,4,0,5,제일병원 1,2,10,13
13790,2,0,5,제일병원 1,2,10,13
13806,4,0,4,제일병원 1,2,10,14
13814,4,0,4,제일병원 1,2,10,14
13843,3,0,4,제일병원 1,2,10,14
13868,3,0,4,제일병원 1,2,10,15
13869,4,0,4,제일병원 1,2,10,15
13896,3,0,5,제일병원 1,2,10,15
13913,2,0,5,제일병원 1,2,10,15
13943,5,0,4,제일병원 1,2,10,16
13953,3,0,4,제일병원 1,2,10,16
13953,5,0,4,제일병원 1,2,10,16
13983,3,0,4,제일병원 1,2,10,17
14007,3,0,4,제일병원 1,2,10,17
14070,2,0,5,제일병원 1,2,10,18
14071,3,0,4,제일병원 1,2,10,18
14082,3,0,4,제일병원 1,2,10,18
14107,4,0,4,제일병원 1,2,10,19
14112,4,0,4,제일병원 1,2,10,19
14112,4,0,4,제일병원 1,2,10,19
14184,5,0,5,제일병원 1,2,10,20
14249,3,0,5,제일병원 1,2,10,21
14252,3,0,5,제일병원 1,2,10,21
14262,3,0,5,제일병원 1,2,10,21
14264,3,0,5,제일병원 1,2,10,21
14300,4,0,5,제일병원 1,2,10,22
14301,3,0,5,제일병원 1,2,10,22
14341,3,0,5,제일병원 1,2,10,23
14343,4,0,5,제일병원 1,2,10,23
14351,2,0,5,제일병원 1,2,10,23
14448,4,0,4,제일병원 1,3,11,0
14452,3,0,4,제일병원 1,3,11,0
14492,2,0,4,제일병원 1,3,11,1
14605,3,4,4,제일병원 1,3,11,3
14674,3,4,5,제일병원 1,3,11,4
14676,3,3,5,제일병원 1,3,11,4
14753,3,3,5,제일병원 1,3,11,5
14846,3,4,5,제일병원 1,3,11,7
14916,4,4,5,제일병원 1,3,11,8
14929,1,5,5,제일병원 1,3,11,8
14950,4,6,4,제일병원 1,3,11,9
14960,4,6,4,제일병원 1,3,11,9
14988,4,7,4,제일병원 1,3,11,9
15028,3,7,5,제일병원 1,3,11,10
15036,5,7,5,제일병원 1,3,11,10
15060,4,8,5,제일병원 1,3,11,11
15063,3,8,5,제일병원 1,3,11,11
15076,3,7,5,제일병원 1,3,11,11
15132,4,6,5,제일병원 1,3,11,12
15216,2,7,5,제일병원 1,3,11,13
15268,4,7,4,제일병원 1,3,11,14
15282,5,7,4,제일병원 1,3,11,14
15317,4,7,4,제일병원 1,3,11,15
15372,2,6,5,제일병원 1,3,11,16
15412,3,8,4,제일병원 1,3,11,16
15447,1,7,5,제일병원 1,3,11,17
15455,2,7,4,제일병원 1,3,11,17
15465,5,7,3,제일병원 1,3,11,17
15506,3,7,3,제일병원 1,3,11,18
15587,2,5,5,제일병원 1,3,11,19
15590,3,5,4,제일병원 1,3,11,19
15606,5,4,4,제일병원 1,3,11,20
15619,3,4,4,제일병원 1,3,11,20
15652,5,3,4,제일병원 1,3,11,20
15664,4,3,4,제일병원 1,3,11,21
15686,4,3,4,제일병원 1,3,11,21
15688,4,3,4,제일병원 1,3,11,21
15702,3,4,4,제일병원 1,3,11,21
15741,3,2,5,제일병원 1,3,11,22
15820,2,3,5,제일병원 1,3,11,23
15825,3,3,4,제일병원 1,3,11,23
15883,4,4,4,제일병원 1,4,12,0
15884,4,4,4,제일병원 1,4,12,0
16000,3,5,5,제일병원 1,4,12,2
16023,4,4,5,제일병원 1,4,12,3
16056,3,5,5,제일병원 1,4,12,3
16082,1,4,5,제일병원 1,4,12,4
16143,4,6,4,제일병원 1,4,12,5
16173,4,6,4,제일병원 1,4,12,5
16277,4,5,5,제일병원 1,4,12,7
16294,3,5,5,제일병원 1,4,12,7
16397,3,4,5,제일병원 1,4,12,9
16444,3,4,5,제일병원 1,4,12,10
16445,4,3,5,제일병원 1,4,12,10
16461,4,3,5,제일병원 1,4,12,10
16491,4,4,5,제일병원 1,4,12,10
16499,3,5,5,제일병원 1,4,12,10
16540,3,5,5,제일병원 1,4,12,11
16591,3,4,5,제일병원 1,4,12,12
16595,2,4,5,제일병원 1,4,12,12
16601,4,4,4,제일병원 1,4,12,12
16610,2,4,4,제일병원 1,4,12,12
16622,4,4,3,제일병원 1,4,12,13
16642,2,5,3,제일병원 1,4,12,13
16716,4,5,4,제일병원 1,4,12,14
16771,3,5,5,제일병원 1,4,12,15
16788,1,4,5,제일병원 1,4,12,15
16795,3,5,4,제일병원 1,4,12,15
16804,3,4,4,제일병원 1,4,12,16
16812,3,3,4,제일병원 1,4,12,16
16863,3,3,4,제일병원 1,4,12,17
16868,4,2,4,제일병원 1,4,12,17
16897,3,1,5,제일병원 1,4,12,17
16905,4,0,5,제일병원 1,4,12,17
16912,2,0,5,제일병원 1,4,12,17
16982,3,1,4,제일병원 1,4,12,19
16998,2,0,4,제일병원 1,4,12,19
17007,4,0,3,제일병원 1,4,12,19
17009,3,0,3,제일병원 1,4,12,19
17046,3,0,4,제일병원 1,4,12,20
17068,2,0,4,제일병원 1,4,12,20
17097,4,0,3,제일병원 1,4,12,20
17102,5,0,3,제일병원 1,4,12,21
17114,3,1,3,제일병원 1,4,12,21
17146,3,0,4,제일병원 1,4,12,21
17150,2,0,4,제일병원 1,4,12,21
17239,2,0,4,제일병원 1,4,12,23
17244,4,0,3,제일병원 1,4,12,23
17292,5,1,3,제일병원 1,5,13,0
17294,4,1,3,제일병원 1,5,13,0
17328,4,0,5,제일병원 1,5,13,0
17397,4,0,5,제일병원 1,5,13,1
17414,3,0,5,제일병원 1,5,13,2
17441,4,1,5,제일병원 1,5,13,2
17504,1,1,5,제일병원 1,5,13,3
17591,4,3,4,제일병원 1,5,13,5
17725,3,5,5,제일병원 1,5,13,7
17733,4,4,5,제일병원 1,5,13,7
17766,4,5,5,제일병원 1,5,13,8
17770,4,5,5,제일병원 1,5,13,8
17820,2,6,5,제일병원 1,5,13,9
17832,4,6,4,제일병원 1,5,13,9
17851,3,7,4,제일병원 1,5,13,9
17851,4,6,4,제일병원 1,5,13,9
17857,2,6,4,제일병원 1,5,13,9
17860,3,6,3,제일병원 1,5,13,9
17890,3,5,3,제일병원 1,5,13,10
17897,3,4,3,제일병원 1,5,13,10
17897,3,3,3,제일병원 1,5,13,10
17920,2,1,4,제일병원 1,5,13,10
17947,4,1,3,제일병원 1,5,13,11
17958,5,2,3,제일병원 1,5,13,11
17970,3,1,4,제일병원 1,5,13,11
17978,4,0,4,제일병원 1,5,13,11
17979,4,0,4,제일병원 1,5,13,11
17985,4,0,5,제일병원 1,5,13,11
18003,4,0,5,제일병원 1,5,13,12
18004,4,0,5,제일병원 1,5,13,12
18043,2,1,5,제일병원 1,5,13,12
18045,3,1,4,제일병원 1,5,13,12
18053,3,1,4,제일병원 1,5,13,12
18160,3,3,4,제일병원 1,5,13,14
18181,2,2,4,제일병원 1,5,13,15
18186,3,2,3,제일병원 1,5,13,15
18202,4,1,3,제일병원 1,5,13,15
18206,3,0,4,제일병원 1,5,13,15
18243,3,0,4,제일병원 1,5,13,16
18250,4,0,4,제일병원 1,5,13,16
18263,5,0,4,제일병원 1,5,13,16
18272,4,0,4,제일병원 1,5,13,16
18290,3,1,4,제일병원 1,5,13,16
18306,4,0,4,제일병원 1,5,13,17
18308,3,0,4,제일병원 1,5,13,17
18383,3,2,5,제일병원 1,5,13,18
18405,3,1,5,제일병원 1,5,13,18
18440,4,1,5,제일병원 1,5,13,19
18455,3,2,5,제일병원 1,5,13,19
18459,5,1,5,제일병원 1,5,13,19
18487,4,2,5,제일병원 1,5,13,20
18502,3,3,5,제일병원 1,5,13,20
18557,4,2,5,제일병원 1,5,13,21
18561,3,2,5,제일병원 1,5,13,21
18577,3,1,5,제일병원 1,5,13,21
18578,2,0,5,제일병원 1,5,13,21
18615,2,2,4,제일병원 1,5,13,22
18629,4,2,3,제일병원 1,5,13,22
18639,3,2,3,제일병원 1,5,13,22
18678,4,3,3,제일병원 1,5,13,23
18683,4,3,3,제일병원 1,5,13,23
18701,2,3,4,제일병원 1,5,13,23
18707,3,2,4,제일병원 1,5,13,23
18714,3,1,4,제일병원 1,5,13,23
18716,1,0,4,제일병원 1,5,13,23
18735,3,0,3,제일병원 1,6,14,0
18735,2,0,3,제일병원 1,6,14,0
18756,2,0,2,제일병원 1,6,14,0
18758,3,0,1,제일병원 1,6,14,0
18786,4,0,1,제일병원 1,6,14,1
18788,3,0,1,제일병원 1,6,14,1
18790,5,0,1,제일병원 1,6,14,1
18791,4,0,1,제일병원 1,6,14,1
18814,3,0,2,제일병원 1,6,14,1
18843,3,0,4,제일병원 1,6,14,2
18849,4,0,4,제일병원 1,6,14,2
18859,5,0,4,제일병원 1,6,14,2
18967,3,0,5,제일병원 1,6,14,4
19016,3,0,5,제일병원 1,6,14,4
19018,3,0,5,제일병원 1,6,14,4
19031,4,0,5,제일병원 1,6,14,5
19080,3,0,5,제일병원 1,6,14,6
19200,3,1,5,제일병원 1,6,14,8
19210,4,0,5,제일병원 1,6,14,8
19232,3,0,5,제일병원 1,6,14,8
19253,3,0,5,제일병원 1,6,14,8
19259,2,0,5,제일병원 1,6,14,8
19263,5,0,4,제일병원 1,6,14,9
19263,3,0,4,제일병원 1,6,14,9
19281,3,0,4,제일병원 1,6,14,9
19282,4,0,4,제일병원 1,6,14,9
19283,3,0,4,제일병원 1,6,14,9
19320,3,0,4,제일병원 1,6,14,10
19326,3,0,4,제일병원 1,6,14,10
19378,3,0,4,제일병원 1,6,14,10
19390,3,0,4,제일병원 1,6,14,11
19399,2,0,4,제일병원 1,6,14,11
19404,3,0,3,제일병원 1,6,14,11
19408,3,0,3,제일병원 1,6,14,11
19422,4,0,4,제일병원 1,6,14,11
19548,3,0,5,제일병원 1,6,14,13
19552,3,0,5,제일병원 1,6,14,13
19559,3,0,5,제일병원 1,6,14,13
19581,3,0,5,제일병원 1,6,14,14
19604,4,0,5,제일병원 1,6,14,14
19606,4,0,5,제일병원 1,6,14,14
19626,4,0,5,제일병원 1,6,14,15
19630,3,0,5,제일병원 1,6,14,15
19631,3,0,5,제일병원 1,6,14,15
19635,2,0,5,제일병원 1,6,14,15
19666,2,0,4,제일병원 1,6,14,15
19695,3,0,3,제일병원 1,6,14,16
19714,2,0,4,제일병원 1,6,14,16
19728,3,0,3,제일병원 1,6,14,16
19735,3,0,3,제일병원 1,6,14,16
19739,3,0,3,제일병원 1,6,14,16
19747,4,0,3,제일병원 1,6,14,17
19779,3,0,3,제일병원 1,6,14,17
19802,3,0,3,제일병원 1,6,14,18
19824,3,0,4,제일병원 1,6,14,18
19826,2,0,4,제일병원 1,6,14,18
19829,4,0,3,제일병원 1,6,14,18
19844,4,0,3,제일병원 1,6,14,18
19859,5,0,4,제일병원 1,6,14,18
19872,4,0,4,제일병원 1,6,14,19
19876,4,0,4,제일병원 1,6,14,19
19885,2,0,4,제일병원 1,6,14,19
19906,4,0,4,제일병원 1,6,14,19
19907,3,0,4,제일병원 1,6,14,19
19909,3,0,4,제일병원 1,6,14,19
19913,4,0,4,제일병원 1,6,14,19
19919,4,0,4,제일병원 1,6,14,19
19919,4,0,4,제일병원 1,6,14,19
19921,3,0,4,제일병원 1,6,14,20
19926,2,0,4,제일병원 1,6,14,20
19930,3,0,3,제일병원 1,6,14,20
19943,4,0,3,제일병원 1,6,14,20
19949,4,0,3,제일병원 1,6,14,20
19955,4,0,3,제일병원 1,6,14,20
19981,3,0,3,제일병원 1,6,14,21
20001,4,0,3,제일병원 1,6,14,21
20036,2,0,3,제일병원 1,6,14,21
20040,3,0,2,제일병원 1,6,14,22
20046,3,0,2,제일병원 1,6,14,22
20062,3,0,3,제일병원 1,6,14,22
20073,3,0,4,제일병원 1,6,14,22
20074,3,0,4,제일병원 1,6,14,22
20095,4,0,4,제일병원 1,6,14,22
20118,4,0,4,제일병원 1,6,14,23
20131,3,0,5,제일병원 1,6,14,23
20145,4,0,5,제일병원 1,6,14,23
20176,3,0,5,제일병원 1,0,15,0
20203,2,0,5,제일병원 1,0,15,0
20209,3,0,4,제일병원 1,0,15,0
20242,5,0,4,제일병원 1,0,15,1
20257,5,0,4,제일병원 1,0,15,1
20291,3,0,4,제일병원 1,0,15,2
20304,3,0,4,제일병원 1,0,15,2
20337,3,0,5,제일병원 1,0,15,2
20361,2,0,5,제일병원 1,0,15,3
20410,4,0,4,제일병원 1,0,15,4
20415,3,0,4,제일병원 1,0,15,4
20481,4,0,5,제일병원 1,0,15,5
20564,3,0,5,제일병원 1,0,15,6
20572,2,0,5,제일병원 1,0,15,6
20592,3,0,4,제일병원 1,0,15,7
20633,4,0,4,제일병원 1,0,15,7
20662,3,0,4,제일병원 1,0,15,8
20673,3,0,4,제일병원 1,0,15,8
20735,4,0,5,제일병원 1,0,15,9
20758,3,0,5,제일병원 1,0,15,9
20809,3,0,5,제일병원 1,0,15,10
20844,4,0,5,제일병원 1,0,15,11
20862,5,0,5,제일병원 1,0,15,11
20880,3,0,5,제일병원 1,0,15,12
20890,3,0,5,제일병원 1,0,15,12
20898,3,0,5,제일병원 1,0,15,12
20902,3,0,5,제일병원 1,0,15,12
20910,3,0,5,제일병원 1,0,15,12
20923,3,0,5,제일병원 1,0,15,12
20932,3,0,5,제일병원 1,0,15,12
20937,3,0,5,제일병원 1,0,15,12
20937,3,0,5,제일병원 1,0,15,12
20955,4,0,5,제일병원 1,0,15,13
21003,4,0,5,제일병원 1,0,15,14
21011,4,0,5,제일병원 1,0,15,14
21012,4,0,5,제일병원 1,0,15,14
21020,3,0,5,제일병원 1,0,15,14
21070,3,0,5,제일병원 1,0,15,15
21078,5,0,5,제일병원 1,0,15,15
21078,3,0,5,제일병원 1,0,15,15
21080,3,0,5,제일병원 1,0,15,15
21093,3,0,5,제일병원 1,0,15,15
21096,3,0,5,제일병원 1,0,15,15
21103,2,0,5,제일병원 1,0,15,15
21115,3,0,4,제일병원 1,0,15,15
21153,2,0,4,제일병원 1,0,15,16
21182,4,0,3,제일병원 1,0,15,17
21183,5,0,3,제일병원 1,0,15,17
21190,3,0,3,제일병원 1,0,15,17
21207,4,0,4,제일병원 1,0,15,17
21208,3,0,4,제일병원 1,0,15,17
21218,3,0,4,제일병원 1,0,15,17
21227,4,0,4,제일병원 1,0,15,17
21243,4,0,5,제일병원 1,0,15,18
21248,2,0,5,제일병원 1,0,15,18
21261,3,0,4,제일병원 1,0,15,18
21267,3,0,4,제일병원 1,0,15,18
21269,3,0,4,제일병원 1,0,15,18
21275,3,0,4,제일병원 1,0,15,18
21278,3,0,4,제일병원 1,0,15,18
21280,3,0,4,제일병원 1,0,15,18
21297,2,0,4,제일병원 1,0,15,18
21302,3,0,3,제일병원 1,0,15,19
21308,3,0,3,제일병원 1,0,15,19
21320,3,0,3,제일병원 1,0,15,19
21330,5,0,3,제일병원 1,0,15,19
21343,3,0,4,제일병원 1,0,15,19
21349,3,0,4,제일병원 1,0,15,19
21351,4,0,4,제일병원 1,0,15,19
21371,5,0,4,제일병원 1,0,15,20
21373,3,0,4,제일병원 1,0,15,20
21378,3,0,4,제일병원 1,0,15,20
21406,3,0,5,제일병원 1,0,15,20
21410,3,0,5,제일병원 1,0,15,20
21417,3,0,5,제일병원 1,0,15,20
21418,3,0,5,제일병원 1,0,15,20
21453,4,0,5,제일병원 1,0,15,21
21509,2,0,5,제일병원 1,0,15,22
21510,3,0,4,제일병원 1,0,15,22
21528,2,0,4,제일병원 1,0,15,22
21543,4,0,3,제일병원 1,0,15,23
21562,4,0,3,제일병원 1,0,15,23
21566,3,0,3,제일병원 1,0,15,23
21566,3,0,3,제일병원 1,0,15,23
21599,3,0,3,제일병원 1,0,15,23
21623,4,0,3,제일병원 1,1,16,0
21630,4,0,3,제일병원 1,1,16,0
21659,2,0,3,제일병원 1,1,16,0
21762,3,0,4,제일병원 1,1,16,2
21774,5,0,4,제일병원 1,1,16,2
21790,2,0,5,제일병원 1,1,16,3
21852,4,0,4,제일병원 1,1,16,4
21873,4,0,4,제일병원 1,1,16,4
21948,3,0,5,제일병원 1,1,16,5
22015,3,0,5,제일병원 1,1,16,6
22055,5,0,5,제일병원 1,1,16,7
22093,3,0,5,제일병원 1,1,16,8
22111,4,0,5,제일병원 1,1,16,8
22166,3,0,5,제일병원 1,1,16,9
22181,3,0,5,제일병원 1,1,16,9
22216,3,0,5,제일병원 1,1,16,10
22219,4,0,5,제일병원 1,1,16,10
22238,3,0,5,제일병원 1,1,16,10
22253,2,0,5,제일병원 1,1,16,10
22259,3,0,4,제일병원 1,1,16,10
22330,4,0,4,제일병원 1,1,16,12
22372,3,0,5,제일병원 1,1,16,12
22374,4,0,5,제일병원 1,1,16,12
22377,3,0,5,제일병원 1,1,16,12
22377,4,0,5,제일병원 1,1,16,12
22421,3,0,5,제일병원 1,1,16,13
22441,4,0,5,제일병원 1,1,16,14
22469,3,0,5,제일병원 1,1,16,14
22498,5,0,5,제일병원 1,1,16,14
22524,4,0,5,제일병원 1,1,16,15
22539,1,0,5,제일병원 1,1,16,15
22560,2,0,4,제일병원 1,1,16,16
22572,5,0,3,제일병원 1,1,16,16
22596,3,0,3,제일병원 1,1,16,16
22597,5,0,3,제일병원 1,1,16,16
22606,3,0,3,제일병원 1,1,16,16
22631,4,0,4,제일병원 1,1,16,17
22677,4,0,4,제일병원 1,1,16,17
22689,3,0,4,제일병원 1,1,16,18
22702,4,0,5,제일병원 1,1,16,18
22705,4,0,5,제일병원 1,1,16,18
22710,3,0,5,제일병원 1,1,16,18
22714,4,0,5,제일병원 1,1,16,18
22724,3,0,5,제일병원 1,1,16,18
22734,3,0,5,제일병원 1,1,16,18
22747,4,0,5,제일병원 1,1,16,19
22756,1,0,5,제일병원 1,1,16,19
22789,4,0,4,제일병원 1,1,16,19
22793,3,0,4,제일병원 1,1,16,19
22802,4,0,4,제일병원 1,1,16,20
22802,5,0,4,제일병원 1,1,16,20
22852,2,0,4,제일병원 1,1,16,20
22867,3,0,3,제일병원 1,1,16,21
22891,4,0,4,제일병원 1,1,16,21
22917,3,0,4,제일병원 1,1,16,21
22944,4,0,4,제일병원 1,1,16,22
22967,4,0,5,제일병원 1,1,16,22
22984,4,0,5,제일병원 1,1,16,23
23008,2,0,5,제일병원 1,1,16,23
23020,5,0,4,제일병원 1,1,16,23
23056,4,0,4,제일병원 1,2,17,0
23107,3,0,4,제일병원 1,2,17,1
23108,3,0,4,제일병원 1,2,17,1
23118,4,0,4,제일병원 1,2,17,1
23151,2,0,5,제일병원 1,2,17,1
23185,3,0,4,제일병원 1,2,17,2
23223,3,0,4,제일병원 1,2,17,3
23226,2,0,4,제일병원 1,2,17,3
23247,3,0,3,제일병원 1,2,17,3
23247,4,0,3,제일병원 1,2,17,3
23361,4,0,4,제일병원 1,2,17,5
23370,3,0,4,제일병원 1,2,17,5
23393,4,0,4,제일병원 1,2,17,5
23467,4,0,5,제일병원 1,2,17,7
23489,3,0,5,제일병원 1,2,17,7
23492,3,0,5,제일병원 1,2,17,7
23530,3,0,5,제일병원 1,2,17,8
23627,3,0,5,제일병원 1,2,17,9
23660,1,0,5,제일병원 1,2,17,10
23714,4,0,4,제일병원 1,2,17,11
23751,4,0,4,제일병원 1,2,17,11
23782,4,0,4,제일병원 1,2,17,12
23815,3,0,4,제일병원 1,2,17,12
23836,2,0,5,제일병원 1,2,17,13
23845,4,0,4,제일병원 1,2,17,13
23845,3,0,4,제일병원 1,2,17,13
23875,3,0,4,제일병원 1,2,17,13
23877,3,0,4,제일병원 1,2,17,13
23881,3,0,4,제일병원 1,2,17,14
23903,3,0,4,제일병원 1,2,17,14
23945,3,0,5,제일병원 1,2,17,15
23961,3,0,5,제일병원 1,2,17,15
23961,4,0,5,제일병원 1,2,17,15
24001,5,0,5,제일병원 1,2,17,16
24008,3,0,5,제일병원 1,2,17,16
24010,3,0,5,제일병원 1,2,17,16
24024,4,0,5,제일병원 1,2,17,16
24029,4,0,5,제일병원 1,2,17,16
24066,4,0,5,제일병원 1,2,17,17
24108,4,0,5,제일병원 1,2,17,17
24198,4,0,5,제일병원 1,2,17,19
24203,2,0,5,제일병원 1,2,17,19
24227,3,0,4,제일병원 1,2,17,19
24247,4,0,4,제일병원 1,2,17,20
24249,4,0,4,제일병원 1,2,17,20
24251,3,0,4,제일병원 1,2,17,20
24268,5,0,4,제일병원 1,2,17,20
24281,4,0,4,제일병원 1,2,17,20
24283,3,0,4,제일병원 1,2,17,20
24299,4,0,4,제일병원 1,2,17,20
24301,3,0,4,제일병원 1,2,17,21
24315,4,0,4,제일병원 1,2,17,21
24357,4,0,5,제일병원 1,2,17,21
24358,4,0,5,제일병원 1,2,17,21
24364,3,0,5,제일병원 1,2,17,22
24392,1,0,5,제일병원 1,2,17,22
24394,4,0,4,제일병원 1,2,17,22
24399,3,0,4,제일병원 1,2,17,22
24404,3,0,4,제일병원 1,2,17,22
24405,1,0,4,제일병원 1,2,17,22
24460,3,0,3,제일병원 1,2,17,23
24503,3,0,4,제일병원 1,3,18,0
24533,4,0,5,제일병원 1,3,18,0
24696,3,0,5,제일병원 1,3,18,3
24759,4,0,5,제일병원 1,3,18,4
25180,3,8,5,제일병원 1,3,18,11
25187,3,8,5,제일병원 1,3,18,11
25196,4,7,5,제일병원 1,3,18,11
25197,4,7,5,제일병원 1,3,18,11
25211,4,7,5,제일병원 1,3,18,12
25238,1,7,5,제일병원 1,3,18,12
25261,4,7,4,제일병원 1,3,18,13
25310,3,7,4,제일병원 1,3,18,13
25338,3,7,4,제일병원 1,3,18,14
25343,3,6,4,제일병원 1,3,18,14
25369,2,6,4,제일병원 1,3,18,14
25375,4,5,4,제일병원 1,3,18,14
25390,2,5,4,제일병원 1,3,18,15
25495,5,4,4,제일병원 1,3,18,16
25550,3,4,5,제일병원 1,3,18,17
25559,3,3,5,제일병원 1,3,18,17
25568,4,2,5,제일병원 1,3,18,18
25585,3,2,5,제일병원 1,3,18,18
25617,3,2,5,제일병원 1,3,18,18
25628,3,1,5,제일병원 1,3,18,19
25654,3,0,5,제일병원 1,3,18,19
25669,4,0,5,제일병원 1,3,18,19
25679,2,0,5,제일병원 1,3,18,19
25704,3,0,4,제일병원 1,3,18,20
25706,3,0,4,제일병원 1,3,18,20
25786,4,0,5,제일병원 1,3,18,21
25834,4,0,5,제일병원 1,3,18,22
25837,4,0,5,제일병원 1,3,18,22
25854,4,0,5,제일병원 1,3,18,22
25865,3,0,5,제일병원 1,3,18,23
25872,5,0,5,제일병원 1,3,18,23
25889,3,0,5,제일병원 1,3,18,23
25912,5,0,5,제일병원 1,3,18,23
25939,3,0,5,제일병원 1,4,19,0
25945,5,0,5,제일병원 1,4,19,0
25973,3,0,5,제일병원 1,4,19,0
26050,3,2,5,제일병원 1,4,19,2
26071,3,2,5,제일병원 1,4,19,2
26113,4,1,5,제일병원 1,4,19,3
26145,4,3,5,제일병원 1,4,19,3
26330,4,8,5,제일병원 1,4,19,6
26365,4,9,5,제일병원 1,4,19,7
26420,3,11,5,제일병원 1,4,19,8
26497,2,10,5,제일병원 1,4,19,9
26503,3,10,4,제일병원 1,4,19,9
26510,4,9,4,제일병원 1,4,19,9
26513,4,9,4,제일병원 1,4,19,9
26522,3,9,4,제일병원 1,4,19,10
26626,3,9,5,제일병원 1,4,19,11
26653,3,8,5,제일병원 1,4,19,12
26661,4,7,5,제일병원 1,4,19,12
26678,3,7,5,제일병원 1,4,19,12
26679,4,6,5,제일병원 1,4,19,12
26718,3,6,5,제일병원 1,4,19,13
26804,4,5,5,제일병원 1,4,19,14
26808,4,5,5,제일병원 1,4,19,14
26834,3,5,5,제일병원 1,4,19,15
26853,2,4,5,제일병원 1,4,19,15
26863,3,4,4,제일병원 1,4,19,15
26902,3,6,4,제일병원 1,4,19,16
26903,3,5,4,제일병원 1,4,19,16
26946,2,3,5,제일병원 1,4,19,17
26994,2,5,4,제일병원 1,4,19,17
27004,3,5,3,제일병원 1,4,19,18
27006,2,4,3,제일병원 1,4,19,18
27081,4,3,4,제일병원 1,4,19,19
27098,5,4,4,제일병원 1,4,19,19
27148,3,4,5,제일병원 1,4,19,20
27167,3,3,5,제일병원 1,4,19,20
27168,4,2,5,제일병원 1,4,19,20
27230,4,4,5,제일병원 1,4,19,21
27233,3,4,5,제일병원 1,4,19,21
27238,3,3,5,제일병원 1,4,19,21
27264,4,3,5,제일병원 1,4,19,22
27285,4,3,5,제일병원 1,4,19,22
27286,3,4,5,제일병원 1,4,19,22
27450,5,6,5,제일병원 1,5,20,1
27477,4,6,5,제일병원 1,5,20,1
27512,4,7,5,제일병원 1,5,20,2
27518,4,7,5,제일병원 1,5,20,2
27561,3,8,5,제일병원 1,5,20,3
27679,4,9,5,제일병원 1,5,20,5
27681,2,9,5,제일병원 1,5,20,5
27826,3,9,5,제일병원 1,5,20,7
27864,3,8,5,제일병원 1,5,20,8
27900,3,7,5,제일병원 1,5,20,9
27912,2,6,5,제일병원 1,5,20,9
27923,2,6,4,제일병원 1,5,20,9
27986,3,8,3,제일병원 1,5,20,10
27990,2,7,3,제일병원 1,5,20,10
28002,3,7,2,제일병원 1,5,20,10
28005,3,6,2,제일병원 1,5,20,10
28159,5,3,5,제일병원 1,5,20,13
28159,4,3,5,제일병원 1,5,20,13
28166,3,3,5,제일병원 1,5,20,13
28187,4,2,5,제일병원 1,5,20,13
28188,4,2,5,제일병원 1,5,20,13
28200,3,2,5,제일병원 1,5,20,14
28218,3,2,5,제일병원 1,5,20,14
28221,4,1,5,제일병원 1,5,20,14
28232,5,1,5,제일병원 1,5,20,14
28234,2,1,5,제일병원 1,5,20,14
28241,3,1,4,제일병원 1,5,20,14
28248,3,0,4,제일병원 1,5,20,14
28274,2,0,4,제일병원 1,5,20,15
28284,3,0,3,제일병원 1,5,20,15
28289,3,0,3,제일병원 1,5,20,15
28290,2,0,3,제일병원 1,5,20,15
28298,4,0,2,제일병원 1,5,20,15
28324,3,0,2,제일병원 1,5,20,16
28326,5,0,2,제일병원 1,5,20,16
28364,3,0,2,제일병원 1,5,20,16
28369,4,0,2,제일병원 1,5,20,16
28378,4,0,2,제일병원 1,5,20,16
28409,4,0,4,제일병원 1,5,20,17
28416,2,0,4,제일병원 1,5,20,17
28429,3,0,3,제일병원 1,5,20,17
28430,2,0,3,제일병원 1,5,20,17
28453,4,0,2,제일병원 1,5,20,18
28457,4,0,2,제일병원 1,5,20,18
28489,4,0,3,제일병원 1,5,20,18
28533,4,0,4,제일병원 1,5,20,19
28541,4,0,4,제일병원 1,5,20,19
28545,5,0,4,제일병원 1,5,20,19
28589,2,0,5,제일병원 1,5,20,20
28666,2,0,4,제일병원 1,5,20,21
28672,4,1,3,제일병원 1,5,20,21
28699,3,2,3,제일병원 1,5,20,22
28700,3,1,3,제일병원 1,5,20,22
28734,3,1,4,제일병원 1,5,20,22
28755,3,0,4,제일병원 1,5,20,23
28755,5,0,4,제일병원 1,5,20,23
28771,3,0,4,제일병원 1,5,20,23
28776,3,0,4,제일병원 1,5,20,23
28799,4,0,5,제일병원 1,5,20,23
28857,4,0,5,제일병원 1,6,21,0
28881,3,0,5,제일병원 1,6,21,1
28886,5,0,5,제일병원 1,6,21,1
28900,4,0,5,제일병원 1,6,21,1
28931,4,0,5,제일병원 1,6,21,2
28975,5,0,5,제일병원 1,6,21,2
28980,4,0,5,제일병원 1,6,21,3
28988,3,0,5,제일병원 1,6,21,3
29078,3,0,5,제일병원 1,6,21,4
29155,3,0,5,제일병원 1,6,21,5
29165,2,0,5,제일병원 1,6,21,6
29174,3,0,4,제일병원 1,6,21,6
29177,3,0,4,제일병원 1,6,21,6
29218,3,0,4,제일병원 1,6,21,6
29226,5,0,4,제일병원 1,6,21,7
29228,3,0,4,제일병원 1,6,21,7
29244,3,0,4,제일병원 1,6,21,7
29246,3,0,4,제일병원 1,6,21,7
29295,4,0,5,제일병원 1,6,21,8
29295,4,0,5,제일병원 1,6,21,8
29313,3,0,5,제일병원 1,6,21,8
29315,4,0,5,제일병원 1,6,21,8
29369,3,0,5,제일병원 1,6,21,9
29373,4,0,5,제일병원 1,6,21,9
29383,5,0,5,제일병원 1,6,21,9
29387,5,0,5,제일병원 1,6,21,9
29416,4,0,5,제일병원 1,6,21,10
29433,2,0,5,제일병원 1,6,21,10
29451,3,0,4,제일병원 1,6,21,10
29502,3,0,4,제일병원 1,6,21,11
29533,4,0,4,제일병원 1,6,21,12
29552,3,0,5,제일병원 1,6,21,12
29552,4,0,5,제일병원 1,6,21,12
29567,3,0,5,제일병원 1,6,21,12
29572,1,0,5,제일병원 1,6,21,12
29579,4,0,4,제일병원 1,6,21,12
29645,3,2,4,제일병원 1,6,21,14
29656,3,1,4,제일병원 1,6,21,14
29670,3,0,4,제일병원 1,6,21,14
29687,3,0,4,제일병원 1,6,21,14
29691,3,0,4,제일병원 1,6,21,14
29714,2,0,4,제일병원 1,6,21,15
29729,5,0,4,제일병원 1,6,21,15
29735,4,0,4,제일병원 1,6,21,15
29735,3,0,4,제일병원 1,6,21,15
29753,3,0,4,제일병원 1,6,21,15
29810,3,0,4,제일병원 1,6,21,16
29819,4,0,4,제일병원 1,6,21,16
29825,5,0,4,제일병원 1,6,21,17
29831,3,0,4,제일병원 1,6,21,17
29860,2,0,5,제일병원 1,6,21,17
29868,4,0,4,제일병원 1,6,21,17
29899,5,0,4,제일병원 1,6,21,18
29905,4,0,4,제일병원 1,6,21,18
29907,4,0,4,제일병원 1,6,21,18
29924,4,0,4,제일병원 1,6,21,18
29941,3,0,4,제일병원 1,6,21,19
29949,5,0,4,제일병원 1,6,21,19
29949,4,0,4,제일병원 1,6,21,19
29949,3,0,4,제일병원 1,6,21,19
29959,5,0,4,제일병원 1,6,21,19
29967,3,0,4,제일병원 1,6,21,19
29969,4,0,4,제일병원 1,6,21,19
30002,4,0,4,제일병원 1,6,21,20
30004,4,0,4,제일병원 1,6,21,20
30033,3,0,5,제일병원 1,6,21,20
30036,2,0,5,제일병원 1,6,21,20
30039,3,0,4,제일병원 1,6,21,20
30053,3,0,4,제일병원 1,6,21,20
30063,3,0,4,제일병원 1,6,21,21
30067,4,0,4,제일병원 1,6,21,21
30080,3,0,4,제일병원 1,6,21,21
30143,3,0,4,제일병원 1,6,21,22
30163,4,0,5,제일병원 1,6,21,22
30180,4,0,5,제일병원 1,6,21,23
30189,3,0,5,제일병원 1,6,21,23
30203,3,0,5,제일병원 1,6,21,23
30209,2,0,5,제일병원 1,6,21,23
30243,3,0,4,제일병원 1,0,22,0
30260,3,0,4,제일병원 1,0,22,0
30269,4,0,4,제일병원 1,0,22,0
30289,3,0,5,제일병원 1,0,22,0
30298,4,0,5,제일병원 1,0,22,0
30305,4,0,5,제일병원 1,0,22,1
30326,3,0,5,제일병원 1,0,22,1
30342,4,0,5,제일병원 1,0,22,1
30361,3,0,5,제일병원 1,0,22,2
30376,5,0,5,제일병원 1,0,22,2
30377,2,0,5,제일병원 1,0,22,2
30384,5,0,4,제일병원 1,0,22,2
30501,4,0,4,제일병원 1,0,22,4
30566,2,0,5,제일병원 1,0,22,5
30632,4,0,4,제일병원 1,0,22,6
30703,3,0,5,제일병원 1,0,22,7
30754,5,1,5,제일병원 1,0,22,8
30757,3,1,5,제일병원 1,0,22,8
30760,3,0,5,제일병원 1,0,22,8
30798,4,0,5,제일병원 1,0,22,9
30816,3,0,5,제일병원 1,0,22,9
30841,3,0,5,제일병원 1,0,22,10
30847,2,0,5,제일병원 1,0,22,10
30895,3,1,4,제일병원 1,0,22,10
30909,3,0,4,제일병원 1,0,22,11
30911,4,0,5,제일병원 1,0,22,11
30923,3,0,5,제일병원 1,0,22,11
30927,4,0,5,제일병원 1,0,22,11
30947,3,0,5,제일병원 1,0,22,11
30958,3,0,5,제일병원 1,0,22,11
30973,2,0,5,제일병원 1,0,22,12
30977,3,0,4,제일병원 1,0,22,12
31017,3,0,4,제일병원 1,0,22,12
31029,3,0,4,제일병원 1,0,22,13
31045,3,0,4,제일병원 1,0,22,13
31078,4,0,4,제일병원 1,0,22,13
31080,3,0,4,제일병원 1,0,22,14
31094,4,0,4,제일병원 1,0,22,14
31095,3,0,4,제일병원 1,0,22,14
31100,5,0,4,제일병원 1,0,22,14
31104,4,0,4,제일병원 1,0,22,14
31110,4,0,4,제일병원 1,0,22,14
31134,2,0,4,제일병원 1,0,22,14
31137,3,0,3,제일병원 1,0,22,14
31139,3,0,3,제일병원 1,0,22,14
31163,3,0,4,제일병원 1,0,22,15
31215,3,0,4,제일병원 1,0,22,16
31227,3,0,5,제일병원 1,0,22,16
31230,3,0,5,제일병원 1,0,22,16
31285,5,0,5,제일병원 1,0,22,17
31292,3,0,5,제일병원 1,0,22,17
31323,4,0,5,제일병원 1,0,22,18
31331,4,0,5,제일병원 1,0,22,18
31337,4,0,5,제일병원 1,0,22,18
31399,4,0,5,제일병원 1,0,22,19
31430,3,0,5,제일병원 1,0,22,19
31436,3,0,5,제일병원 1,0,22,19
31443,4,0,5,제일병원 1,0,22,20
31459,2,0,5,제일병원 1,0,22,20
31462,4,0,4,제일병원 1,0,22,20
31478,2,0,4,제일병원 1,0,22,20
31478,3,0,3,제일병원 1,0,22,20
31488,4,0,3,제일병원 1,0,22,20
31529,3,0,3,제일병원 1,0,22,21
31541,3,0,4,제일병원 1,0,22,21
31544,2,0,4,제일병원 1,0,22,21
31552,3,0,3,제일병원 1,0,22,21
31578,4,0,3,제일병원 1,0,22,22
31592,4,0,3,제일병원 1,0,22,22
31629,4,0,3,제일병원 1,0,22,23
31644,4,0,3,제일병원 1,0,22,23
31651,5,0,4,제일병원 1,0,22,23
31661,4,0,4,제일병원 1,0,22,23
31688,4,0,4,제일병원 1,1,23,0
31727,2,0,5,제일병원 1,1,23,0
31756,3,0,4,제일병원 1,1,23,1
31795,5,0,4,제일병원 1,1,23,1
31830,4,0,5,제일병원 1,1,23,2
31839,3,0,5,제일병원 1,1,23,2
31929,3,0,5,제일병원 1,1,23,4
31980,4,2,5,제일병원 1,1,23,5
32036,3,3,5,제일병원 1,1,23,5
32119,3,2,5,제일병원 1,1,23,7
32141,4,1,5,제일병원 1,1,23,7
32168,3,2,5,제일병원 1,1,23,8
32197,2,1,5,제일병원 1,1,23,8
32209,3,2,4,제일병원 1,1,23,8
32260,4,3,4,제일병원 1,1,23,9
32320,4,7,4,제일병원 1,1,23,10
32334,4,6,5,제일병원 1,1,23,10
32359,4,6,5,제일병원 1,1,23,11
32396,3,7,5,제일병원 1,1,23,11
32402,3,6,5,제일병원 1,1,23,12
32429,3,6,5,제일병원 1,1,23,12
32432,3,5,5,제일병원 1,1,23,12
32441,2,4,5,제일병원 1,1,23,12
32455,3,4,4,제일병원 1,1,23,12
32484,4,4,4,제일병원 1,1,23,13
32507,3,4,4,제일병원 1,1,23,13
32541,4,3,4,제일병원 1,1,23,14
32594,5,3,5,제일병원 1,1,23,15
32611,3,3,5,제일병원 1,1,23,15
32614,4,2,5,제일병원 1,1,23,15
32619,2,2,5,제일병원 1,1,23,15
32645,2,2,4,제일병원 1,1,23,16
32673,3,5,3,제일병원 1,1,23,16
32711,4,3,4,제일병원 1,1,23,17
32759,4,6,5,제일병원 1,1,23,17
32764,3,6,5,제일병원 1,1,23,18
32774,3,5,5,제일병원 1,1,23,18
32819,2,4,5,제일병원 1,1,23,18
32827,3,4,4,제일병원 1,1,23,19
32832,3,3,4,제일병원 1,1,23,19
32846,3,2,4,제일병원 1,1,23,19
32864,4,1,4,제일병원 1,1,23,19
32878,4,1,4,제일병원 1,1,23,19
32893,5,0,5,제일병원 1,1,23,20
32929,3,0,5,제일병원 1,1,23,20
32953,3,0,5,제일병원 1,1,23,21
32965,3,0,5,제일병원 1,1,23,21
32992,2,0,5,제일병원 1,1,23,21
33122,4,0,5,제일병원 1,2,24,0
33137,2,1,5,제일병원 1,2,24,0
33151,2,1,4,제일병원 1,2,24,0
33184,3,3,3,제일병원 1,2,24,1
33191,3,3,3,제일병원 1,2,24,1
33337,2,3,5,제일병원 1,2,24,3
33696,4,6,5,제일병원 1,2,24,9
33725,2,7,5,제일병원 1,2,24,10
33764,5,7,4,제일병원 1,2,24,10
33785,1,7,4,제일병원 1,2,24,11
33811,5,7,3,제일병원 1,2,24,11
33846,4,8,3,제일병원 1,2,24,12
33861,3,7,4,제일병원 1,2,24,12
33862,3,6,4,제일병원 1,2,24,12
33884,4,5,4,제일병원 1,2,24,12
33888,2,5,4,제일병원 1,2,24,12
33897,3,4,4,제일병원 1,2,24,12
33904,3,3,4,제일병원 1,2,24,13
33946,5,2,4,제일병원 1,2,24,13
33958,4,2,4,제일병원 1,2,24,13
34001,3,2,4,제일병원 1,2,24,14
34010,3,1,4,제일병원 1,2,24,14
34039,1,0,5,제일병원 1,2,24,15
34067,5,1,4,제일병원 1,2,24,15
34091,3,1,4,제일병원 1,2,24,16
34126,3,1,4,제일병원 1,2,24,16
34130,5,0,4,제일병원 1,2,24,16
34191,2,2,4,제일병원 1,2,24,17
34193,3,2,3,제일병원 1,2,24,17
34198,3,1,3,제일병원 1,2,24,17
34204,4,0,3,제일병원 1,2,24,18
34213,4,0,4,제일병원 1,2,24,18
34228,3,0,4,제일병원 1,2,24,18
34233,2,0,4,제일병원 1,2,24,18
34238,4,0,3,제일병원 1,2,24,18
34245,3,0,3,제일병원 1,2,24,18
34251,3,0,3,제일병원 1,2,24,18
34258,4,0,3,제일병원 1,2,24,18
34277,2,0,3,제일병원 1,2,24,19
34290,2,0,2,제일병원 1,2,24,19
34319,3,0,2,제일병원 1,2,24,19
34354,2,0,3,제일병원 1,2,24,20
34392,3,0,2,제일병원 1,2,24,21
34403,3,0,2,제일병원 1,2,24,21
34420,2,0,2,제일병원 1,2,24,21
34436,1,0,3,제일병원 1,2,24,21
34453,4,0,3,제일병원 1,2,24,22
34455,3,0,3,제일병원 1,2,24,22
34481,5,0,3,제일병원 1,2,24,22
34493,4,0,4,제일병원 1,2,24,22
34500,4,0,4,제일병원 1,2,24,23
34503,3,0,4,제일병원 1,2,24,23
34525,3,0,4,제일병원 1,2,24,23
34541,3,0,4,제일병원 1,2,24,23
34585,2,0,4,제일병원 1,3,25,0
34620,3,0,4,제일병원 1,3,25,1
34678,2,0,4,제일병원 1,3,25,1
34680,3,0,3,제일병원 1,3,25,2
34750,4,0,3,제일병원 1,3,25,3
34760,3,0,4,제일병원 1,3,25,3
34996,3,0,5,제일병원 1,3,25,7
34997,3,0,5,제일병원 1,3,25,7
35110,3,0,5,제일병원 1,3,25,9
35202,3,0,5,제일병원 1,3,25,10
35223,3,0,5,제일병원 1,3,25,11
35225,4,0,5,제일병원 1,3,25,11
35230,3,0,5,제일병원 1,3,25,11
35233,4,0,5,제일병원 1,3,25,11
35236,4,0,5,제일병원 1,3,25,11
35293,4,0,5,제일병원 1,3,25,12
35294,2,0,5,제일병원 1,3,25,12
35308,4,0,4,제일병원 1,3,25,12
35386,3,1,4,제일병원 1,3,25,13
35392,3,0,4,제일병원 1,3,25,13
35400,3,0,4,제일병원 1,3,25,14
35444,2,0,5,제일병원 1,3,25,14
35450,4,0,4,제일병원 1,3,25,14
35517,5,0,5,제일병원 1,3,25,15
35523,3,0,5,제일병원 1,3,25,16
35526,3,0,5,제일병원 1,3,25,16
35597,3,0,5,제일병원 1,3,25,17
35605,5,0,5,제일병원 1,3,25,17
35633,3,1,5,제일병원 1,3,25,17
35635,4,0,5,제일병원 1,3,25,17
35636,3,0,5,제일병원 1,3,25,17
35647,4,0,5,제일병원 1,3,25,18
35650,3,0,5,제일병원 1,3,25,18
35697,4,0,5,제일병원 1,3,25,18
35705,3,0,5,제일병원 1,3,25,19
35706,4,0,5,제일병원 1,3,25,19
35742,4,0,5,제일병원 1,3,25,19
35774,3,0,5,제일병원 1,3,25,20
35796,3,0,5,제일병원 1,3,25,20
35815,3,0,5,제일병원 1,3,25,20
35830,4,0,5,제일병원 1,3,25,21
35887,2,0,5,제일병원 1,3,25,22
35888,3,0,4,제일병원 1,3,25,22
35910,4,0,4,제일병원 1,3,25,22
35914,3,0,4,제일병원 1,3,25,22
35945,3,1,4,제일병원 1,3,25,23
35996,4,1,4,제일병원 1,3,25,23
36070,5,2,5,제일병원 1,4,26,1
36128,2,3,5,제일병원 1,4,26,2
36143,4,3,4,제일병원 1,4,26,2
36261,3,6,5,제일병원 1,4,26,4
36419,2,9,5,제일병원 1,4,26,6
36434,3,9,4,제일병원 1,4,26,7
36488,1,8,4,제일병원 1,4,26,8
36514,4,8,3,제일병원 1,4,26,8
36515,3,8,3,제일병원 1,4,26,8
36525,4,7,3,제일병원 1,4,26,8
36582,4,7,3,제일병원 1,4,26,9
36620,3,6,5,제일병원 1,4,26,10
36630,4,5,5,제일병원 1,4,26,10
36634,4,5,5,제일병원 1,4,26,10
36634,4,5,5,제일병원 1,4,26,10
36665,3,5,5,제일병원 1,4,26,11
36688,2,5,5,제일병원 1,4,26,11
36715,5,5,4,제일병원 1,4,26,11
36782,3,5,4,제일병원 1,4,26,13
36806,3,4,4,제일병원 1,4,26,13
36834,5,3,5,제일병원 1,4,26,13
36835,3,3,5,제일병원 1,4,26,13
36844,5,2,5,제일병원 1,4,26,14
36879,4,4,5,제일병원 1,4,26,14
36884,1,4,5,제일병원 1,4,26,14
36905,3,4,4,제일병원 1,4,26,15
36912,4,3,4,제일병원 1,4,26,15
36912,3,3,4,제일병원 1,4,26,15
36913,3,2,4,제일병원 1,4,26,15
36953,4,4,4,제일병원 1,4,26,15
36955,3,4,4,제일병원 1,4,26,15
36962,5,3,4,제일병원 1,4,26,16
36963,4,3,4,제일병원 1,4,26,16
36967,5,3,4,제일병원 1,4,26,16
36973,5,4,4,제일병원 1,4,26,16
37065,3,3,5,제일병원 1,4,26,17
37066,2,2,5,제일병원 1,4,26,17
37092,3,2,4,제일병원 1,4,26,18
37135,3,2,4,제일병원 1,4,26,18
37154,4,1,4,제일병원 1,4,26,19
37195,3,1,5,제일병원 1,4,26,19
37230,3,1,5,제일병원 1,4,26,20
37273,4,2,5,제일병원 1,4,26,21
37279,3,2,5,제일병원 1,4,26,21
37398,3,3,5,제일병원 1,4,26,23
37400,2,2,5,제일병원 1,4,26,23
37406,3,2,4,제일병원 1,4,26,23
37431,4,1,4,제일병원 1,4,26,23
37499,2,3,4,제일병원 1,5,27,0
37671,3,5,5,제일병원 1,5,27,3
37701,3,5,5,제일병원 1,5,27,4
37707,5,4,5,제일병원 1,5,27,4
37804,3,5,5,제일병원 1,5,27,6
37860,2,5,5,제일병원 1,5,27,7
37866,3,5,4,제일병원 1,5,27,7
37887,2,5,4,제일병원 1,5,27,7
37927,5,5,3,제일병원 1,5,27,8
37942,3,5,3,제일병원 1,5,27,8
37952,3,5,3,제일병원 1,5,27,8
37985,3,2,5,제일병원 1,5,27,9
38018,3,1,5,제일병원 1,5,27,9
38019,3,0,5,제일병원 1,5,27,9
38040,4,0,5,제일병원 1,5,27,10
38091,3,1,5,제일병원 1,5,27,10
38124,4,0,5,제일병원 1,5,27,11
38136,4,0,5,제일병원 1,5,27,11
38185,3,1,5,제일병원 1,5,27,12
38208,2,0,5,제일병원 1,5,27,12
38211,4,0,4,제일병원 1,5,27,12
38226,5,1,4,제일병원 1,5,27,13
38239,5,1,4,제일병원 1,5,27,13
38252,4,2,4,제일병원 1,5,27,13
38278,3,3,4,제일병원 1,5,27,13
38359,3,3,5,제일병원 1,5,27,15
38378,3,4,5,제일병원 1,5,27,15
38394,2,3,5,제일병원 1,5,27,15
38402,3,3,4,제일병원 1,5,27,16
38408,3,2,4,제일병원 1,5,27,16
38420,3,1,4,제일병원 1,5,27,16
38444,4,0,4,제일병원 1,5,27,16
38457,2,0,4,제일병원 1,5,27,16
38460,3,0,3,제일병원 1,5,27,17
38463,3,0,3,제일병원 1,5,27,17
38484,3,0,3,제일병원 1,5,27,17
38488,4,0,3,제일병원 1,5,27,17
38498,3,0,3,제일병원 1,5,27,17
38543,4,0,3,제일병원 1,5,27,18
38544,3,0,3,제일병원 1,5,27,18
38545,3,0,3,제일병원 1,5,27,18
38560,4,0,3,제일병원 1,5,27,18
38562,3,0,4,제일병원 1,5,27,18
38580,3,0,4,제일병원 1,5,27,19
38616,5,0,5,제일병원 1,5,27,19
38621,3,0,5,제일병원 1,5,27,19
38629,1,0,5,제일병원 1,5,27,19
38706,5,0,5,제일병원 1,5,27,21
38710,4,0,5,제일병원 1,5,27,21
38738,4,0,5,제일병원 1,5,27,21
38844,2,0,5,제일병원 1,5,27,23
38854,3,0,4,제일병원 1,5,27,23
38859,5,0,4,제일병원 1,5,27,23
38863,3,0,4,제일병원 1,5,27,23
38914,3,0,4,제일병원 1,6,28,0
38916,4,0,4,제일병원 1,6,28,0
38957,3,0,4,제일병원 1,6,28,1
38988,4,0,5,제일병원 1,6,28,1
38994,4,0,5,제일병원 1,6,28,1
39060,3,2,5,제일병원 1,6,28,3
39061,2,1,5,제일병원 1,6,28,3
39079,3,3,4,제일병원 1,6,28,3
39128,5,3,4,제일병원 1,6,28,4
39191,3,3,4,제일병원 1,6,28,5
39287,3,6,5,제일병원 1,6,28,6
39296,4,5,5,제일병원 1,6,28,6
39309,3,5,5,제일병원 1,6,28,7
39373,3,4,5,제일병원 1,6,28,8
39405,2,3,5,제일병원 1,6,28,8
39423,3,4,4,제일병원 1,6,28,9
39432,4,4,4,제일병원 1,6,28,9
39444,4,4,4,제일병원 1,6,28,9
39452,4,4,4,제일병원 1,6,28,9
39456,3,4,4,제일병원 1,6,28,9
39456,2,3,4,제일병원 1,6,28,9
39456,3,3,3,제일병원 1,6,28,9
39466,2,2,3,제일병원 1,6,28,9
39470,5,2,2,제일병원 1,6,28,9
39476,4,2,2,제일병원 1,6,28,9
39498,3,2,2,제일병원 1,6,28,10
39504,3,1,2,제일병원 1,6,28,10
39552,3,0,3,제일병원 1,6,28,11
39567,3,0,3,제일병원 1,6,28,11
39568,4,0,3,제일병원 1,6,28,11
39572,3,0,3,제일병원 1,6,28,11
39581,3,0,4,제일병원 1,6,28,11
39582,3,0,4,제일병원 1,6,28,11
39612,4,0,4,제일병원 1,6,28,12
39621,3,0,4,제일병원 1,6,28,12
39627,5,0,4,제일병원 1,6,28,12
39628,3,0,4,제일병원 1,6,28,12
39649,2,0,5,제일병원 1,6,28,12
39659,5,0,4,제일병원 1,6,28,12
39671,5,0,4,제일병원 1,6,28,13
39679,3,0,4,제일병원 1,6,28,13
39680,3,0,4,제일병원 1,6,28,13
39693,1,0,4,제일병원 1,6,28,13
39696,3,0,3,제일병원 1,6,28,13
39697,3,0,3,제일병원 1,6,28,13
39699,4,0,3,제일병원 1,6,28,13
39735,3,0,3,제일병원 1,6,28,14
39740,3,0,3,제일병원 1,6,28,14
39741,3,0,3,제일병원 1,6,28,14
39765,3,0,3,제일병원 1,6,28,14
39797,4,0,3,제일병원 1,6,28,15
39799,3,0,3,제일병원 1,6,28,15
39845,3,0,4,제일병원 1,6,28,16
39862,3,0,4,제일병원 1,6,28,16
39905,4,0,5,제일병원 1,6,28,17
39905,3,0,5,제일병원 1,6,28,17
39907,3,0,5,제일병원 1,6,28,17
39932,4,0,5,제일병원 1,6,28,17
39936,4,0,5,제일병원 1,6,28,17
39942,4,0,5,제일병원 1,6,28,17
39943,3,0,5,제일병원 1,6,28,17
39948,3,0,5,제일병원 1,6,28,17
39954,3,0,5,제일병원 1,6,28,17
39963,3,0,5,제일병원 1,6,28,18
40013,4,0,5,제일병원 1,6,28,18
40095,3,0,5,제일병원 1,6,28,20
40099,3,0,5,제일병원 1,6,28,20
40115,3,0,5,제일병원 1,6,28,20
40123,4,0,5,제일병원 1,6,28,20
40133,3,0,5,제일병원 1,6,28,20
40137,2,0,5,제일병원 1,6,28,20
40167,4,0,4,제일병원 1,6,28,21
40185,4,0,4,제일병원 1,6,28,21
40193,4,0,4,제일병원 1,6,28,21
40198,3,0,4,제일병원 1,6,28,21
40204,4,0,4,제일병원 1,6,28,22
40208,3,0,4,제일병원 1,6,28,22
40211,2,0,4,제일병원 1,6,28,22
40221,3,0,3,제일병원 1,6,28,22
40227,4,0,3,제일병원 1,6,28,22
40291,3,0,3,제일병원 1,6,28,23
40295,3,0,3,제일병원 1,6,28,23
40299,2,0,4,제일병원 1,6,28,23
40300,3,0,3,제일병원 1,6,28,23
40317,3,0,4,제일병원 1,6,28,23
40323,3,0,4,제일병원 1,0,29,0
40352,3,0,4,제일병원 1,0,29,0
40360,3,0,4,제일병원 1,0,29,0
40372,4,0,4,제일병원 1,0,29,0
40384,2,0,4,제일병원 1,0,29,1
40405,4,0,3,제일병원 1,0,29,1
40417,3,0,3,제일병원 1,0,29,1
40433,5,0,4,제일병원 1,0,29,1
40454,4,0,4,제일병원 1,0,29,2
40468,3,0,4,제일병원 1,0,29,2
40488,5,0,4,제일병원 1,0,29,2
40508,4,0,4,제일병원 1,0,29,3
40607,3,0,5,제일병원 1,0,29,4
40620,3,0,5,제일병원 1,0,29,5
40859,4,0,5,제일병원 1,0,29,8
40875,4,0,5,제일병원 1,0,29,9
40894,5,0,5,제일병원 1,0,29,9
40896,4,0,5,제일병원 1,0,29,9
40900,3,0,5,제일병원 1,0,29,9
40918,3,0,5,제일병원 1,0,29,9
40919,3,0,5,제일병원 1,0,29,9
40920,3,0,5,제일병원 1,0,29,10
40920,3,0,5,제일병원 1,0,29,10
40926,4,0,5,제일병원 1,0,29,10
40928,3,0,5,제일병원 1,0,29,10
40941,2,0,5,제일병원 1,0,29,10
40959,4,0,4,제일병원 1,0,29,10
40959,3,0,4,제일병원 1,0,29,10
41023,4,0,4,제일병원 1,0,29,11
41036,3,0,4,제일병원 1,0,29,11
41041,2,0,4,제일병원 1,0,29,12
41070,3,0,3,제일병원 1,0,29,12
41077,3,0,3,제일병원 1,0,29,12
41083,3,0,3,제일병원 1,0,29,12
41105,4,0,4,제일병원 1,0,29,13
41114,3,0,4,제일병원 1,0,29,13
41121,5,0,5,제일병원 1,0,29,13
41122,3,0,5,제일병원 1,0,29,13
41130,2,0,5,제일병원 1,0,29,13
41185,3,0,4,제일병원 1,0,29,14
41185,3,0,4,제일병원 1,0,29,14
41201,3,0,4,제일병원 1,0,29,14
41249,3,0,5,제일병원 1,0,29,15
41274,3,0,5,제일병원 1,0,29,15
41292,3,0,5,제일병원 1,0,29,16
41296,3,0,5,제일병원 1,0,29,16
41370,3,0,5,제일병원 1,0,29,17
41396,5,0,5,제일병원 1,0,29,17
41402,3,0,5,제일병원 1,0,29,18
41421,2,0,5,제일병원 1,0,29,18
41426,3,0,4,제일병원 1,0,29,18
41461,3,0,4,제일병원 1,0,29,19
41463,3,0,4,제일병원 1,0,29,19
41480,3,0,4,제일병원 1,0,29,19
41485,5,0,4,제일병원 1,0,29,19
41521,4,0,4,제일병원 1,0,29,20
41542,3,0,4,제일병원 1,0,29,20
41582,4,0,5,제일병원 1,0,29,21
41591,4,0,5,제일병원 1,0,29,21
41614,4,0,5,제일병원 1,0,29,21
41628,2,0,5,제일병원 1,0,29,21
41646,3,0,4,제일병원 1,0,29,22
41658,4,0,4,제일병원 1,0,29,22
41660,1,0,4,제일병원 1,0,29,22
41693,2,0,3,제일병원 1,0,29,22
41705,3,0,2,제일병원 1,0,29,23
41714,3,0,2,제일병원 1,0,29,23
41715,3,0,2,제일병원 1,0,29,23
41723,3,0,2,제일병원 1,0,29,23
41725,3,0,2,제일병원 1,0,29,23
41734,4,0,3,제일병원 1,0,29,23
41740,3,0,3,제일병원 1,0,29,23
41755,1,0,3,제일병원 1,0,29,23
41761,4,0,3,제일병원 1,1,30,0
41782,4,0,3,제일병원 1,1,30,0
41793,3,0,3,제일병원 1,1,30,0
41797,3,0,3,제일병원 1,1,30,0
41962,4,0,5,제일병원 1,1,30,3
42225,4,0,5,제일병원 1,1,30,7
42291,1,0,5,제일병원 1,1,30,8
42331,5,0,4,제일병원 1,1,30,9
42339,4,0,4,제일병원 1,1,30,9
42390,3,0,4,제일병원 1,1,30,10
42401,3,0,4,제일병원 1,1,30,10
42429,3,0,5,제일병원 1,1,30,11
42475,2,0,5,제일병원 1,1,30,11
42488,3,0,4,제일병원 1,1,30,12
42507,3,0,4,제일병원 1,1,30,12
42513,3,0,4,제일병원 1,1,30,12
42522,4,0,4,제일병원 1,1,30,12
42536,3,0,4,제일병원 1,1,30,12
42570,3,0,5,제일병원 1,1,30,13
42598,3,0,5,제일병원 1,1,30,13
42612,3,0,5,제일병원 1,1,30,14
42633,2,0,5,제일병원 1,1,30,14
42639,4,0,4,제일병원 1,1,30,14
42646,3,0,4,제일병원 1,1,30,14
42669,3,0,4,제일병원 1,1,30,15
42715,5,0,5,제일병원 1,1,30,15
42716,3,0,5,제일병원 1,1,30,15
42722,3,0,5,제일병원 1,1,30,16
42731,3,0,5,제일병원 1,1,30,16
42738,3,0,5,제일병원 1,1,30,16
42760,3,0,5,제일병원 1,1,30,16
42770,5,0,5,제일병원 1,1,30,16
42807,4,0,5,제일병원 1,1,30,17
42828,4,0,5,제일병원 1,1,30,17
42830,3,0,5,제일병원 1,1,30,17
42862,3,0,5,제일병원 1,1,30,18
42868,3,0,5,제일병원 1,1,30,18
42877,4,0,5,제일병원 1,1,30,18
42888,2,0,5,제일병원 1,1,30,18
42904,3,0,4,제일병원 1,1,30,19
42924,3,0,4,제일병원 1,1,30,19
42936,3,0,4,제일병원 1,1,30,19
42957,4,0,4,제일병원 1,1,30,19
42990,3,0,4,제일병원 1,1,30,20
43014,3,0,4,제일병원 1,1,30,20
43027,3,0,4,제일병원 1,1,30,21
43057,3,0,4,제일병원 1,1,30,21
43061,3,0,5,제일병원 1,1,30,21
43086,5,0,5,제일병원 1,1,30,22
43089,3,0,5,제일병원 1,1,30,22
43122,4,0,5,제일병원 1,1,30,22
43175,3,0,5,제일병원 1,1,30,23
43226,3,0,5,제일병원 1,2,31,0
43245,4,0,5,제일병원 1,2,31,0
43251,4,0,5,제일병원 1,2,31,0
43283,3,0,5,제일병원 1,2,31,1
43364,3,0,5,제일병원 1,2,31,2
43365,3,0,5,제일병원 1,2,31,2
43385,3,0,5,제일병원 1,2,31,3
43420,3,0,5,제일병원 1,2,31,3
43491,3,0,5,제일병원 1,2,31,4
43515,3,0,5,제일병원 1,2,31,5
43561,3,0,5,제일병원 1,2,31,6
43693,4,0,5,제일병원 1,2,31,8
43748,3,0,5,제일병원 1,2,31,9
43791,4,0,5,제일병원 1,2,31,9
43807,2,0,5,제일병원 1,2,31,10
43832,5,0,4,제일병원 1,2,31,10
43834,5,0,4,제일병원 1,2,31,10
43873,4,0,4,제일병원 1,2,31,11
43901,3,0,4,제일병원 1,2,31,11
43908,2,0,4,제일병원 1,2,31,11
43916,4,0,3,제일병원 1,2,31,11
43924,3,0,3,제일병원 1,2,31,12
43929,3,0,3,제일병원 1,2,31,12
43985,2,0,5,제일병원 1,2,31,13
43988,4,0,4,제일병원 1,2,31,13
44009,3,0,4,제일병원 1,2,31,13
44009,3,0,4,제일병원 1,2,31,13
44017,5,0,4,제일병원 1,2,31,13
44031,3,0,4,제일병원 1,2,31,13
44075,4,0,4,제일병원 1,2,31,14
44093,4,0,4,제일병원 1,2,31,14
44094,2,0,4,제일병원 1,2,31,14
44122,5,0,4,제일병원 1,2,31,15
44124,3,0,4,제일병원 1,2,31,15
44151,4,0,4,제일병원 1,2,31,15
44190,4,0,5,제일병원 1,2,31,16
44190,3,0,5,제일병원 1,2,31,16
44253,3,0,5,제일병원 1,2,31,17
44257,3,0,5,제일병원 1,2,31,17
44271,5,0,5,제일병원 1,2,31,17
44278,4,0,5,제일병원 1,2,31,17
44363,5,0,5,제일병원 1,2,31,19
44388,2,0,5,제일병원 1,2,31,19
44401,5,0,4,제일병원 1,2,31,20
44403,4,0,4,제일병원 1,2,31,20
44404,3,0,4,제일병원 1,2,31,20
44410,3,0,4,제일병원 1,2,31,20
44412,3,0,4,제일병원 1,2,31,20
44418,3,0,4,제일병원 1,2,31,20
44430,2,0,4,제일병원 1,2,31,20
44441,3,0,3,제일병원 1,2,31,20
44465,3,0,3,제일병원 1,2,31,21
44483,3,0,4,제일병원 1,2,31,21
44510,5,0,4,제일병원 1,2,31,21
44513,2,0,4,제일병원 1,2,31,21
44520,3,0,3,제일병원 1,2,31,22
44524,3,0,3,제일병원 1,2,31,22
44542,5,0,3,제일병원 1,2,31,22
44556,3,0,3,제일병원 1,2,31,22
44572,4,0,3,제일병원 1,2,31,22
44605,3,0,4,제일병원 1,2,31,23
44619,5,0,5,제일병원 1,2,31,23
44629,2,0,5,제일병원 1,2,31,23
44647,4,0,4,제일병원 1,3,32,0
44737,3,0,4,제일병원 1,3,32,1
44751,2,0,5,제일병원 1,3,32,1
44785,3,0,4,제일병원 1,3,32,2
44869,3,0,4,제일병원 1,3,32,3
45059,3,0,5,제일병원 1,3,32,6
45123,2,0,5,제일병원 1,3,32,8
45136,3,0,4,제일병원 1,3,32,8
45196,4,0,4,제일병원 1,3,32,9
45209,2,0,4,제일병원 1,3,32,9
45310,3,2,4,제일병원 1,3,32,11
45311,1,1,4,제일병원 1,3,32,11
45338,4,1,3,제일병원 1,3,32,11
45339,3,1,3,제일병원 1,3,32,11
45382,3,2,3,제일병원 1,3,32,12
45389,3,0,4,제일병원 1,3,32,12
45417,3,0,4,제일병원 1,3,32,12
45423,4,0,4,제일병원 1,3,32,13
45483,4,0,5,제일병원 1,3,32,14
45521,3,0,5,제일병원 1,3,32,14
45530,3,0,5,제일병원 1,3,32,14
45531,5,0,5,제일병원 1,3,32,14
45537,5,0,5,제일병원 1,3,32,14
45538,4,0,5,제일병원 1,3,32,14
45613,3,0,5,제일병원 1,3,32,16
45629,3,0,5,제일병원 1,3,32,16
45676,3,1,5,제일병원 1,3,32,17
45679,3,0,5,제일병원 1,3,32,17
45679,3,0,5,제일병원 1,3,32,17
45683,3,0,5,제일병원 1,3,32,17
45718,4,0,5,제일병원 1,3,32,17
45771,4,0,5,제일병원 1,3,32,18
45775,3,0,5,제일병원 1,3,32,18
45783,2,0,5,제일병원 1,3,32,19
45783,3,0,4,제일병원 1,3,32,19
45785,4,0,4,제일병원 1,3,32,19
45789,4,0,4,제일병원 1,3,32,19
45796,3,0,4,제일병원 1,3,32,19
45811,4,0,4,제일병원 1,3,32,19
45899,4,0,5,제일병원 1,3,32,20
45901,4,0,5,제일병원 1,3,32,21
45950,4,0,5,제일병원 1,3,32,21
45965,3,0,5,제일병원 1,3,32,22
45968,3,0,5,제일병원 1,3,32,22
45980,3,0,5,제일병원 1,3,32,22
45982,4,0,5,제일병원 1,3,32,22
46000,2,0,5,제일병원 1,3,32,22
46011,1,0,4,제일병원 1,3,32,22
46015,3,0,3,제일병원 1,3,32,22
46016,3,0,3,제일병원 1,3,32,22
46037,2,0,3,제일병원 1,3,32,23
46058,3,0,2,제일병원 1,3,32,23
46081,3,0,2,제일병원 1,4,33,0
46108,4,0,2,제일병원 1,4,33,0
46115,4,0,2,제일병원 1,4,33,0
46152,2,0,4,제일병원 1,4,33,1
46152,3,0,3,제일병원 1,4,33,1
46320,3,0,5,제일병원 1,4,33,4
46365,5,0,5,제일병원 1,4,33,4
46367,4,0,5,제일병원 1,4,33,4
46479,4,3,5,제일병원 1,4,33,6
46480,4,3,5,제일병원 1,4,33,6
46572,4,5,5,제일병원 1,4,33,8
46616,4,6,5,제일병원 1,4,33,8
46628,3,7,5,제일병원 1,4,33,9
46693,4,7,5,제일병원 1,4,33,10
46735,4,8,5,제일병원 1,4,33,10
46816,4,9,5,제일병원 1,4,33,12
46829,3,9,5,제일병원 1,4,33,12
46835,2,9,5,제일병원 1,4,33,12
46854,5,9,4,제일병원 1,4,33,12
46887,3,10,4,제일병원 1,4,33,13
46913,2,9,4,제일병원 1,4,33,13
46917,3,9,3,제일병원 1,4,33,13
47004,3,7,4,제일병원 1,4,33,15
47024,3,6,4,제일병원 1,4,33,15
47049,5,5,4,제일병원 1,4,33,16
47083,3,4,5,제일병원 1,4,33,16
47083,3,3,5,제일병원 1,4,33,16
47088,3,2,5,제일병원 1,4,33,16
47121,3,2,5,제일병원 1,4,33,17
47126,3,1,5,제일병원 1,4,33,17
47165,2,0,5,제일병원 1,4,33,18
47223,3,1,4,제일병원 1,4,33,19
47232,3,0,4,제일병원 1,4,33,19
47238,4,0,4,제일병원 1,4,33,19
47268,3,0,5,제일병원 1,4,33,19
47278,3,0,5,제일병원 1,4,33,19
47299,4,0,5,제일병원 1,4,33,20
47301,3,0,5,제일병원 1,4,33,20
47334,3,0,5,제일병원 1,4,33,20
47353,3,0,5,제일병원 1,4,33,21
47373,3,0,5,제일병원 1,4,33,21
47404,3,0,5,제일병원 1,4,33,22
47413,3,0,5,제일병원 1,4,33,22
47442,3,0,5,제일병원 1,4,33,22
47496,4,0,5,제일병원 1,4,33,23
47529,3,0,5,제일병원 1,5,34,0
47558,5,0,5,제일병원 1,5,34,0
47646,3,2,5,제일병원 1,5,34,2
47698,3,2,5,제일병원 1,5,34,2
47749,4,2,5,제일병원 1,5,34,3
47878,2,7,5,제일병원 1,5,34,5
48169,5,12,5,제일병원 1,5,34,10
48288,3,12,5,제일병원 1,5,34,12
48322,3,11,5,제일병원 1,5,34,13
48326,3,10,5,제일병원 1,5,34,13
48335,2,9,5,제일병원 1,5,34,13
48354,5,9,4,제일병원 1,5,34,13
48364,4,9,4,제일병원 1,5,34,14
48396,4,9,4,제일병원 1,5,34,14
48473,5,8,5,제일병원 1,5,34,15
48546,2,9,5,제일병원 1,5,34,17
48594,4,9,4,제일병원 1,5,34,17
48596,4,9,4,제일병원 1,5,34,17
48604,4,9,4,제일병원 1,5,34,18
48612,3,9,4,제일병원 1,5,34,18
48637,3,7,5,제일병원 1,5,34,18
48716,1,6,5,제일병원 1,5,34,19
48826,3,9,4,제일병원 1,5,34,21
48833,3,8,4,제일병원 1,5,34,21
48853,5,7,5,제일병원 1,5,34,22
48884,3,7,5,제일병원 1,5,34,22
48892,3,6,5,제일병원 1,5,34,22
48921,5,5,5,제일병원 1,5,34,23
48963,4,5,5,제일병원 1,6,35,0
48966,3,5,5,제일병원 1,6,35,0
48968,3,4,5,제일병원 1,6,35,0
48970,3,3,5,제일병원 1,6,35,0
48981,5,2,5,제일병원 1,6,35,0
49037,3,3,5,제일병원 1,6,35,1
49045,4,2,5,제일병원 1,6,35,1
49048,3,2,5,제일병원 1,6,35,1
49073,4,1,5,제일병원 1,6,35,1
49090,3,2,5,제일병원 1,6,35,2
49111,3,1,5,제일병원 1,6,35,2
49140,3,1,5,제일병원 1,6,35,3
49144,3,0,5,제일병원 1,6,35,3
49155,4,0,5,제일병원 1,6,35,3
49245,4,0,5,제일병원 1,6,35,4
49290,3,3,5,제일병원 1,6,35,5
49358,2,5,5,제일병원 1,6,35,6
49363,4,5,4,제일병원 1,6,35,6
49429,2,7,4,제일병원 1,6,35,7
49445,4,7,3,제일병원 1,6,35,8
49448,5,7,3,제일병원 1,6,35,8
49473,2,8,3,제일병원 1,6,35,8
49477,5,8,2,제일병원 1,6,35,8
49491,3,9,2,제일병원 1,6,35,8
49493,3,8,2,제일병원 1,6,35,8
49505,2,7,2,제일병원 1,6,35,9
49523,3,8,1,제일병원 1,6,35,9
49528,3,8,2,제일병원 1,6,35,9
49546,3,7,3,제일병원 1,6,35,9
49555,5,5,4,제일병원 1,6,35,9
49575,3,4,5,제일병원 1,6,35,10
49584,4,3,5,제일병원 1,6,35,10
49587,5,3,5,제일병원 1,6,35,10
49599,3,3,5,제일병원 1,6,35,10
49600,5,2,5,제일병원 1,6,35,10
49603,1,2,5,제일병원 1,6,35,10
49649,3,2,4,제일병원 1,6,35,11
49653,4,1,4,제일병원 1,6,35,11
49655,3,1,4,제일병원 1,6,35,11
49708,4,1,4,제일병원 1,6,35,12
49723,3,1,4,제일병원 1,6,35,12
49725,5,0,4,제일병원 1,6,35,12
49762,4,0,5,제일병원 1,6,35,13
49765,5,0,5,제일병원 1,6,35,13
49793,3,0,5,제일병원 1,6,35,13
49803,3,0,5,제일병원 1,6,35,14
49804,4,0,5,제일병원 1,6,35,14
49807,4,0,5,제일병원 1,6,35,14
49809,4,0,5,제일병원 1,6,35,14
49829,3,0,5,제일병원 1,6,35,14
49855,4,0,5,제일병원 1,6,35,14
49878,3,2,5,제일병원 1,6,35,15
49903,2,1,5,제일병원 1,6,35,15
49912,3,1,4,제일병원 1,6,35,15
49940,2,0,4,제일병원 1,6,35,16
49964,5,1,3,제일병원 1,6,35,16
50006,5,0,4,제일병원 1,6,35,17
50008,4,0,4,제일병원 1,6,35,17
50024,4,2,4,제일병원 1,6,35,17
50031,3,2,4,제일병원 1,6,35,17
50034,5,1,4,제일병원 1,6,35,17
50054,4,0,5,제일병원 1,6,35,18
50067,4,1,5,제일병원 1,6,35,18
50133,3,3,5,제일병원 1,6,35,19
50174,3,4,5,제일병원 1,6,35,20
50184,2,3,5,제일병원 1,6,35,20
50193,3,3,4,제일병원 1,6,35,20
50197,3,2,4,제일병원 1,6,35,20
50200,2,1,4,제일병원 1,6,35,20
50217,3,2,3,제일병원 1,6,35,20
50241,3,2,3,제일병원 1,6,35,21
50250,3,1,3,제일병원 1,6,35,21
50308,3,0,4,제일병원 1,6,35,22
50367,3,0,5,제일병원 1,6,35,23
50370,3,0,5,제일병원 1,6,35,23
50392,1,0,5,제일병원 1,6,35,23
50393,5,0,4,제일병원 1,6,35,23
50394,3,0,4,제일병원 1,6,35,23
50428,5,0,4,제일병원 1,0,36,0
50429,4,0,4,제일병원 1,0,36,0
50440,3,0,4,제일병원 1,0,36,0
50443,2,0,4,제일병원 1,0,36,0
50505,4,0,3,제일병원 1,0,36,1
50564,1,1,4,제일병원 1,0,36,2
50576,4,2,3,제일병원 1,0,36,2
50611,3,2,4,제일병원 1,0,36,3
50619,3,1,4,제일병원 1,0,36,3
50696,4,0,4,제일병원 1,0,36,4
50705,4,0,4,제일병원 1,0,36,5
50725,3,0,5,제일병원 1,0,36,5
50771,3,0,5,제일병원 1,0,36,6
50800,4,0,5,제일병원 1,0,36,6
50897,3,3,5,제일병원 1,0,36,8
50914,3,2,5,제일병원 1,0,36,8
50936,3,2,5,제일병원 1,0,36,8
50952,3,1,5,제일병원 1,0,36,9
50958,3,0,5,제일병원 1,0,36,9
50962,3,0,5,제일병원 1,0,36,9
50983,2,0,5,제일병원 1,0,36,9
50989,3,0,4,제일병원 1,0,36,9
51001,3,0,4,제일병원 1,0,36,10
51001,2,0,4,제일병원 1,0,36,10
51006,2,0,3,제일병원 1,0,36,10
51050,4,0,2,제일병원 1,0,36,10
51070,3,0,2,제일병원 1,0,36,11
51089,3,0,2,제일병원 1,0,36,11
51094,3,0,2,제일병원 1,0,36,11
51099,4,0,2,제일병원 1,0,36,11
51105,5,0,4,제일병원 1,0,36,11
51110,3,0,4,제일병원 1,0,36,11
51117,3,0,4,제일병원 1,0,36,11
51117,4,0,4,제일병원 1,0,36,11
51159,4,0,5,제일병원 1,0,36,12
51176,3,0,5,제일병원 1,0,36,12
51177,4,0,5,제일병원 1,0,36,12
51212,4,0,5,제일병원 1,0,36,13
51226,3,0,5,제일병원 1,0,36,13
51266,3,0,5,제일병원 1,0,36,14
51299,2,0,5,제일병원 1,0,36,14
51301,4,0,4,제일병원 1,0,36,15
51310,3,0,4,제일병원 1,0,36,15
51322,5,0,4,제일병원 1,0,36,15
51329,4,0,4,제일병원 1,0,36,15
51340,3,0,4,제일병원 1,0,36,15
51341,4,0,4,제일병원 1,0,36,15
51348,3,0,4,제일병원 1,0,36,15
51374,3,0,4,제일병원 1,0,36,16
51407,3,0,4,제일병원 1,0,36,16
51468,4,0,4,제일병원 1,0,36,17
51469,3,0,4,제일병원 1,0,36,17
51478,3,0,5,제일병원 1,0,36,17
51488,4,0,5,제일병원 1,0,36,18
51489,3,0,5,제일병원 1,0,36,18
51492,4,0,5,제일병원 1,0,36,18
51495,3,0,5,제일병원 1,0,36,18
51497,4,0,5,제일병원 1,0,36,18
51510,3,0,5,제일병원 1,0,36,18
51528,3,0,5,제일병원 1,0,36,18
51600,4,0,5,제일병원 1,0,36,20
51607,2,0,5,제일병원 1,0,36,20
51613,3,0,4,제일병원 1,0,36,20
51630,2,0,4,제일병원 1,0,36,20
51635,3,0,3,제일병원 1,0,36,20
51641,4,0,3,제일병원 1,0,36,20
51649,3,0,3,제일병원 1,0,36,20
51679,3,0,3,제일병원 1,0,36,21
51696,3,0,3,제일병원 1,0,36,21
51713,3,0,3,제일병원 1,0,36,21
51727,4,0,3,제일병원 1,0,36,22
51729,5,0,3,제일병원 1,0,36,22
51766,5,0,4,제일병원 1,0,36,22
51806,3,0,5,제일병원 1,0,36,23
51817,3,0,5,제일병원 1,0,36,23
51818,4,0,5,제일병원 1,0,36,23
51820,4,0,5,제일병원 1,0,36,23
51830,5,0,5,제일병원 1,0,36,23
51846,3,0,5,제일병원 1,1,37,0
51874,5,0,5,제일병원 1,1,37,0
51945,4,0,5,제일병원 1,1,37,1
51953,3,0,5,제일병원 1,1,37,1
51962,5,0,5,제일병원 1,1,37,2
51988,3,0,5,제일병원 1,1,37,2
51997,3,0,5,제일병원 1,1,37,2
52091,4,0,5,제일병원 1,1,37,4
52619,2,9,5,제일병원 1,1,37,12
52655,3,9,4,제일병원 1,1,37,13
52659,4,8,4,제일병원 1,1,37,13
52697,3,9,4,제일병원 1,1,37,14
52720,3,8,4,제일병원 1,1,37,14
52736,4,7,4,제일병원 1,1,37,14
52741,4,7,4,제일병원 1,1,37,15
52889,3,8,5,제일병원 1,1,37,17
52916,3,8,5,제일병원 1,1,37,17
52922,3,7,5,제일병원 1,1,37,18
52954,3,6,5,제일병원 1,1,37,18
52980,4,6,5,제일병원 1,1,37,19
52993,4,6,5,제일병원 1,1,37,19
53035,3,6,5,제일병원 1,1,37,19
53054,1,5,5,제일병원 1,1,37,20
53108,5,5,4,제일병원 1,1,37,21
53124,2,5,4,제일병원 1,1,37,21
53139,4,6,3,제일병원 1,1,37,21
53149,3,7,3,제일병원 1,1,37,21
53173,3,7,4,제일병원 1,1,37,22
53186,4,6,4,제일병원 1,1,37,22
53187,4,6,4,제일병원 1,1,37,22
53262,2,7,4,제일병원 1,1,37,23
53268,3,7,3,제일병원 1,1,37,23
53275,3,6,3,제일병원 1,1,37,23
53281,4,6,3,제일병원 1,2,38,0
53307,3,5,4,제일병원 1,2,38,0
53388,3,4,5,제일병원 1,2,38,1
53455,4,5,5,제일병원 1,2,38,2
53512,5,8,5,제일병원 1,2,38,3
53570,3,9,5,제일병원 1,2,38,4
53604,3,8,5,제일병원 1,2,38,5
53624,3,7,5,제일병원 1,2,38,5
53634,1,6,5,제일병원 1,2,38,5
53636,3,6,4,제일병원 1,2,38,5
53800,1,5,5,제일병원 1,2,38,8
53825,4,6,4,제일병원 1,2,38,9
53840,3,6,4,제일병원 1,2,38,9
53882,3,5,4,제일병원 1,2,38,10
53884,3,4,4,제일병원 1,2,38,10
53885,3,3,4,제일병원 1,2,38,10
53888,3,2,4,제일병원 1,2,38,10
53894,4,2,4,제일병원 1,2,38,10
53897,4,2,4,제일병원 1,2,38,10
53898,4,2,4,제일병원 1,2,38,10
53917,5,2,4,제일병원 1,2,38,10
53925,2,2,4,제일병원 1,2,38,10
53937,4,3,3,제일병원 1,2,38,10
53947,3,3,3,제일병원 1,2,38,11
53956,3,2,3,제일병원 1,2,38,11
53973,3,1,3,제일병원 1,2,38,11
54002,5,0,4,제일병원 1,2,38,12
54045,4,0,4,제일병원 1,2,38,12
54098,3,0,5,제일병원 1,2,38,13
54117,4,0,5,제일병원 1,2,38,13
54122,3,0,5,제일병원 1,2,38,14
54128,1,0,5,제일병원 1,2,38,14
54133,3,0,4,제일병원 1,2,38,14
54164,4,0,4,제일병원 1,2,38,14
54191,4,1,4,제일병원 1,2,38,15
54205,3,1,4,제일병원 1,2,38,15
54220,4,0,4,제일병원 1,2,38,15
54235,4,0,4,제일병원 1,2,38,15
54252,1,0,4,제일병원 1,2,38,16
54254,1,0,3,제일병원 1,2,38,16
54258,3,0,2,제일병원 1,2,38,16
54314,4,0,4,제일병원 1,2,38,17
54327,4,0,4,제일병원 1,2,38,17
54355,4,0,4,제일병원 1,2,38,17
54358,3,0,4,제일병원 1,2,38,17
54359,3,0,4,제일병원 1,2,38,17
54378,4,0,4,제일병원 1,2,38,18
54404,3,1,5,제일병원 1,2,38,18
54404,3,0,5,제일병원 1,2,38,18
54461,4,0,5,제일병원 1,2,38,19
54464,3,0,5,제일병원 1,2,38,19
54486,3,0,5,제일병원 1,2,38,20
54507,3,0,5,제일병원 1,2,38,20
54520,3,0,5,제일병원 1,2,38,20
54534,4,0,5,제일병원 1,2,38,20
54593,5,0,5,제일병원 1,2,38,21
54596,4,0,5,제일병원 1,2,38,21
54602,4,0,5,제일병원 1,2,38,22
54624,4,0,5,제일병원 1,2,38,22
54662,4,0,5,제일병원 1,2,38,23
54667,3,0,5,제일병원 1,2,38,23
54688,4,0,5,제일병원 1,2,38,23
54690,4,0,5,제일병원 1,2,38,23
54731,2,3,5,제일병원 1,3,39,0
54770,3,4,4,제일병원 1,3,39,0
54774,3,3,4,제일병원 1,3,39,0
54836,4,3,5,제일병원 1,3,39,1
54923,3,3,5,제일병원 1,3,39,3
55143,2,8,5,제일병원 1,3,39,7
55172,3,9,4,제일병원 1,3,39,7
55200,5,10,4,제일병원 1,3,39,8
55210,3,10,4,제일병원 1,3,39,8
55223,3,9,4,제일병원 1,3,39,8
55225,4,8,4,제일병원 1,3,39,8
55227,3,8,4,제일병원 1,3,39,8
55244,2,7,4,제일병원 1,3,39,8
55290,3,7,4,제일병원 1,3,39,9
55327,3,6,4,제일병원 1,3,39,10
55328,3,5,4,제일병원 1,3,39,10
55444,2,4,5,제일병원 1,3,39,12
55445,2,4,4,제일병원 1,3,39,12
55473,2,4,3,제일병원 1,3,39,12
55507,4,5,2,제일병원 1,3,39,13
55515,3,5,2,제일병원 1,3,39,13
55559,4,4,3,제일병원 1,3,39,13
55563,4,5,3,제일병원 1,3,39,14
55569,4,5,3,제일병원 1,3,39,14
55580,4,4,4,제일병원 1,3,39,14
55604,3,4,4,제일병원 1,3,39,14
55630,3,2,5,제일병원 1,3,39,15
55658,3,1,5,제일병원 1,3,39,15
55679,2,1,5,제일병원 1,3,39,15
55705,5,1,4,제일병원 1,3,39,16
55710,3,1,4,제일병원 1,3,39,16
55713,3,0,4,제일병원 1,3,39,16
55718,4,0,4,제일병원 1,3,39,16
55750,4,1,4,제일병원 1,3,39,17
55754,3,1,4,제일병원 1,3,39,17
55770,4,1,4,제일병원 1,3,39,17
55803,3,2,5,제일병원 1,3,39,18
55814,3,1,5,제일병원 1,3,39,18
55820,2,0,5,제일병원 1,3,39,18
55832,3,0,4,제일병원 1,3,39,18
55842,4,0,4,제일병원 1,3,39,18
55854,3,0,4,제일병원 1,3,39,18
56007,3,1,5,제일병원 1,3,39,21
56011,4,0,5,제일병원 1,3,39,21
56057,3,1,5,제일병원 1,3,39,22
56070,4,0,5,제일병원 1,3,39,22
56084,5,1,5,제일병원 1,3,39,22
56086,3,1,5,제일병원 1,3,39,22
56119,2,1,5,제일병원 1,3,39,23
56122,4,1,4,제일병원 1,3,39,23
56125,3,1,4,제일병원 1,3,39,23
56166,4,0,4,제일병원 1,4,40,0
56234,3,1,5,제일병원 1,4,40,1
56310,3,4,5,제일병원 1,4,40,2
56338,1,3,5,제일병원 1,4,40,2
56347,2,3,4,제일병원 1,4,40,3
56357,3,3,3,제일병원 1,4,40,3
56359,2,2,3,제일병원 1,4,40,3
56365,4,2,2,제일병원 1,4,40,3
56454,5,2,3,제일병원 1,4,40,4
56760,5,8,5,제일병원 1,4,40,10
56779,4,8,5,제일병원 1,4,40,10
56785,4,8,5,제일병원 1,4,40,10
56791,5,8,5,제일병원 1,4,40,10
56835,2,8,5,제일병원 1,4,40,11
56844,4,8,4,제일병원 1,4,40,11
56860,1,8,4,제일병원 1,4,40,11
56879,3,8,3,제일병원 1,4,40,11
56882,4,7,3,제일병원 1,4,40,12
56933,4,6,5,제일병원 1,4,40,12
56976,3,6,5,제일병원 1,4,40,13
56977,2,5,5,제일병원 1,4,40,13
56982,2,5,4,제일병원 1,4,40,13
56996,3,5,3,제일병원 1,4,40,13
57034,3,4,3,제일병원 1,4,40,14
57059,4,2,4,제일병원 1,4,40,14
57079,3,2,4,제일병원 1,4,40,15
57082,3,1,4,제일병원 1,4,40,15
57085,3,0,4,제일병원 1,4,40,15
57102,3,0,4,제일병원 1,4,40,15
57120,3,0,4,제일병원 1,4,40,16
57125,4,0,4,제일병원 1,4,40,16
57139,2,0,4,제일병원 1,4,40,16
57167,2,0,4,제일병원 1,4,40,16
57179,3,0,3,제일병원 1,4,40,16
57188,3,0,3,제일병원 1,4,40,17
57199,3,0,3,제일병원 1,4,40,17
57207,4,0,3,제일병원 1,4,40,17
57230,2,0,3,제일병원 1,4,40,17
57282,4,0,4,제일병원 1,4,40,18
57283,3,0,4,제일병원 1,4,40,18
57311,3,0,4,제일병원 1,4,40,19
57316,4,0,4,제일병원 1,4,40,19
57321,3,0,4,제일병원 1,4,40,19
57337,3,0,4,제일병원 1,4,40,19
57350,5,0,4,제일병원 1,4,40,19
57369,3,0,5,제일병원 1,4,40,20
57401,3,0,5,제일병원 1,4,40,20
57410,2,0,5,제일병원 1,4,40,20
57481,3,0,4,제일병원 1,4,40,22
57490,3,0,4,제일병원 1,4,40,22
57519,1,0,4,제일병원 1,4,40,22
57547,3,0,4,제일병원 1,4,40,23
57576,3,0,4,제일병원 1,4,40,23
57611,2,0,4,제일병원 1,5,41,0
57631,3,0,3,제일병원 1,5,41,0
57639,4,0,3,제일병원 1,5,41,0
57644,3,0,3,제일병원 1,5,41,0
57682,3,0,5,제일병원 1,5,41,1
57686,3,0,5,제일병원 1,5,41,1
57712,3,0,5,제일병원 1,5,41,1
57745,2,0,5,제일병원 1,5,41,2
57756,5,0,4,제일병원 1,5,41,2
57758,1,0,4,제일병원 1,5,41,2
57789,4,0,3,제일병원 1,5,41,3
58095,4,0,5,제일병원 1,5,41,8
58100,4,0,5,제일병원 1,5,41,8
58172,3,0,5,제일병원 1,5,41,9
58175,3,0,5,제일병원 1,5,41,9
58182,4,0,5,제일병원 1,5,41,9
58215,2,0,5,제일병원 1,5,41,10
58215,3,0,4,제일병원 1,5,41,10
58242,5,0,4,제일병원 1,5,41,10
58252,3,0,4,제일병원 1,5,41,10
58266,3,0,4,제일병원 1,5,41,11
58287,4,0,4,제일병원 1,5,41,11
58328,3,0,4,제일병원 1,5,41,12
58330,3,0,4,제일병원 1,5,41,12
58332,3,0,4,제일병원 1,5,41,12
58342,3,0,4,제일병원 1,5,41,12
58364,2,0,5,제일병원 1,5,41,12
58365,4,0,4,제일병원 1,5,41,12
58368,3,0,4,제일병원 1,5,41,12
58373,4,0,4,제일병원 1,5,41,12
58377,4,0,4,제일병원 1,5,41,12
58412,2,0,4,제일병원 1,5,41,13
58468,4,0,3,제일병원 1,5,41,14
58495,1,0,3,제일병원 1,5,41,14
58523,3,0,3,제일병원 1,5,41,15
58533,2,0,3,제일병원 1,5,41,15
58555,3,0,2,제일병원 1,5,41,15
58588,2,0,3,제일병원 1,5,41,16
58591,2,0,2,제일병원 1,5,41,16
58592,3,0,1,제일병원 1,5,41,16
58594,4,0,1,제일병원 1,5,41,16
58612,2,0,1,제일병원 1,5,41,16
58629,2,0,0,제일병원 1,5,41,17
58635,3,0,0,제일병원 1,5,41,17
58670,3,0,1,제일병원 1,5,41,17
58671,3,0,1,제일병원 1,5,41,17
58711,3,0,2,제일병원 1,5,41,18
58726,2,0,2,제일병원 1,5,41,18
58739,4,0,1,제일병원 1,5,41,18
58774,5,0,3,제일병원 1,5,41,19
58812,3,0,4,제일병원 1,5,41,20
58817,4,0,4,제일병원 1,5,41,20
58821,3,0,4,제일병원 1,5,41,20
58825,4,0,4,제일병원 1,5,41,20
58846,4,0,4,제일병원 1,5,41,20
58858,3,0,4,제일병원 1,5,41,20
58903,3,0,5,제일병원 1,5,41,21
58908,5,0,5,제일병원 1,5,41,21
58913,4,0,5,제일병원 1,5,41,21
58958,3,0,5,제일병원 1,5,41,22
58967,3,0,5,제일병원 1,5,41,22
59034,5,0,5,제일병원 1,5,41,23
59035,2,0,5,제일병원 1,5,41,23
59050,3,0,4,제일병원 1,6,42,0
59082,2,0,4,제일병원 1,6,42,0
59085,3,0,3,제일병원 1,6,42,0
59126,4,0,4,제일병원 1,6,42,1
59128,3,0,4,제일병원 1,6,42,1
59128,4,0,4,제일병원 1,6,42,1
59201,5,0,4,제일병원 1,6,42,2
59222,3,0,4,제일병원 1,6,42,3
59278,3,0,5,제일병원 1,6,42,3
59370,4,0,5,제일병원 1,6,42,5
59375,2,0,5,제일병원 1,6,42,5
59412,4,0,4,제일병원 1,6,42,6
59415,3,0,4,제일병원 1,6,42,6
59418,3,0,4,제일병원 1,6,42,6
59420,3,0,4,제일병원 1,6,42,6
59423,3,0,4,제일병원 1,6,42,6
59434,3,0,4,제일병원 1,6,42,6
59501,3,0,4,제일병원 1,6,42,7
59547,5,0,4,제일병원 1,6,42,8
59630,4,0,5,제일병원 1,6,42,9
59654,3,0,5,제일병원 1,6,42,10
59667,2,0,5,제일병원 1,6,42,10
59673,3,0,4,제일병원 1,6,42,10
59673,3,0,4,제일병원 1,6,42,10
59686,3,0,4,제일병원 1,6,42,10
59702,3,0,4,제일병원 1,6,42,11
59702,3,0,4,제일병원 1,6,42,11
59730,3,0,4,제일병원 1,6,42,11
59731,3,0,4,제일병원 1,6,42,11
59751,3,0,4,제일병원 1,6,42,11
59753,2,0,4,제일병원 1,6,42,11
59763,3,0,3,제일병원 1,6,42,12
59768,4,0,3,제일병원 1,6,42,12
59777,3,0,3,제일병원 1,6,42,12
59789,3,0,3,제일병원 1,6,42,12
59856,4,0,5,제일병원 1,6,42,13
59890,3,0,5,제일병원 1,6,42,14
59902,5,0,5,제일병원 1,6,42,14
59920,4,0,5,제일병원 1,6,42,14
59948,5,0,5,제일병원 1,6,42,15
59954,4,0,5,제일병원 1,6,42,15
59957,3,0,5,제일병원 1,6,42,15
59957,5,0,5,제일병원 1,6,42,15
59966,3,0,5,제일병원 1,6,42,15
59973,3,0,5,제일병원 1,6,42,15
59980,4,0,5,제일병원 1,6,42,15
59981,3,0,5,제일병원 1,6,42,15
59997,3,0,5,제일병원 1,6,42,15
60004,3,0,5,제일병원 1,6,42,16
60008,2,0,5,제일병원 1,6,42,16
60008,4,0,4,제일병원 1,6,42,16
60010,3,0,4,제일병원 1,6,42,16
60019,3,0,4,제일병원 1,6,42,16
60025,3,0,4,제일병원 1,6,42,16
60048,2,0,4,제일병원 1,6,42,16
60071,5,0,3,제일병원 1,6,42,17
60112,4,0,3,제일병원 1,6,42,17
60120,3,0,3,제일병원 1,6,42,18
60122,2,0,3,제일병원 1,6,42,18
60139,2,0,4,제일병원 1,6,42,18
60157,4,0,3,제일병원 1,6,42,18
60161,4,0,3,제일병원 1,6,42,18
60161,4,0,3,제일병원 1,6,42,18
60163,3,0,3,제일병원 1,6,42,18
60170,3,0,3,제일병원 1,6,42,18
60175,2,0,3,제일병원 1,6,42,18
60184,4,0,2,제일병원 1,6,42,19
60190,3,0,2,제일병원 1,6,42,19
60205,3,0,3,제일병원 1,6,42,19
60209,2,0,3,제일병원 1,6,42,19
60217,3,0,2,제일병원 1,6,42,19
60261,4,0,2,제일병원 1,6,42,20
60264,3,0,2,제일병원 1,6,42,20
60265,4,0,2,제일병원 1,6,42,20
60295,4,0,3,제일병원 1,6,42,20
60308,3,0,4,제일병원 1,6,42,21
60318,5,0,4,제일병원 1,6,42,21
60328,3,0,4,제일병원 1,6,42,21
60332,3,0,4,제일병원 1,6,42,21
60346,3,0,4,제일병원 1,6,42,21
60349,4,0,4,제일병원 1,6,42,21
60350,3,0,4,제일병원 1,6,42,21
60373,3,0,5,제일병원 1,6,42,22
60396,3,0,5,제일병원 1,6,42,22
60416,3,0,5,제일병원 1,6,42,22
60422,3,0,5,제일병원 1,6,42,23
60429,5,0,5,제일병원 1,6,42,23
60437,3,0,5,제일병원 1,6,42,23
60464,3,0,5,제일병원 1,6,42,23
60464,3,0,5,제일병원 1,6,42,23
60475,3,0,5,제일병원 1,6,42,23
60482,3,0,5,제일병원 1,0,43,0
60502,1,0,5,제일병원 1,0,43,0
60548,3,0,4,제일병원 1,0,43,1
60556,3,0,4,제일병원 1,0,43,1
60560,4,0,4,제일병원 1,0,43,1
60564,3,0,4,제일병원 1,0,43,1
60586,4,0,4,제일병원 1,0,43,1
60594,3,0,4,제일병원 1,0,43,1
60594,4,0,4,제일병원 1,0,43,1
60598,3,0,4,제일병원 1,0,43,1
60607,3,0,4,제일병원 1,0,43,2
60607,3,0,4,제일병원 1,0,43,2
60652,3,0,4,제일병원 1,0,43,2
60653,5,0,4,제일병원 1,0,43,2
60686,2,0,5,제일병원 1,0,43,3
60713,3,0,4,제일병원 1,0,43,3
60818,3,0,5,제일병원 1,0,43,5
60855,3,0,5,제일병원 1,0,43,6
60875,3,0,5,제일병원 1,0,43,6
60888,4,0,5,제일병원 1,0,43,6
60910,3,0,5,제일병원 1,0,43,7
60916,3,0,5,제일병원 1,0,43,7
60922,3,0,5,제일병원 1,0,43,7
60947,3,0,5,제일병원 1,0,43,7
60947,2,0,5,제일병원 1,0,43,7
60995,4,0,4,제일병원 1,0,43,8
61009,3,0,4,제일병원 1,0,43,8
61009,3,0,4,제일병원 1,0,43,8
61048,3,0,4,제일병원 1,0,43,9
61053,4,0,4,제일병원 1,0,43,9
61065,3,0,4,제일병원 1,0,43,9
61080,3,0,4,제일병원 1,0,43,10
61092,4,0,5,제일병원 1,0,43,10
61107,3,0,5,제일병원 1,0,43,10
61132,5,0,5,제일병원 1,0,43,10
61133,3,0,5,제일병원 1,0,43,10
61146,3,0,5,제일병원 1,0,43,11
61168,3,0,5,제일병원 1,0,43,11
61188,3,0,5,제일병원 1,0,43,11
61189,2,0,5,제일병원 1,0,43,11
61213,3,0,4,제일병원 1,0,43,12
61216,4,0,4,제일병원 1,0,43,12
61247,3,0,4,제일병원 1,0,43,12
61259,1,0,4,제일병원 1,0,43,12
61283,5,0,3,제일병원 1,0,43,13
61293,3,0,3,제일병원 1,0,43,13
61320,5,0,3,제일병원 1,0,43,14
61368,4,0,5,제일병원 1,0,43,14
61373,3,0,5,제일병원 1,0,43,14
61388,3,0,5,제일병원 1,0,43,15
61396,3,0,5,제일병원 1,0,43,15
61419,4,0,5,제일병원 1,0,43,15
61445,3,0,5,제일병원 1,0,43,16
61451,2,0,5,제일병원 1,0,43,16
61459,5,0,4,제일병원 1,0,43,16
61461,3,0,4,제일병원 1,0,43,16
61469,2,0,4,제일병원 1,0,43,16
61507,3,0,3,제일병원 1,0,43,17
61514,5,0,3,제일병원 1,0,43,17
61518,3,0,3,제일병원 1,0,43,17
61520,3,0,3,제일병원 1,0,43,17
61523,3,0,3,제일병원 1,0,43,17
61530,3,0,4,제일병원 1,0,43,17
61532,3,0,4,제일병원 1,0,43,17
61540,3,0,4,제일병원 1,0,43,17
61548,4,0,4,제일병원 1,0,43,17
61558,3,0,4,제일병원 1,0,43,17
61565,5,0,4,제일병원 1,0,43,18
61566,5,0,4,제일병원 1,0,43,18
61579,2,0,4,제일병원 1,0,43,18
61615,4,0,4,제일병원 1,0,43,18
61617,3,0,4,제일병원 1,0,43,18
61623,3,0,4,제일병원 1,0,43,19
61648,5,0,4,제일병원 1,0,43,19
61648,4,0,4,제일병원 1,0,43,19
61685,1,0,4,제일병원 1,0,43,20
61715,3,0,3,제일병원 1,0,43,20
61719,3,0,3,제일병원 1,0,43,20
61726,2,0,3,제일병원 1,0,43,20
61745,3,0,2,제일병원 1,0,43,21
61757,4,0,2,제일병원 1,0,43,21
61771,3,0,3,제일병원 1,0,43,21
61774,3,0,3,제일병원 1,0,43,21
61801,3,0,3,제일병원 1,0,43,22
61806,4,0,3,제일병원 1,0,43,22
61844,4,0,5,제일병원 1,0,43,22
61854,4,0,5,제일병원 1,0,43,22
61862,3,0,5,제일병원 1,0,43,23
61865,3,0,5,제일병원 1,0,43,23
61902,4,0,5,제일병원 1,0,43,23
61907,3,0,5,제일병원 1,0,43,23
61912,4,0,5,제일병원 1,0,43,23
61919,2,0,5,제일병원 1,0,43,23
61922,4,0,4,제일병원 1,1,44,0
61998,3,0,4,제일병원 1,1,44,1
62007,4,0,4,제일병원 1,1,44,1
62049,3,0,5,제일병원 1,1,44,2
62106,3,0,5,제일병원 1,1,44,3
62193,3,0,5,제일병원 1,1,44,4
62254,4,0,5,제일병원 1,1,44,5
62286,3,0,5,제일병원 1,1,44,6
62331,3,0,5,제일병원 1,1,44,6
62361,5,0,5,제일병원 1,1,44,7
62413,3,0,5,제일병원 1,1,44,8
62433,3,0,5,제일병원 1,1,44,8
62455,5,0,5,제일병원 1,1,44,8
62480,3,0,5,제일병원 1,1,44,9
62508,3,0,5,제일병원 1,1,44,9
62550,3,0,5,제일병원 1,1,44,10
62550,3,0,5,제일병원 1,1,44,10
62568,5,0,5,제일병원 1,1,44,10
62572,3,0,5,제일병원 1,1,44,10
62597,4,0,5,제일병원 1,1,44,11
62610,3,0,5,제일병원 1,1,44,11
62641,3,0,5,제일병원 1,1,44,12
62717,3,0,5,제일병원 1,1,44,13
62749,4,0,5,제일병원 1,1,44,13
62784,4,0,5,제일병원 1,1,44,14
62793,3,0,5,제일병원 1,1,44,14
62813,3,0,5,제일병원 1,1,44,14
62850,5,0,5,제일병원 1,1,44,15
62919,4,0,5,제일병원 1,1,44,16
62939,3,0,5,제일병원 1,1,44,16
62950,3,0,5,제일병원 1,1,44,17
62996,4,0,5,제일병원 1,1,44,17
63004,3,0,5,제일병원 1,1,44,18
63010,3,0,5,제일병원 1,1,44,18
63020,4,0,5,제일병원 1,1,44,18
63030,3,0,5,제일병원 1,1,44,18
63054,3,0,5,제일병원 1,1,44,18
63144,2,0,5,제일병원 1,1,44,20
63154,5,0,4,제일병원 1,1,44,20
63166,4,0,4,제일병원 1,1,44,20
63201,3,0,4,제일병원 1,1,44,21
63220,3,0,4,제일병원 1,1,44,21
63251,2,0,4,제일병원 1,1,44,22
63265,2,0,4,제일병원 1,1,44,22
63269,3,0,3,제일병원 1,1,44,22
63277,3,0,3,제일병원 1,1,44,22
63324,5,0,3,제일병원 1,1,44,23
63334,3,0,3,제일병원 1,1,44,23
63346,3,0,3,제일병원 1,1,44,23
63350,4,0,3,제일병원 1,1,44,23
63361,4,0,3,제일병원 1,2,45,0
63452,3,0,5,제일병원 1,2,45,1
63485,2,0,5,제일병원 1,2,45,2
63530,5,0,4,제일병원 1,2,45,2
63533,5,0,4,제일병원 1,2,45,2
63619,3,0,5,제일병원 1,2,45,4
63650,3,0,5,제일병원 1,2,45,4
63764,3,0,5,제일병원 1,2,45,6
63808,3,0,5,제일병원 1,2,45,7
63814,5,0,5,제일병원 1,2,45,7
63821,5,0,5,제일병원 1,2,45,7
63838,3,0,5,제일병원 1,2,45,7
63968,5,0,5,제일병원 1,2,45,10
63992,3,0,5,제일병원 1,2,45,10
64005,3,0,5,제일병원 1,2,45,10
64115,1,0,5,제일병원 1,2,45,12
64122,3,0,4,제일병원 1,2,45,12
64133,4,0,4,제일병원 1,2,45,12
64138,3,0,4,제일병원 1,2,45,12
64179,4,0,4,제일병원 1,2,45,13
64207,1,0,4,제일병원 1,2,45,14
64223,3,0,4,제일병원 1,2,45,14
64227,3,0,4,제일병원 1,2,45,14
64261,3,0,4,제일병원 1,2,45,15
64271,4,0,4,제일병원 1,2,45,15
64277,2,0,4,제일병원 1,2,45,15
64299,4,0,3,제일병원 1,2,45,15
64322,3,0,3,제일병원 1,2,45,16
64369,3,0,3,제일병원 1,2,45,16
64370,1,0,3,제일병원 1,2,45,16
64371,4,0,2,제일병원 1,2,45,16
64382,3,0,2,제일병원 1,2,45,17
64387,3,0,3,제일병원 1,2,45,17
64406,3,0,3,제일병원 1,2,45,17
64441,4,0,4,제일병원 1,2,45,18
64450,4,0,5,제일병원 1,2,45,18
64517,5,0,5,제일병원 1,2,45,19
64534,3,0,5,제일병원 1,2,45,19
64537,3,0,5,제일병원 1,2,45,19
64569,2,0,5,제일병원 1,2,45,20
64595,3,0,4,제일병원 1,2,45,20
64616,3,0,4,제일병원 1,2,45,20
64623,3,0,4,제일병원 1,2,45,21
64634,3,0,4,제일병원 1,2,45,21
64655,1,0,4,제일병원 1,2,45,21
64673,3,0,4,제일병원 1,2,45,21
64676,3,0,4,제일병원 1,2,45,21
64684,2,0,4,제일병원 1,2,45,22
64695,3,0,3,제일병원 1,2,45,22
64704,1,0,3,제일병원 1,2,45,22
64735,3,0,2,제일병원 1,2,45,22
64752,2,0,2,제일병원 1,2,45,23
64773,3,0,1,제일병원 1,2,45,23
64773,3,0,1,제일병원 1,2,45,23
64783,3,0,2,제일병원 1,2,45,23
64817,4,0,3,제일병원 1,3,46,0
64821,4,0,3,제일병원 1,3,46,0
64824,3,0,3,제일병원 1,3,46,0
64827,4,0,3,제일병원 1,3,46,0
64891,3,0,4,제일병원 1,3,46,1
64923,3,0,5,제일병원 1,3,46,2
64969,4,0,5,제일병원 1,3,46,2
65043,3,0,5,제일병원 1,3,46,4
65056,5,0,5,제일병원 1,3,46,4
65119,3,0,5,제일병원 1,3,46,5
65132,3,0,5,제일병원 1,3,46,5
65320,3,0,5,제일병원 1,3,46,8
65354,5,0,5,제일병원 1,3,46,9
65354,3,0,5,제일병원 1,3,46,9
65372,3,0,5,제일병원 1,3,46,9
65397,3,0,5,제일병원 1,3,46,9
65405,4,0,5,제일병원 1,3,46,10
65439,5,0,5,제일병원 1,3,46,10
65467,3,0,5,제일병원 1,3,46,11
65496,4,0,5,제일병원 1,3,46,11
65581,4,0,5,제일병원 1,3,46,13
65606,4,0,5,제일병원 1,3,46,13
65610,5,0,5,제일병원 1,3,46,13
65624,4,0,5,제일병원 1,3,46,13
65626,4,0,5,제일병원 1,3,46,13
65638,3,0,5,제일병원 1,3,46,13
65647,4,0,5,제일병원 1,3,46,14
65651,3,0,5,제일병원 1,3,46,14
65674,3,0,5,제일병원 1,3,46,14
65688,3,0,5,제일병원 1,3,46,14
65691,1,0,5,제일병원 1,3,46,14
65713,4,0,4,제일병원 1,3,46,15
65720,3,0,4,제일병원 1,3,46,15
65824,4,0,4,제일병원 1,3,46,17
65843,3,0,5,제일병원 1,3,46,17
65879,5,0,5,제일병원 1,3,46,17
65953,4,0,5,제일병원 1,3,46,19
65990,4,0,5,제일병원 1,3,46,19
66051,1,0,5,제일병원 1,3,46,20
66052,2,0,4,제일병원 1,3,46,20
66219,3,0,5,제일병원 1,3,46,23
66232,4,0,5,제일병원 1,3,46,23
66247,3,0,5,제일병원 1,4,47,0
66262,4,0,5,제일병원 1,4,47,0
66306,4,0,5,제일병원 1,4,47,1
66344,3,0,5,제일병원 1,4,47,1
66351,2,0,5,제일병원 1,4,47,1
66361,4,0,4,제일병원 1,4,47,2
66521,4,0,5,제일병원 1,4,47,4
66798,2,0,5,제일병원 1,4,47,9
66833,3,0,4,제일병원 1,4,47,9
66833,3,0,4,제일병원 1,4,47,9
66863,3,0,5,제일병원 1,4,47,10
66863,2,0,5,제일병원 1,4,47,10
66874,3,0,4,제일병원 1,4,47,10
66907,4,0,4,제일병원 1,4,47,11
66980,3,0,5,제일병원 1,4,47,12
67027,3,0,5,제일병원 1,4,47,13
67051,3,0,5,제일병원 1,4,47,13
67074,3,0,5,제일병원 1,4,47,13
67090,3,0,5,제일병원 1,4,47,14
67129,3,0,5,제일병원 1,4,47,14
67131,3,0,5,제일병원 1,4,47,14
67140,3,0,5,제일병원 1,4,47,15
67142,3,0,5,제일병원 1,4,47,15
67148,4,0,5,제일병원 1,4,47,15
67166,3,0,5,제일병원 1,4,47,15
67178,4,0,5,제일병원 1,4,47,15
67186,1,0,5,제일병원 1,4,47,15
67196,3,0,4,제일병원 1,4,47,15
67199,3,0,4,제일병원 1,4,47,15
67220,3,0,4,제일병원 1,4,47,16
67249,3,0,4,제일병원 1,4,47,16
67289,5,0,5,제일병원 1,4,47,17
67298,3,0,5,제일병원 1,4,47,17
67316,3,0,5,제일병원 1,4,47,17
67340,4,0,5,제일병원 1,4,47,18
67360,3,0,5,제일병원 1,4,47,18
67398,5,0,5,제일병원 1,4,47,19
67422,4,0,5,제일병원 1,4,47,19
67429,3,0,5,제일병원 1,4,47,19
67440,5,0,5,제일병원 1,4,47,20
67456,2,0,5,제일병원 1,4,47,20
67486,3,0,4,제일병원 1,4,47,20
67502,4,0,4,제일병원 1,4,47,21
67523,5,0,4,제일병원 1,4,47,21
67561,3,0,5,제일병원 1,4,47,22
67592,3,0,5,제일병원 1,4,47,22
67619,3,0,5,제일병원 1,4,47,22
67621,4,0,5,제일병원 1,4,47,23
67636,4,0,5,제일병원 1,4,47,23
67762,2,0,5,제일병원 1,5,48,1
67765,3,0,4,제일병원 1,5,48,1
67773,3,0,4,제일병원 1,5,48,1
67784,3,0,4,제일병원 1,5,48,1
67823,2,0,4,제일병원 1,5,48,2
67829,4,0,3,제일병원 1,5,48,2
67875,3,0,4,제일병원 1,5,48,3
67942,4,0,5,제일병원 1,5,48,4
68041,3,0,5,제일병원 1,5,48,6
68057,3,0,5,제일병원 1,5,48,6
68119,4,0,5,제일병원 1,5,48,7
68122,3,0,5,제일병원 1,5,48,7
68139,4,0,5,제일병원 1,5,48,7
68143,3,0,5,제일병원 1,5,48,7
68187,1,0,5,제일병원 1,5,48,8
68206,4,0,4,제일병원 1,5,48,8
68225,4,0,4,제일병원 1,5,48,9
68250,3,0,4,제일병원 1,5,48,9
68263,4,0,4,제일병원 1,5,48,9
68266,4,0,4,제일병원 1,5,48,9
68266,3,0,4,제일병원 1,5,48,9
68314,3,0,5,제일병원 1,5,48,10
68332,3,0,5,제일병원 1,5,48,10
68335,4,0,5,제일병원 1,5,48,10
68349,3,0,5,제일병원 1,5,48,11
68367,3,0,5,제일병원 1,5,48,11
68375,4,0,5,제일병원 1,5,48,11
68395,3,0,5,제일병원 1,5,48,11
68405,4,0,5,제일병원 1,5,48,12
68504,3,0,5,제일병원 1,5,48,13
68513,4,0,5,제일병원 1,5,48,13
68522,3,0,5,제일병원 1,5,48,14
68567,2,1,5,제일병원 1,5,48,14
68572,3,2,4,제일병원 1,5,48,14
68579,3,1,4,제일병원 1,5,48,14
68602,2,0,4,제일병원 1,5,48,15
68611,3,1,3,제일병원 1,5,48,15
68675,3,2,3,제일병원 1,5,48,16
68686,2,2,3,제일병원 1,5,48,16
68700,3,2,2,제일병원 1,5,48,17
68742,3,1,3,제일병원 1,5,48,17
68819,4,1,4,제일병원 1,5,48,18
68873,3,1,5,제일병원 1,5,48,19
68890,3,1,5,제일병원 1,5,48,20
68896,3,1,5,제일병원 1,5,48,20
68902,4,0,5,제일병원 1,5,48,20
68903,2,0,5,제일병원 1,5,48,20
68912,3,0,4,제일병원 1,5,48,20
68971,4,1,4,제일병원 1,5,48,21
69014,4,1,5,제일병원 1,5,48,22
69029,3,1,5,제일병원 1,5,48,22
69072,5,2,5,제일병원 1,5,48,23
69090,4,3,5,제일병원 1,5,48,23
69091,4,3,5,제일병원 1,5,48,23
69099,4,3,5,제일병원 1,5,48,23
69116,5,5,5,제일병원 1,5,48,23
69197,3,6,5,제일병원 1,6,49,1
69217,3,5,5,제일병원 1,6,49,1
69219,3,4,5,제일병원 1,6,49,1
69250,4,6,5,제일병원 1,6,49,2
69277,5,6,5,제일병원 1,6,49,2
69285,5,6,5,제일병원 1,6,49,2
69335,3,6,5,제일병원 1,6,49,3
69446,3,6,5,제일병원 1,6,49,5
69462,3,5,5,제일병원 1,6,49,5
69538,3,7,5,제일병원 1,6,49,6
69544,3,6,5,제일병원 1,6,49,7
69586,3,5,5,제일병원 1,6,49,7
69595,4,5,5,제일병원 1,6,49,7
69606,3,5,5,제일병원 1,6,49,8
69643,3,5,5,제일병원 1,6,49,8
69645,3,4,5,제일병원 1,6,49,8
69652,3,3,5,제일병원 1,6,49,8
69661,4,2,5,제일병원 1,6,49,9
69664,3,2,5,제일병원 1,6,49,9
69690,5,1,5,제일병원 1,6,49,9
69695,3,1,5,제일병원 1,6,49,9
69701,3,0,5,제일병원 1,6,49,9
69728,4,0,5,제일병원 1,6,49,10
69737,4,0,5,제일병원 1,6,49,10
69752,3,0,5,제일병원 1,6,49,10
69755,4,0,5,제일병원 1,6,49,10
69758,3,0,5,제일병원 1,6,49,10
69769,3,0,5,제일병원 1,6,49,10
69783,3,0,5,제일병원 1,6,49,11
69788,1,0,5,제일병원 1,6,49,11
69792,3,0,4,제일병원 1,6,49,11
69816,4,0,4,제일병원 1,6,49,11
69817,3,0,4,제일병원 1,6,49,11
69853,4,0,4,제일병원 1,6,49,12
69873,3,0,4,제일병원 1,6,49,12
69879,3,0,4,제일병원 1,6,49,12
69889,3,0,4,제일병원 1,6,49,12
69929,3,0,4,제일병원 1,6,49,13
69942,4,0,4,제일병원 1,6,49,13
69959,5,0,5,제일병원 1,6,49,13
69977,4,0,5,제일병원 1,6,49,14
70011,4,0,5,제일병원 1,6,49,14
70022,3,0,5,제일병원 1,6,49,15
70038,3,0,5,제일병원 1,6,49,15
70048,3,0,5,제일병원 1,6,49,15
70071,4,0,5,제일병원 1,6,49,15
70072,2,0,5,제일병원 1,6,49,15
70081,4,0,4,제일병원 1,6,49,16
70085,4,0,4,제일병원 1,6,49,16
70087,3,0,4,제일병원 1,6,49,16
70090,3,0,4,제일병원 1,6,49,16
70100,4,0,4,제일병원 1,6,49,16
70104,3,0,4,제일병원 1,6,49,16
70129,5,0,4,제일병원 1,6,49,16
70157,3,0,4,제일병원 1,6,49,17
70164,3,0,4,제일병원 1,6,49,17
70185,3,0,5,제일병원 1,6,49,17
70191,3,0,5,제일병원 1,6,49,17
70192,4,0,5,제일병원 1,6,49,17
70201,4,0,5,제일병원 1,6,49,18
70235,4,0,5,제일병원 1,6,49,18
70290,5,0,5,제일병원 1,6,49,19
70308,3,0,5,제일병원 1,6,49,19
70308,3,0,5,제일병원 1,6,49,19
70352,4,0,5,제일병원 1,6,49,20
70354,4,0,5,제일병원 1,6,49,20
70365,3,0,5,제일병원 1,6,49,20
70458,4,0,5,제일병원 1,6,49,22
70468,2,1,5,제일병원 1,6,49,22
70472,2,1,4,제일병원 1,6,49,22
70483,5,2,3,제일병원 1,6,49,22
70488,3,2,3,제일병원 1,6,49,22
70540,3,2,3,제일병원 1,6,49,23
70547,3,1,3,제일병원 1,6,49,23
70600,2,2,4,제일병원 1,0,50,0
70601,2,2,3,제일병원 1,0,50,0
70621,3,2,2,제일병원 1,0,50,1
70635,3,1,2,제일병원 1,0,50,1
70697,3,2,3,제일병원 1,0,50,2
70699,5,1,3,제일병원 1,0,50,2
70714,3,1,3,제일병원 1,0,50,2
70715,4,0,3,제일병원 1,0,50,2
70785,5,0,5,제일병원 1,0,50,3
70873,2,1,5,제일병원 1,0,50,5
70891,2,1,4,제일병원 1,0,50,5
70893,4,1,3,제일병원 1,0,50,5
70968,3,5,3,제일병원 1,0,50,6
71010,3,2,5,제일병원 1,0,50,7
71055,3,1,5,제일병원 1,0,50,8
71062,3,0,5,제일병원 1,0,50,8
71082,2,0,5,제일병원 1,0,50,8
71106,4,0,4,제일병원 1,0,50,9
71110,3,0,4,제일병원 1,0,50,9
71113,3,0,4,제일병원 1,0,50,9
71150,3,0,4,제일병원 1,0,50,9
71158,5,0,4,제일병원 1,0,50,9
71161,3,0,4,제일병원 1,0,50,10
71163,4,0,4,제일병원 1,0,50,10
71176,4,0,4,제일병원 1,0,50,10
71178,1,0,4,제일병원 1,0,50,10
71187,4,0,3,제일병원 1,0,50,10
71190,4,0,3,제일병원 1,0,50,10
71211,5,0,4,제일병원 1,0,50,10
71212,2,0,4,제일병원 1,0,50,10
71239,2,0,3,제일병원 1,0,50,11
71257,5,0,2,제일병원 1,0,50,11
71295,4,0,3,제일병원 1,0,50,12
71300,3,0,3,제일병원 1,0,50,12
71324,3,0,3,제일병원 1,0,50,12
71338,3,0,5,제일병원 1,0,50,12
71347,4,0,5,제일병원 1,0,50,13
71350,3,0,5,제일병원 1,0,50,13
71357,3,0,5,제일병원 1,0,50,13
71361,3,0,5,제일병원 1,0,50,13
71392,5,0,5,제일병원 1,0,50,13
71441,3,0,5,제일병원 1,0,50,14
71472,3,0,5,제일병원 1,0,50,15
71516,3,0,5,제일병원 1,0,50,15
71588,3,0,5,제일병원 1,0,50,17
71590,3,0,5,제일병원 1,0,50,17
71597,4,0,5,제일병원 1,0,50,17
71607,4,0,5,제일병원 1,0,50,17
71637,3,0,5,제일병원 1,0,50,17
71651,4,0,5,제일병원 1,0,50,18
71686,3,0,5,제일병원 1,0,50,18
71709,3,0,5,제일병원 1,0,50,19
71710,5,0,5,제일병원 1,0,50,19
71713,3,0,5,제일병원 1,0,50,19
71737,4,0,5,제일병원 1,0,50,19
71743,5,0,5,제일병원 1,0,50,19
71758,5,0,5,제일병원 1,0,50,19
71758,5,0,5,제일병원 1,0,50,19
71785,2,0,5,제일병원 1,0,50,20
71790,3,0,4,제일병원 1,0,50,20
71793,3,0,4,제일병원 1,0,50,20
71796,2,0,4,제일병원 1,0,50,20
71803,2,0,3,제일병원 1,0,50,20
71811,3,0,2,제일병원 1,0,50,20
71834,3,0,2,제일병원 1,0,50,21
71849,4,0,2,제일병원 1,0,50,21
71849,4,0,2,제일병원 1,0,50,21
71860,4,0,2,제일병원 1,0,50,21
71867,4,0,2,제일병원 1,0,50,21
71910,3,0,4,제일병원 1,0,50,22
71913,3,0,4,제일병원 1,0,50,22
71926,4,0,4,제일병원 1,0,50,22
71950,3,0,4,제일병원 1,0,50,23
71953,3,0,5,제일병원 1,0,50,23
71971,4,0,5,제일병원 1,0,50,23
71980,3,0,5,제일병원 1,0,50,23
71984,4,0,5,제일병원 1,0,50,23
71998,3,0,5,제일병원 1,0,50,23
72011,3,0,5,제일병원 1,1,51,0
72049,3,0,5,제일병원 1,1,51,0
72078,1,0,5,제일병원 1,1,51,1
72093,2,0,4,제일병원 1,1,51,1
72112,3,0,3,제일병원 1,1,51,1
72296,4,0,5,제일병원 1,1,51,4
72305,3,0,5,제일병원 1,1,51,5
72372,4,0,5,제일병원 1,1,51,6
72454,1,0,5,제일병원 1,1,51,7
72462,3,0,4,제일병원 1,1,51,7
72463,4,0,4,제일병원 1,1,51,7
72490,3,0,4,제일병원 1,1,51,8
72495,3,0,4,제일병원 1,1,51,8
72501,3,0,4,제일병원 1,1,51,8
72563,3,0,4,제일병원 1,1,51,9
72598,2,0,5,제일병원 1,1,51,9
72622,5,0,4,제일병원 1,1,51,10
72638,5,0,4,제일병원 1,1,51,10
72645,3,0,4,제일병원 1,1,51,10
72660,3,0,4,제일병원 1,1,51,11
72679,1,0,4,제일병원 1,1,51,11
72695,3,0,3,제일병원 1,1,51,11
72713,2,0,3,제일병원 1,1,51,11
72714,4,0,2,제일병원 1,1,51,11
72731,4,0,3,제일병원 1,1,51,12
72739,2,0,3,제일병원 1,1,51,12
72748,3,0,2,제일병원 1,1,51,12
72787,5,0,3,제일병원 1,1,51,13
72797,2,0,3,제일병원 1,1,51,13
72805,4,0,2,제일병원 1,1,51,13
72879,3,0,4,제일병원 1,1,51,14
72905,3,0,4,제일병원 1,1,51,15
72911,3,0,4,제일병원 1,1,51,15
72940,3,0,4,제일병원 1,1,51,15
72965,4,0,5,제일병원 1,1,51,16
72968,3,0,5,제일병원 1,1,51,16
72972,3,0,5,제일병원 1,1,51,16
72992,4,0,5,제일병원 1,1,51,16
73014,3,0,5,제일병원 1,1,51,16
73014,3,0,5,제일병원 1,1,51,16
73030,3,0,5,제일병원 1,1,51,17
73039,3,0,5,제일병원 1,1,51,17
73043,3,0,5,제일병원 1,1,51,17
73046,4,0,5,제일병원 1,1,51,17
73046,4,0,5,제일병원 1,1,51,17
73055,3,0,5,제일병원 1,1,51,17
73058,3,0,5,제일병원 1,1,51,17
73070,4,0,5,제일병원 1,1,51,17
73118,3,0,5,제일병원 1,1,51,18
73125,3,0,5,제일병원 1,1,51,18
73127,2,0,5,제일병원 1,1,51,18
73134,3,0,4,제일병원 1,1,51,18
73146,5,0,4,제일병원 1,1,51,19
73180,3,0,4,제일병원 1,1,51,19
73180,3,0,4,제일병원 1,1,51,19
73195,4,0,4,제일병원 1,1,51,19
73201,2,0,4,제일병원 1,1,51,20
73218,3,0,4,제일병원 1,1,51,20
73231,5,0,4,제일병원 1,1,51,20
73232,3,0,4,제일병원 1,1,51,20
73246,3,0,4,제일병원 1,1,51,20
73273,3,0,4,제일병원 1,1,51,21
73291,3,0,4,제일병원 1,1,51,21
73304,4,0,4,제일병원 1,1,51,21
73306,4,0,4,제일병원 1,1,51,21
73308,3,0,4,제일병원 1,1,51,21
73320,4,0,4,제일병원 1,1,51,22
73329,3,0,4,제일병원 1,1,51,22
73385,3,0,5,제일병원 1,1,51,23
73398,5,0,5,제일병원 1,1,51,23
73407,3,0,5,제일병원 1,1,51,23
73409,3,0,5,제일병원 1,1,51,23
73416,4,0,5,제일병원 1,1,51,23
73445,4,0,5,제일병원 1,2,52,0
73454,3,0,5,제일병원 1,2,52,0
73459,4,0,5,제일병원 1,2,52,0
73462,4,0,5,제일병원 1,2,52,0
73465,3,0,5,제일병원 1,2,52,0
73521,3,0,5,제일병원 1,2,52,1
73534,5,0,5,제일병원 1,2,52,1
73537,3,0,5,제일병원 1,2,52,1
73579,4,0,5,제일병원 1,2,52,2
73640,4,0,5,제일병원 1,2,52,3
73666,4,0,5,제일병원 1,2,52,3
73684,5,0,5,제일병원 1,2,52,4
73723,2,0,5,제일병원 1,2,52,4
73828,4,0,4,제일병원 1,2,52,6
73870,3,0,5,제일병원 1,2,52,7
73882,3,0,5,제일병원 1,2,52,7
73916,2,0,5,제일병원 1,2,52,7
73944,5,0,4,제일병원 1,2,52,8
74002,1,0,4,제일병원 1,2,52,9
74033,3,0,3,제일병원 1,2,52,9
74033,1,0,3,제일병원 1,2,52,9
74038,3,0,2,제일병원 1,2,52,9
74066,4,0,2,제일병원 1,2,52,10
74073,3,0,2,제일병원 1,2,52,10
74081,3,0,3,제일병원 1,2,52,10
74102,3,0,3,제일병원 1,2,52,11
74109,3,0,4,제일병원 1,2,52,11
74157,1,0,4,제일병원 1,2,52,11
74211,2,0,4,제일병원 1,2,52,12
74214,3,0,3,제일병원 1,2,52,12
74228,3,0,3,제일병원 1,2,52,13
74239,4,0,3,제일병원 1,2,52,13
74241,4,0,3,제일병원 1,2,52,13
74286,4,0,4,제일병원 1,2,52,14
74322,5,0,4,제일병원 1,2,52,14
74329,2,0,4,제일병원 1,2,52,14
74337,3,0,4,제일병원 1,2,52,14
74342,5,0,4,제일병원 1,2,52,15
74346,3,0,4,제일병원 1,2,52,15
74355,3,0,4,제일병원 1,2,52,15
74362,2,0,4,제일병원 1,2,52,15
74431,2,0,3,제일병원 1,2,52,16
74433,3,0,2,제일병원 1,2,52,16
74443,3,0,2,제일병원 1,2,52,16
74448,4,0,2,제일병원 1,2,52,16
74467,3,0,3,제일병원 1,2,52,17
74599,5,0,5,제일병원 1,2,52,19
74604,3,0,5,제일병원 1,2,52,19
74608,5,0,5,제일병원 1,2,52,19
74658,3,0,5,제일병원 1,2,52,20
74665,5,0,5,제일병원 1,2,52,20
74667,5,0,5,제일병원 1,2,52,20
74683,3,0,5,제일병원 1,2,52,20
74693,4,0,5,제일병원 1,2,52,20
74703,3,0,5,제일병원 1,2,52,21
74712,3,0,5,제일병원 1,2,52,21
74733,2,0,5,제일병원 1,2,52,21
74802,5,0,4,제일병원 1,2,52,22
74824,3,0,4,제일병원 1,2,52,23
74837,5,0,4,제일병원 1,2,52,23
74839,4,0,4,제일병원 1,2,52,23
74852,3,0,4,제일병원 1,2,52,23
74875,1,0,4,제일병원 1,2,52,23
74896,4,0,4,제일병원 1,3,53,0
74952,3,0,4,제일병원 1,3,53,1
74996,1,0,5,제일병원 1,3,53,1
75023,3,0,4,제일병원 1,3,53,2
75044,5,0,4,제일병원 1,3,53,2
75059,3,0,4,제일병원 1,3,53,2
75060,4,0,4,제일병원 1,3,53,3
75190,4,0,5,제일병원 1,3,53,5
75270,5,0,5,제일병원 1,3,53,6
75275,4,0,5,제일병원 1,3,53,6
75277,2,0,5,제일병원 1,3,53,6
75292,3,0,4,제일병원 1,3,53,6
75404,2,0,5,제일병원 1,3,53,8
75468,3,0,4,제일병원 1,3,53,9
75475,3,0,4,제일병원 1,3,53,9
75478,5,0,4,제일병원 1,3,53,9
75486,3,0,4,제일병원 1,3,53,10
75508,3,0,4,제일병원 1,3,53,10
75513,4,0,4,제일병원 1,3,53,10
75520,2,0,4,제일병원 1,3,53,10
75549,3,0,4,제일병원 1,3,53,11
75557,2,0,4,제일병원 1,3,53,11
75561,4,0,3,제일병원 1,3,53,11
75575,3,0,3,제일병원 1,3,53,11
75591,2,0,3,제일병원 1,3,53,11
75612,4,0,2,제일병원 1,3,53,12
75679,3,0,3,제일병원 1,3,53,13
75682,2,0,3,제일병원 1,3,53,13
75698,3,0,2,제일병원 1,3,53,13
75746,4,0,3,제일병원 1,3,53,14
75747,3,0,3,제일병원 1,3,53,14
75748,2,0,3,제일병원 1,3,53,14
75789,4,0,3,제일병원 1,3,53,15
75869,3,0,5,제일병원 1,3,53,16
75870,4,0,5,제일병원 1,3,53,16
75920,3,0,5,제일병원 1,3,53,17
75999,4,0,5,제일병원 1,3,53,18
76113,2,0,5,제일병원 1,3,53,20
76118,3,0,4,제일병원 1,3,53,20
76131,2,0,4,제일병원 1,3,53,20
76152,4,0,3,제일병원 1,3,53,21
76183,4,0,3,제일병원 1,3,53,21
76196,3,0,3,제일병원 1,3,53,21
76266,3,0,5,제일병원 1,3,53,23
76330,5,0,5,제일병원 1,4,54,0
76385,3,0,5,제일병원 1,4,54,1
76455,4,0,5,제일병원 1,4,54,2
76554,2,0,5,제일병원 1,4,54,3
76564,3,0,4,제일병원 1,4,54,4
77204,3,9,5,제일병원 1,4,54,14
77239,4,8,5,제일병원 1,4,54,15
77244,5,8,5,제일병원 1,4,54,15
77247,5,8,5,제일병원 1,4,54,15
77263,3,8,5,제일병원 1,4,54,15
77283,4,7,5,제일병원 1,4,54,16
77374,3,8,5,제일병원 1,4,54,17
77413,5,7,5,제일병원 1,4,54,18
77472,3,8,5,제일병원 1,4,54,19
77482,5,7,5,제일병원 1,4,54,19
77516,2,7,5,제일병원 1,4,54,19
77535,3,7,4,제일병원 1,4,54,20
77546,3,6,4,제일병원 1,4,54,20
77553,3,6,4,제일병원 1,4,54,20
77637,3,5,5,제일병원 1,4,54,21
77706,3,4,5,제일병원 1,4,54,23
77708,4,3,5,제일병원 1,4,54,23
77738,4,5,5,제일병원 1,4,54,23
77763,4,5,5,제일병원 1,5,55,0
77776,2,5,5,제일병원 1,5,55,0
77803,5,6,4,제일병원 1,5,55,0
77856,3,7,4,제일병원 1,5,55,1
77871,2,6,4,제일병원 1,5,55,1
77912,3,7,3,제일병원 1,5,55,2
77966,3,6,4,제일병원 1,5,55,3
78016,3,5,4,제일병원 1,5,55,4
78056,5,5,5,제일병원 1,5,55,4
78070,3,5,5,제일병원 1,5,55,5
78088,2,4,5,제일병원 1,5,55,5
78592,3,11,5,제일병원 1,5,55,13
78649,3,10,5,제일병원 1,5,55,14
78676,3,9,5,제일병원 1,5,55,15
78679,3,8,5,제일병원 1,5,55,15
78695,3,7,5,제일병원 1,5,55,15
78721,3,6,5,제일병원 1,5,55,16
78760,3,5,5,제일병원 1,5,55,16
78798,3,4,5,제일병원 1,5,55,17
78817,4,3,5,제일병원 1,5,55,17
78835,3,3,5,제일병원 1,5,55,17
78887,5,2,5,제일병원 1,5,55,18
78917,3,2,5,제일병원 1,5,55,19
78919,4,1,5,제일병원 1,5,55,19
78944,3,3,5,제일병원 1,5,55,19
78952,3,2,5,제일병원 1,5,55,19
78976,4,3,5,제일병원 1,5,55,20
78984,3,3,5,제일병원 1,5,55,20
79023,3,3,5,제일병원 1,5,55,21
79045,5,3,5,제일병원 1,5,55,21
79099,3,5,5,제일병원 1,5,55,22
79099,4,4,5,제일병원 1,5,55,22
79104,3,4,5,제일병원 1,5,55,22
79113,3,3,5,제일병원 1,5,55,22
79133,4,2,5,제일병원 1,5,55,22
79165,3,3,5,제일병원 1,5,55,23
79178,4,3,5,제일병원 1,5,55,23
79184,2,3,5,제일병원 1,5,55,23
79235,3,4,4,제일병원 1,6,56,0
79238,3,3,4,제일병원 1,6,56,0
79255,3,2,4,제일병원 1,6,56,0
79294,3,3,4,제일병원 1,6,56,1
79328,5,4,4,제일병원 1,6,56,2
79341,3,3,5,제일병원 1,6,56,2
79491,5,7,5,제일병원 1,6,56,4
79704,5,11,5,제일병원 1,6,56,8
79744,4,12,5,제일병원 1,6,56,9
79746,3,12,5,제일병원 1,6,56,9
79756,1,12,5,제일병원 1,6,56,9
79768,4,12,4,제일병원 1,6,56,9
79777,3,12,4,제일병원 1,6,56,9
79780,3,11,4,제일병원 1,6,56,9
79832,3,10,4,제일병원 1,6,56,10
79834,4,9,4,제일병원 1,6,56,10
79845,3,9,4,제일병원 1,6,56,10
79845,4,8,4,제일병원 1,6,56,10
79847,3,8,4,제일병원 1,6,56,10
79854,3,7,4,제일병원 1,6,56,10
79874,4,5,5,제일병원 1,6,56,11
79878,3,5,5,제일병원 1,6,56,11
79884,3,4,5,제일병원 1,6,56,11
79909,3,3,5,제일병원 1,6,56,11
79920,4,2,5,제일병원 1,6,56,12
79925,4,2,5,제일병원 1,6,56,12
79945,3,2,5,제일병원 1,6,56,12
79963,3,2,5,제일병원 1,6,56,12
80006,4,1,5,제일병원 1,6,56,13
80052,3,1,5,제일병원 1,6,56,14
80075,3,1,5,제일병원 1,6,56,14
80092,3,2,5,제일병원 1,6,56,14
80092,2,1,5,제일병원 1,6,56,14
80131,2,3,4,제일병원 1,6,56,15
80133,4,4,3,제일병원 1,6,56,15
80156,4,5,3,제일병원 1,6,56,15
80158,3,5,3,제일병원 1,6,56,15
80195,5,3,4,제일병원 1,6,56,16
80212,4,4,4,제일병원 1,6,56,16
80214,3,4,4,제일병원 1,6,56,16
80237,4,3,4,제일병원 1,6,56,17
80249,3,3,4,제일병원 1,6,56,17
80252,4,2,4,제일병원 1,6,56,17
80267,3,1,5,제일병원 1,6,56,17
80277,2,0,5,제일병원 1,6,56,17
80290,3,0,4,제일병원 1,6,56,18
80317,4,0,4,제일병원 1,6,56,18
80332,4,0,4,제일병원 1,6,56,18
80353,5,0,4,제일병원 1,6,56,19
80360,3,0,4,제일병원 1,6,56,19
80364,3,0,4,제일병원 1,6,56,19
80371,4,0,4,제일병원 1,6,56,19
80378,3,0,5,제일병원 1,6,56,19
80400,3,0,5,제일병원 1,6,56,20
80401,3,0,5,제일병원 1,6,56,20
80412,4,0,5,제일병원 1,6,56,20
80419,3,0,5,제일병원 1,6,56,20
80423,3,0,5,제일병원 1,6,56,20
80465,3,0,5,제일병원 1,6,56,21
80481,3,0,5,제일병원 1,6,56,21
80483,5,0,5,제일병원 1,6,56,21
80493,4,0,5,제일병원 1,6,56,21
80508,4,0,5,제일병원 1,6,56,21
80520,4,0,5,제일병원 1,6,56,22
80611,4,0,5,제일병원 1,6,56,23
80613,2,0,5,제일병원 1,6,56,23
80660,5,1,4,제일병원 1,0,57,0
80681,3,1,4,제일병원 1,0,57,0
80774,3,3,5,제일병원 1,0,57,2
80802,3,2,5,제일병원 1,0,57,2
80807,1,1,5,제일병원 1,0,57,2
80822,4,2,4,제일병원 1,0,57,3
80978,3,4,5,제일병원 1,0,57,5
81069,5,6,5,제일병원 1,0,57,7
81085,4,7,5,제일병원 1,0,57,7
81108,3,7,5,제일병원 1,0,57,7
81132,3,7,5,제일병원 1,0,57,8
81157,3,7,5,제일병원 1,0,57,8
81177,4,6,5,제일병원 1,0,57,8
81297,2,6,5,제일병원 1,0,57,10
81306,3,6,4,제일병원 1,0,57,11
81322,2,6,4,제일병원 1,0,57,11
81341,3,7,3,제일병원 1,0,57,11
81343,3,6,3,제일병원 1,0,57,11
81361,4,5,3,제일병원 1,0,57,12
81364,4,5,3,제일병원 1,0,57,12
81374,4,5,3,제일병원 1,0,57,12
81378,4,5,3,제일병원 1,0,57,12
81381,3,5,3,제일병원 1,0,57,12
81382,3,4,3,제일병원 1,0,57,12
81392,2,4,3,제일병원 1,0,57,12
81395,1,4,2,제일병원 1,0,57,12
81396,5,4,1,제일병원 1,0,57,12
81400,3,3,2,제일병원 1,0,57,12
81419,4,3,2,제일병원 1,0,57,12
81467,2,2,3,제일병원 1,0,57,13
81469,4,2,2,제일병원 1,0,57,13
81528,4,0,4,제일병원 1,0,57,14
81530,3,0,4,제일병원 1,0,57,14
81543,2,0,4,제일병원 1,0,57,15
81562,5,0,3,제일병원 1,0,57,15
81568,4,0,3,제일병원 1,0,57,15
81590,3,1,3,제일병원 1,0,57,15
81593,2,0,3,제일병원 1,0,57,15
81610,4,0,2,제일병원 1,0,57,16
81633,3,0,4,제일병원 1,0,57,16
81639,2,0,4,제일병원 1,0,57,16
81644,5,0,3,제일병원 1,0,57,16
81671,3,1,3,제일병원 1,0,57,17
81687,4,0,3,제일병원 1,0,57,17
81700,2,0,3,제일병원 1,0,57,17
81702,4,0,2,제일병원 1,0,57,17
81721,4,0,2,제일병원 1,0,57,18
81735,4,0,2,제일병원 1,0,57,18
81738,3,0,2,제일병원 1,0,57,18
81772,4,0,3,제일병원 1,0,57,18
81773,2,0,3,제일병원 1,0,57,18
81833,3,0,4,제일병원 1,0,57,19
81848,5,0,5,제일병원 1,0,57,20
81861,5,0,5,제일병원 1,0,57,20
81955,3,0,5,제일병원 1,0,57,21
81964,3,0,5,제일병원 1,0,57,22
81966,3,0,5,제일병원 1,0,57,22
81972,4,0,5,제일병원 1,0,57,22
81972,3,0,5,제일병원 1,0,57,22
81975,3,0,5,제일병원 1,0,57,22
81977,3,0,5,제일병원 1,0,57,22
81989,4,0,5,제일병원 1,0,57,22
81989,5,0,5,제일병원 1,0,57,22
81998,3,0,5,제일병원 1,0,57,22
82001,3,0,5,제일병원 1,0,57,22
82026,4,0,5,제일병원 1,0,57,23
82029,4,0,5,제일병원 1,0,57,23
82041,2,0,5,제일병원 1,0,57,23
82041,3,0,4,제일병원 1,0,57,23
82048,3,0,4,제일병원 1,0,57,23
82058,3,0,4,제일병원 1,0,57,23
82063,2,0,4,제일병원 1,0,57,23
82064,3,0,3,제일병원 1,0,57,23
82071,2,0,3,제일병원 1,0,57,23
82087,2,0,2,제일병원 1,1,58,0
82138,5,0,1,제일병원 1,1,58,0
82225,3,0,4,제일병원 1,1,58,2
82261,3,0,5,제일병원 1,1,58,3
82305,4,0,5,제일병원 1,1,58,3
82354,4,0,5,제일병원 1,1,58,4
82384,3,0,5,제일병원 1,1,58,5
82413,4,0,5,제일병원 1,1,58,5
82444,4,0,5,제일병원 1,1,58,6
82464,3,0,5,제일병원 1,1,58,6
82498,3,0,5,제일병원 1,1,58,6
82500,3,0,5,제일병원 1,1,58,7
82555,3,0,5,제일병원 1,1,58,7
82614,3,0,5,제일병원 1,1,58,8
82639,3,0,5,제일병원 1,1,58,9
82653,3,0,5,제일병원 1,1,58,9
82661,3,0,5,제일병원 1,1,58,9
82695,3,0,5,제일병원 1,1,58,10
82696,3,0,5,제일병원 1,1,58,10
82699,4,0,5,제일병원 1,1,58,10
82765,3,0,5,제일병원 1,1,58,11
82771,3,0,5,제일병원 1,1,58,11
82772,4,0,5,제일병원 1,1,58,11
82793,3,0,5,제일병원 1,1,58,11
82797,3,0,5,제일병원 1,1,58,11
82824,5,0,5,제일병원 1,1,58,12
82863,3,0,5,제일병원 1,1,58,13
82891,3,0,5,제일병원 1,1,58,13
82915,3,0,5,제일병원 1,1,58,13
82947,3,0,5,제일병원 1,1,58,14
82986,4,0,5,제일병원 1,1,58,15
82988,4,0,5,제일병원 1,1,58,15
83019,3,0,5,제일병원 1,1,58,15
83029,3,0,5,제일병원 1,1,58,15
83049,5,0,5,제일병원 1,1,58,16
83062,3,0,5,제일병원 1,1,58,16
83092,3,0,5,제일병원 1,1,58,16
83107,2,0,5,제일병원 1,1,58,17
83113,3,0,4,제일병원 1,1,58,17
83189,2,0,5,제일병원 1,1,58,18
83240,3,0,4,제일병원 1,1,58,19
83265,3,0,4,제일병원 1,1,58,19
83278,3,0,4,제일병원 1,1,58,19
83326,5,0,5,제일병원 1,1,58,20
83330,3,0,5,제일병원 1,1,58,20
83357,3,0,5,제일병원 1,1,58,21
83383,3,0,5,제일병원 1,1,58,21
83413,3,0,5,제일병원 1,1,58,22
83423,3,0,5,제일병원 1,1,58,22
83469,4,0,5,제일병원 1,1,58,23
83484,3,0,5,제일병원 1,1,58,23
83500,4,0,5,제일병원 1,1,58,23
83518,3,0,5,제일병원 1,1,58,23
83528,4,0,5,제일병원 1,2,59,0
83541,3,0,5,제일병원 1,2,59,0
83555,3,0,5,제일병원 1,2,59,0
83602,3,0,5,제일병원 1,2,59,1
83668,3,0,5,제일병원 1,2,59,2
83678,3,0,5,제일병원 1,2,59,2
83695,3,0,5,제일병원 1,2,59,2
83706,4,0,5,제일병원 1,2,59,3
83734,4,0,5,제일병원 1,2,59,3
83799,3,0,5,제일병원 1,2,59,4
83800,3,0,5,제일병원 1,2,59,4
83810,5,0,5,제일병원 1,2,59,4
83841,4,0,5,제일병원 1,2,59,5
83843,4,0,5,제일병원 1,2,59,5
83862,4,0,5,제일병원 1,2,59,5
83928,3,0,5,제일병원 1,2,59,6
83957,3,0,5,제일병원 1,2,59,7
83984,2,0,5,제일병원 1,2,59,7
84021,4,2,4,제일병원 1,2,59,8
84087,3,2,4,제일병원 1,2,59,9
84100,3,1,4,제일병원 1,2,59,9
84108,3,0,4,제일병원 1,2,59,9
84115,3,0,4,제일병원 1,2,59,9
84126,4,0,4,제일병원 1,2,59,10
84127,4,0,4,제일병원 1,2,59,10
84130,4,0,4,제일병원 1,2,59,10
84142,3,0,4,제일병원 1,2,59,10
84144,3,0,4,제일병원 1,2,59,10
84182,4,0,5,제일병원 1,2,59,11
84210,4,0,5,제일병원 1,2,59,11
84215,4,0,5,제일병원 1,2,59,11
84222,4,0,5,제일병원 1,2,59,11
84236,4,0,5,제일병원 1,2,59,11
84309,4,2,5,제일병원 1,2,59,13
84310,3,2,5,제일병원 1,2,59,13
84321,4,1,5,제일병원 1,2,59,13
84328,3,2,5,제일병원 1,2,59,13
84331,5,1,5,제일병원 1,2,59,13
84351,3,1,5,제일병원 1,2,59,13
84354,4,0,5,제일병원 1,2,59,13
84389,4,2,5,제일병원 1,2,59,14
84399,4,2,5,제일병원 1,2,59,14
84434,4,4,5,제일병원 1,2,59,15
84441,3,4,5,제일병원 1,2,59,15
84448,2,3,5,제일병원 1,2,59,15
84499,4,3,4,제일병원 1,2,59,16
84514,2,3,4,제일병원 1,2,59,16
84540,3,4,3,제일병원 1,2,59,17
84567,3,4,3,제일병원 1,2,59,17
84603,3,3,4,제일병원 1,2,59,18
84626,2,5,4,제일병원 1,2,59,18
84635,4,5,3,제일병원 1,2,59,18
84683,3,6,3,제일병원 1,2,59,19
84701,3,5,4,제일병원 1,2,59,19
84715,3,4,4,제일병원 1,2,59,19
84725,2,3,4,제일병원 1,2,59,20
84772,3,3,3,제일병원 1,2,59,20
84772,1,2,3,제일병원 1,2,59,20
84812,2,2,4,제일병원 1,2,59,21
84812,5,2,3,제일병원 1,2,59,21
84841,5,2,3,제일병원 1,2,59,22
84861,5,1,4,제일병원 1,2,59,22
84985,2,4,5,제일병원 1,3,60,0
85121,3,5,5,제일병원 1,3,60,2
85179,2,6,5,제일병원 1,3,60,3
85188,4,6,4,제일병원 1,3,60,3
85202,3,6,4,제일병원 1,3,60,4
85257,3,6,4,제일병원 1,3,60,4
85446,2,6,5,제일병원 1,3,60,8
85449,3,6,4,제일병원 1,3,60,8
85473,3,5,4,제일병원 1,3,60,8
85507,4,5,4,제일병원 1,3,60,9
85529,3,5,4,제일병원 1,3,60,9
85539,4,4,4,제일병원 1,3,60,9
85557,3,6,4,제일병원 1,3,60,9
85589,4,4,5,제일병원 1,3,60,10
85615,3,4,5,제일병원 1,3,60,10
85616,3,3,5,제일병원 1,3,60,10
85644,4,2,5,제일병원 1,3,60,11
85723,3,5,5,제일병원 1,3,60,12
85754,3,4,5,제일병원 1,3,60,13
85766,4,3,5,제일병원 1,3,60,13
85840,4,4,5,제일병원 1,3,60,14
85881,3,4,5,제일병원 1,3,60,15
85884,5,3,5,제일병원 1,3,60,15
85885,3,4,5,제일병원 1,3,60,15
85893,3,3,5,제일병원 1,3,60,15
86019,4,6,5,제일병원 1,3,60,17
86032,3,6,5,제일병원 1,3,60,17
86089,2,6,5,제일병원 1,3,60,18
86090,3,6,4,제일병원 1,3,60,18
86154,3,6,4,제일병원 1,3,60,19
86159,4,5,4,제일병원 1,3,60,19
86185,4,7,4,제일병원 1,3,60,20
86229,2,7,5,제일병원 1,3,60,21
86253,4,8,4,제일병원 1,3,60,21
86396,4,9,5,제일병원 1,3,60,23
86398,2,9,5,제일병원 1,3,60,23
86411,3,9,4,제일병원 1,4,61,0
86460,4,9,4,제일병원 1,4,61,1
86503,3,9,4,제일병원 1,4,61,1
86530,3,8,4,제일병원 1,4,61,2
86534,4,7,4,제일병원 1,4,61,2
86581,4,6,5,제일병원 1,4,61,3
86628,3,7,5,제일병원 1,4,61,3
86715,3,9,5,제일병원 1,4,61,5
86821,3,9,5,제일병원 1,4,61,7
86866,4,9,5,제일병원 1,4,61,7
86871,3,9,5,제일병원 1,4,61,7
86902,3,8,5,제일병원 1,4,61,8
86915,3,7,5,제일병원 1,4,61,8
86930,3,6,5,제일병원 1,4,61,8
86932,4,5,5,제일병원 1,4,61,8
87131,4,7,5,제일병원 1,4,61,12
87137,3,7,5,제일병원 1,4,61,12
87156,3,6,5,제일병원 1,4,61,12
87180,3,6,5,제일병원 1,4,61,13
87181,4,5,5,제일병원 1,4,61,13
87199,3,5,5,제일병원 1,4,61,13
87257,3,5,5,제일병원 1,4,61,14
87281,3,5,5,제일병원 1,4,61,14
87297,5,4,5,제일병원 1,4,61,14
87387,3,7,5,제일병원 1,4,61,16
87389,4,6,5,제일병원 1,4,61,16
87397,3,6,5,제일병원 1,4,61,16
87466,2,5,5,제일병원 1,4,61,17
87542,3,8,4,제일병원 1,4,61,19
87585,4,9,4,제일병원 1,4,61,19
87642,2,9,5,제일병원 1,4,61,20
87678,3,9,4,제일병원 1,4,61,21
87723,4,8,4,제일병원 1,4,61,22
87730,2,8,4,제일병원 1,4,61,22
87803,3,10,4,제일병원 1,4,61,23
87819,3,9,4,제일병원 1,4,61,23
87837,3,8,4,제일병원 1,4,61,23
87869,4,6,5,제일병원 1,5,62,0
87910,3,7,5,제일병원 1,5,62,1
87917,2,6,5,제일병원 1,5,62,1
87919,4,6,4,제일병원 1,5,62,1
87925,3,6,4,제일병원 1,5,62,1
87932,4,5,4,제일병원 1,5,62,1
87977,3,5,4,제일병원 1,5,62,2
87983,2,4,4,제일병원 1,5,62,2
88033,3,4,3,제일병원 1,5,62,3
88038,4,3,3,제일병원 1,5,62,3
88148,5,3,5,제일병원 1,5,62,5
88333,4,8,5,제일병원 1,5,62,8
88336,4,8,5,제일병원 1,5,62,8
88396,2,9,5,제일병원 1,5,62,9
88432,3,9,4,제일병원 1,5,62,9
88452,3,8,4,제일병원 1,5,62,10
88527,3,7,4,제일병원 1,5,62,11
88542,3,6,4,제일병원 1,5,62,11
88547,3,5,4,제일병원 1,5,62,11
88573,4,3,5,제일병원 1,5,62,12
88653,3,3,5,제일병원 1,5,62,13
88660,2,2,5,제일병원 1,5,62,13
88662,3,2,4,제일병원 1,5,62,13
88676,3,1,4,제일병원 1,5,62,13
88682,3,0,4,제일병원 1,5,62,14
88726,2,0,4,제일병원 1,5,62,14
88746,3,0,4,제일병원 1,5,62,15
88754,5,0,4,제일병원 1,5,62,15
88812,2,0,4,제일병원 1,5,62,16
88825,4,0,3,제일병원 1,5,62,16
88827,3,0,3,제일병원 1,5,62,16
88832,3,0,3,제일병원 1,5,62,16
88842,3,0,3,제일병원 1,5,62,16
88875,2,0,3,제일병원 1,5,62,17
88893,3,0,2,제일병원 1,5,62,17
88898,3,0,2,제일병원 1,5,62,17
88935,4,0,3,제일병원 1,5,62,18
88952,3,0,3,제일병원 1,5,62,18
88954,3,0,3,제일병원 1,5,62,18
88967,5,0,4,제일병원 1,5,62,18
88987,3,0,4,제일병원 1,5,62,19
88989,4,0,4,제일병원 1,5,62,19
89020,2,0,4,제일병원 1,5,62,19
89027,2,0,3,제일병원 1,5,62,19
89029,4,0,2,제일병원 1,5,62,19
89031,3,0,2,제일병원 1,5,62,19
89034,4,0,3,제일병원 1,5,62,19
89042,3,0,3,제일병원 1,5,62,20
89044,5,0,3,제일병원 1,5,62,20
89050,4,0,3,제일병원 1,5,62,20
89052,3,0,3,제일병원 1,5,62,20
89058,3,0,3,제일병원 1,5,62,20
89061,2,0,3,제일병원 1,5,62,20
89099,4,0,2,제일병원 1,5,62,20
89100,3,0,2,제일병원 1,5,62,21
89105,4,0,2,제일병원 1,5,62,21
89110,3,0,2,제일병원 1,5,62,21
89141,4,0,4,제일병원 1,5,62,21
89141,2,0,4,제일병원 1,5,62,21
89143,4,0,3,제일병원 1,5,62,21
89169,3,0,4,제일병원 1,5,62,22
89260,3,0,5,제일병원 1,5,62,23
89264,5,0,5,제일병원 1,5,62,23
89265,3,0,5,제일병원 1,5,62,23
89273,4,0,5,제일병원 1,5,62,23
89306,3,0,5,제일병원 1,6,63,0
89311,5,0,5,제일병원 1,6,63,0
89331,3,0,5,제일병원 1,6,63,0
89360,3,0,5,제일병원 1,6,63,1
89362,3,0,5,제일병원 1,6,63,1
89409,3,0,5,제일병원 1,6,63,2
89424,4,0,5,제일병원 1,6,63,2
89461,3,0,5,제일병원 1,6,63,3
89558,2,0,5,제일병원 1,6,63,4
89579,5,0,4,제일병원 1,6,63,4
89585,3,0,4,제일병원 1,6,63,5
89674,3,0,4,제일병원 1,6,63,6
89766,3,0,5,제일병원 1,6,63,8
89775,3,0,5,제일병원 1,6,63,8
89784,3,0,5,제일병원 1,6,63,8
89816,5,0,5,제일병원 1,6,63,8
89830,3,0,5,제일병원 1,6,63,9
89837,3,0,5,제일병원 1,6,63,9
89842,3,0,5,제일병원 1,6,63,9
89859,5,0,5,제일병원 1,6,63,9
89859,4,0,5,제일병원 1,6,63,9
89870,3,0,5,제일병원 1,6,63,9
89872,2,0,5,제일병원 1,6,63,9
89887,3,0,4,제일병원 1,6,63,10
89900,3,0,4,제일병원 1,6,63,10
89905,3,0,4,제일병원 1,6,63,10
89915,5,0,4,제일병원 1,6,63,10
89948,4,0,4,제일병원 1,6,63,11
89958,5,0,4,제일병원 1,6,63,11
89964,3,0,4,제일병원 1,6,63,11
90006,3,0,4,제일병원 1,6,63,12
90019,4,0,4,제일병원 1,6,63,12
90032,4,0,5,제일병원 1,6,63,12
90053,5,0,5,제일병원 1,6,63,12
90054,4,0,5,제일병원 1,6,63,12
90078,1,0,5,제일병원 1,6,63,13
90113,4,0,4,제일병원 1,6,63,13
90135,3,0,4,제일병원 1,6,63,14
90144,3,0,4,제일병원 1,6,63,14
90146,3,0,4,제일병원 1,6,63,14
90174,2,0,4,제일병원 1,6,63,14
90181,4,0,3,제일병원 1,6,63,15
90184,3,0,3,제일병원 1,6,63,15
90190,3,0,3,제일병원 1,6,63,15
90205,3,0,3,제일병원 1,6,63,15
90208,3,0,3,제일병원 1,6,63,15
90227,4,0,3,제일병원 1,6,63,15
90244,3,0,4,제일병원 1,6,63,16
90297,3,0,4,제일병원 1,6,63,16
90331,3,0,4,제일병원 1,6,63,17
90338,3,0,4,제일병원 1,6,63,17
90342,5,0,4,제일병원 1,6,63,17
90365,5,0,5,제일병원 1,6,63,18
90371,3,0,5,제일병원 1,6,63,18
90386,3,0,5,제일병원 1,6,63,18
90388,3,0,5,제일병원 1,6,63,18
90391,3,0,5,제일병원 1,6,63,18
90394,5,0,5,제일병원 1,6,63,18
90394,3,0,5,제일병원 1,6,63,18
90404,4,0,5,제일병원 1,6,63,18
90431,4,0,5,제일병원 1,6,63,19
90432,4,0,5,제일병원 1,6,63,19
90433,3,0,5,제일병원 1,6,63,19
90441,3,0,5,제일병원 1,6,63,19
90474,3,0,5,제일병원 1,6,63,19
90480,5,0,5,제일병원 1,6,63,20
90496,4,0,5,제일병원 1,6,63,20
90510,4,0,5,제일병원 1,6,63,20
90526,3,0,5,제일병원 1,6,63,20
90527,4,0,5,제일병원 1,6,63,20
90546,4,0,5,제일병원 1,6,63,21
90583,3,0,5,제일병원 1,6,63,21
90612,2,0,5,제일병원 1,6,63,22
90619,1,0,4,제일병원 1,6,63,22
90629,1,0,3,제일병원 1,6,63,22
90636,3,0,2,제일병원 1,6,63,22
90650,3,0,2,제일병원 1,6,63,22
90680,4,0,2,제일병원 1,6,63,23
90691,3,0,2,제일병원 1,6,63,23
90740,5,0,2,제일병원 1,0,64,0
90867,1,0,5,제일병원 1,0,64,2
90895,4,0,4,제일병원 1,0,64,2
90911,3,0,4,제일병원 1,0,64,3
91047,4,0,5,제일병원 1,0,64,5
91053,3,0,5,제일병원 1,0,64,5
91084,4,0,5,제일병원 1,0,64,6
91130,3,0,5,제일병원 1,0,64,6
91142,3,0,5,제일병원 1,0,64,7
91240,4,0,5,제일병원 1,0,64,8
91265,3,0,5,제일병원 1,0,64,9
91285,3,0,5,제일병원 1,0,64,9
91326,3,0,5,제일병원 1,0,64,10
91354,3,0,5,제일병원 1,0,64,10
91359,3,0,5,제일병원 1,0,64,10
91385,3,0,5,제일병원 1,0,64,11
91392,3,0,5,제일병원 1,0,64,11
91398,3,0,5,제일병원 1,0,64,11
91410,4,0,5,제일병원 1,0,64,11
91469,1,0,5,제일병원 1,0,64,12
91470,4,0,4,제일병원 1,0,64,12
91499,3,0,4,제일병원 1,0,64,12
91529,5,0,4,제일병원 1,0,64,13
91580,2,0,5,제일병원 1,0,64,14
91583,3,0,4,제일병원 1,0,64,14
91592,3,0,4,제일병원 1,0,64,14
91605,4,0,4,제일병원 1,0,64,14
91638,3,0,4,제일병원 1,0,64,15
91647,3,0,4,제일병원 1,0,64,15
91649,3,0,4,제일병원 1,0,64,15
91653,5,0,4,제일병원 1,0,64,15
91668,3,0,5,제일병원 1,0,64,15
91676,3,0,5,제일병원 1,0,64,15
91714,3,0,5,제일병원 1,0,64,16
91725,3,0,5,제일병원 1,0,64,16
91739,3,0,5,제일병원 1,0,64,16
91755,4,0,5,제일병원 1,0,64,17
91765,3,0,5,제일병원 1,0,64,17
91768,3,0,5,제일병원 1,0,64,17
91792,3,0,5,제일병원 1,0,64,17
91825,2,0,5,제일병원 1,0,64,18
91825,4,0,4,제일병원 1,0,64,18
91827,3,0,4,제일병원 1,0,64,18
91835,5,0,4,제일병원 1,0,64,18
91845,3,0,4,제일병원 1,0,64,18
91864,4,0,4,제일병원 1,0,64,19
91880,3,0,4,제일병원 1,0,64,19
91882,3,0,4,제일병원 1,0,64,19
91883,3,0,4,제일병원 1,0,64,19
91895,2,0,4,제일병원 1,0,64,19
91899,4,0,4,제일병원 1,0,64,19
91903,1,0,4,제일병원 1,0,64,19
91906,3,0,3,제일병원 1,0,64,19
91919,4,0,3,제일병원 1,0,64,19
91930,4,0,3,제일병원 1,0,64,20
91936,4,0,3,제일병원 1,0,64,20
91945,4,0,3,제일병원 1,0,64,20
91959,2,0,3,제일병원 1,0,64,20
91962,4,0,2,제일병원 1,0,64,20
92001,5,0,2,제일병원 1,0,64,21
92007,3,0,2,제일병원 1,0,64,21
92007,3,0,2,제일병원 1,0,64,21
92022,2,0,3,제일병원 1,0,64,21
92023,4,0,2,제일병원 1,0,64,21
92038,3,0,2,제일병원 1,0,64,21
92067,3,0,3,제일병원 1,0,64,22
92073,4,0,3,제일병원 1,0,64,22
92086,4,0,4,제일병원 1,0,64,22
92089,2,0,4,제일병원 1,0,64,22
92096,4,0,3,제일병원 1,0,64,22
92103,4,0,3,제일병원 1,0,64,23
92121,5,0,3,제일병원 1,0,64,23
92132,4,0,3,제일병원 1,0,64,23
92148,3,0,3,제일병원 1,0,64,23
92169,4,0,5,제일병원 1,1,65,0
92183,2,0,5,제일병원 1,1,65,0
92218,4,0,4,제일병원 1,1,65,0
92222,4,0,4,제일병원 1,1,65,1
92235,3,0,4,제일병원 1,1,65,1
92291,4,0,4,제일병원 1,1,65,2
92298,4,0,4,제일병원 1,1,65,2
92309,4,0,4,제일병원 1,1,65,2
92375,3,0,5,제일병원 1,1,65,3
92418,4,0,5,제일병원 1,1,65,4
92643,4,0,5,제일병원 1,1,65,8
92676,2,0,5,제일병원 1,1,65,8
92721,3,0,4,제일병원 1,1,65,9
92754,4,0,4,제일병원 1,1,65,9
92758,3,0,4,제일병원 1,1,65,9
92762,4,0,4,제일병원 1,1,65,10
92771,3,0,4,제일병원 1,1,65,10
92791,4,0,4,제일병원 1,1,65,10
92799,3,0,5,제일병원 1,1,65,10
92807,3,0,5,제일병원 1,1,65,10
92808,2,0,5,제일병원 1,1,65,10
92848,4,0,4,제일병원 1,1,65,11
92850,4,0,4,제일병원 1,1,65,11
92929,2,0,4,제일병원 1,1,65,12
92936,3,0,3,제일병원 1,1,65,12
92953,4,0,4,제일병원 1,1,65,13
92976,3,0,4,제일병원 1,1,65,13
93016,4,0,4,제일병원 1,1,65,14
93018,3,0,4,제일병원 1,1,65,14
93024,3,0,5,제일병원 1,1,65,14
93047,3,0,5,제일병원 1,1,65,14
93051,1,0,5,제일병원 1,1,65,14
93059,3,0,4,제일병원 1,1,65,14
93077,3,0,4,제일병원 1,1,65,15
93093,4,0,4,제일병원 1,1,65,15
93102,2,0,4,제일병원 1,1,65,15
93103,3,0,3,제일병원 1,1,65,15
93146,3,0,3,제일병원 1,1,65,16
93147,3,0,3,제일병원 1,1,65,16
93182,3,0,3,제일병원 1,1,65,17
93186,3,0,4,제일병원 1,1,65,17
93196,3,0,5,제일병원 1,1,65,17
93223,4,0,5,제일병원 1,1,65,17
93231,3,0,5,제일병원 1,1,65,17
93241,3,0,5,제일병원 1,1,65,18
93261,4,0,5,제일병원 1,1,65,18
93275,3,0,5,제일병원 1,1,65,18
93286,3,0,5,제일병원 1,1,65,18
93294,3,0,5,제일병원 1,1,65,18
93308,5,0,5,제일병원 1,1,65,19
93321,4,0,5,제일병원 1,1,65,19
93328,4,0,5,제일병원 1,1,65,19
93347,3,0,5,제일병원 1,1,65,19
93350,2,0,5,제일병원 1,1,65,19
93359,4,0,4,제일병원 1,1,65,19
93370,4,0,4,제일병원 1,1,65,20
93377,3,0,4,제일병원 1,1,65,20
93393,3,0,4,제일병원 1,1,65,20
93448,3,0,4,제일병원 1,1,65,21
93449,1,0,4,제일병원 1,1,65,21
93463,3,0,3,제일병원 1,1,65,21
93508,3,0,4,제일병원 1,1,65,22
93530,4,0,4,제일병원 1,1,65,22
93576,3,0,5,제일병원 1,1,65,23
93581,4,0,5,제일병원 1,1,65,23
93601,3,0,5,제일병원 1,2,66,0
93605,1,0,5,제일병원 1,2,66,0
93708,3,0,5,제일병원 1,2,66,1
93743,3,0,5,제일병원 1,2,66,2
93752,4,0,5,제일병원 1,2,66,2
93780,3,0,5,제일병원 1,2,66,3
93812,1,0,5,제일병원 1,2,66,3
93833,5,0,4,제일병원 1,2,66,3
93835,4,0,4,제일병원 1,2,66,3
93877,3,0,4,제일병원 1,2,66,4
93910,4,0,5,제일병원 1,2,66,5
94478,5,9,5,제일병원 1,2,66,14
94483,3,9,5,제일병원 1,2,66,14
94506,3,9,5,제일병원 1,2,66,15
94514,4,8,5,제일병원 1,2,66,15
94521,3,9,5,제일병원 1,2,66,15
94556,3,8,5,제일병원 1,2,66,15
94586,3,7,5,제일병원 1,2,66,16
94616,4,6,5,제일병원 1,2,66,16
94640,3,6,5,제일병원 1,2,66,17
94660,3,5,5,제일병원 1,2,66,17
94666,3,4,5,제일병원 1,2,66,17
94698,4,3,5,제일병원 1,2,66,18
94704,2,3,5,제일병원 1,2,66,18
94710,3,3,4,제일병원 1,2,66,18
94725,3,2,4,제일병원 1,2,66,18
94744,3,3,4,제일병원 1,2,66,19
94754,4,2,4,제일병원 1,2,66,19
94760,3,2,4,제일병원 1,2,66,19
94850,5,3,4,제일병원 1,2,66,20
94914,3,4,5,제일병원 1,2,66,21
94954,4,7,5,제일병원 1,2,66,22
94966,3,7,5,제일병원 1,2,66,22
94990,3,6,5,제일병원 1,2,66,23
95030,5,5,5,제일병원 1,2,66,23
95147,3,7,5,제일병원 1,3,67,1
95167,3,6,5,제일병원 1,3,67,2
95277,3,7,5,제일병원 1,3,67,3
95453,4,10,5,제일병원 1,3,67,6
95466,3,10,5,제일병원 1,3,67,7
95559,4,10,5,제일병원 1,3,67,8
95592,4,10,5,제일병원 1,3,67,9
95604,5,10,5,제일병원 1,3,67,9
95610,5,10,5,제일병원 1,3,67,9
95636,2,11,5,제일병원 1,3,67,9
95645,3,11,4,제일병원 1,3,67,10
95646,4,10,4,제일병원 1,3,67,10
95693,3,10,4,제일병원 1,3,67,10
95699,3,9,4,제일병원 1,3,67,10
95709,3,8,4,제일병원 1,3,67,11
95724,3,7,4,제일병원 1,3,67,11
95760,4,5,5,제일병원 1,3,67,12
95783,4,5,5,제일병원 1,3,67,12
95827,3,5,5,제일병원 1,3,67,13
95856,3,5,5,제일병원 1,3,67,13
95862,4,4,5,제일병원 1,3,67,13
95871,1,4,5,제일병원 1,3,67,13
95877,1,4,4,제일병원 1,3,67,13
95886,4,4,3,제일병원 1,3,67,14
95909,3,4,3,제일병원 1,3,67,14
95938,4,3,3,제일병원 1,3,67,14
95961,5,5,3,제일병원 1,3,67,15
95976,3,4,4,제일병원 1,3,67,15
95982,3,3,4,제일병원 1,3,67,15
96026,4,3,4,제일병원 1,3,67,16
96083,4,4,5,제일병원 1,3,67,17
96101,3,7,5,제일병원 1,3,67,17
96117,4,6,5,제일병원 1,3,67,17
96123,5,6,5,제일병원 1,3,67,18
96141,4,6,5,제일병원 1,3,67,18
96145,4,6,5,제일병원 1,3,67,18
96179,3,6,5,제일병원 1,3,67,18
96202,3,5,5,제일병원 1,3,67,19
96216,3,5,5,제일병원 1,3,67,19
96218,3,4,5,제일병원 1,3,67,19
96237,4,4,5,제일병원 1,3,67,19
96246,3,4,5,제일병원 1,3,67,20
96259,4,3,5,제일병원 1,3,67,20
96306,3,4,5,제일병원 1,3,67,21
96336,4,3,5,제일병원 1,3,67,21
96362,4,3,5,제일병원 1,3,67,22
96381,4,3,5,제일병원 1,3,67,22
96405,3,3,5,제일병원 1,3,67,22
96406,4,2,5,제일병원 1,3,67,22
96415,4,4,5,제일병원 1,3,67,22
96441,3,4,5,제일병원 1,3,67,23
96453,3,3,5,제일병원 1,3,67,23
96519,3,3,5,제일병원 1,4,68,0
96521,3,2,5,제일병원 1,4,68,0
96586,2,3,5,제일병원 1,4,68,1
96596,5,3,4,제일병원 1,4,68,1
96666,3,7,4,제일병원 1,4,68,3
96711,2,6,5,제일병원 1,4,68,3
96719,3,6,4,제일병원 1,4,68,3
97006,3,8,5,제일병원 1,4,68,8
97048,3,9,5,제일병원 1,4,68,9
97062,3,8,5,제일병원 1,4,68,9
97070,3,7,5,제일병원 1,4,68,9
97136,3,6,5,제일병원 1,4,68,10
97155,3,5,5,제일병원 1,4,68,11
97167,3,4,5,제일병원 1,4,68,11
97175,5,3,5,제일병원 1,4,68,11
97193,2,3,5,제일병원 1,4,68,11
97206,3,3,4,제일병원 1,4,68,12
97229,4,2,4,제일병원 1,4,68,12
97238,4,3,4,제일병원 1,4,68,12
97252,4,3,4,제일병원 1,4,68,12
97287,3,3,4,제일병원 1,4,68,13
97315,5,3,4,제일병원 1,4,68,13
97318,2,3,4,제일병원 1,4,68,13
97320,3,3,3,제일병원 1,4,68,14
97343,3,3,3,제일병원 1,4,68,14
97349,3,2,3,제일병원 1,4,68,14
97420,3,2,4,제일병원 1,4,68,15
97463,4,0,5,제일병원 1,4,68,16
97465,2,0,5,제일병원 1,4,68,16
97497,4,4,4,제일병원 1,4,68,16
97501,3,4,4,제일병원 1,4,68,17
97517,2,3,4,제일병원 1,4,68,17
97535,3,3,3,제일병원 1,4,68,17
97542,4,2,3,제일병원 1,4,68,17
97587,3,1,4,제일병원 1,4,68,18
97612,1,0,4,제일병원 1,4,68,18
97616,3,0,3,제일병원 1,4,68,18
97636,3,0,3,제일병원 1,4,68,19
97643,3,0,3,제일병원 1,4,68,19
97648,3,0,3,제일병원 1,4,68,19
97692,5,0,4,제일병원 1,4,68,20
97727,5,0,5,제일병원 1,4,68,20
97750,1,0,5,제일병원 1,4,68,21
97777,3,0,4,제일병원 1,4,68,21
97840,4,0,4,제일병원 1,4,68,22
97872,3,0,5,제일병원 1,4,68,23
97873,3,0,5,제일병원 1,4,68,23
97920,3,0,5,제일병원 1,5,69,0
97953,3,0,5,제일병원 1,5,69,0
97954,2,0,5,제일병원 1,5,69,0
97985,3,0,4,제일병원 1,5,69,1
97999,4,0,4,제일병원 1,5,69,1
98008,4,0,4,제일병원 1,5,69,1
98062,4,0,4,제일병원 1,5,69,2
98063,4,0,4,제일병원 1,5,69,2
98074,5,0,4,제일병원 1,5,69,2
98084,4,1,4,제일병원 1,5,69,2
98084,3,1,4,제일병원 1,5,69,2
98139,1,1,5,제일병원 1,5,69,3
98224,4,1,4,제일병원 1,5,69,5
98234,5,1,4,제일병원 1,5,69,5
98236,3,1,4,제일병원 1,5,69,5
98238,2,0,4,제일병원 1,5,69,5
98272,3,0,3,제일병원 1,5,69,5
98297,3,0,3,제일병원 1,5,69,6
98310,3,0,3,제일병원 1,5,69,6
98324,3,0,5,제일병원 1,5,69,6
98348,3,0,5,제일병원 1,5,69,7
98368,3,0,5,제일병원 1,5,69,7
98375,4,0,5,제일병원 1,5,69,7
98393,3,0,5,제일병원 1,5,69,7
98423,3,0,5,제일병원 1,5,69,8
98549,2,0,5,제일병원 1,5,69,10
98597,3,0,4,제일병원 1,5,69,11
98613,3,0,4,제일병원 1,5,69,11
98625,4,0,4,제일병원 1,5,69,11
98640,4,0,4,제일병원 1,5,69,12
98644,4,0,4,제일병원 1,5,69,12
98645,5,0,4,제일병원 1,5,69,12
98735,3,0,5,제일병원 1,5,69,13
98737,4,0,5,제일병원 1,5,69,13
98755,4,0,5,제일병원 1,5,69,13
98787,3,0,5,제일병원 1,5,69,14
98794,4,0,5,제일병원 1,5,69,14
98799,3,0,5,제일병원 1,5,69,14
98823,3,0,5,제일병원 1,5,69,15
98837,3,0,5,제일병원 1,5,69,15
98848,4,0,5,제일병원 1,5,69,15
98868,4,0,5,제일병원 1,5,69,15
98871,3,0,5,제일병원 1,5,69,15
98975,3,1,5,제일병원 1,5,69,17
98980,4,1,5,제일병원 1,5,69,17
98980,3,1,5,제일병원 1,5,69,17
99002,5,1,5,제일병원 1,5,69,18
99007,3,1,5,제일병원 1,5,69,18
99052,2,0,5,제일병원 1,5,69,18
99062,2,1,4,제일병원 1,5,69,19
99063,3,1,3,제일병원 1,5,69,19
99064,3,0,3,제일병원 1,5,69,19
99106,2,3,3,제일병원 1,5,69,19
99110,4,3,2,제일병원 1,5,69,19
99113,3,4,2,제일병원 1,5,69,19
99149,3,2,3,제일병원 1,5,69,20
99180,4,1,3,제일병원 1,5,69,21
99222,4,1,4,제일병원 1,5,69,21
99227,2,1,4,제일병원 1,5,69,21
99237,2,2,3,제일병원 1,5,69,21
99247,5,2,2,제일병원 1,5,69,22
99250,3,2,2,제일병원 1,5,69,22
99250,2,1,2,제일병원 1,5,69,22
99270,3,1,1,제일병원 1,5,69,22
99277,3,1,1,제일병원 1,5,69,22
99333,3,2,3,제일병원 1,5,69,23
99355,3,0,5,제일병원 1,5,69,23
99368,3,0,5,제일병원 1,6,70,0
99395,4,0,5,제일병원 1,6,70,0
99548,4,0,5,제일병원 1,6,70,3
99728,4,5,5,제일병원 1,6,70,6
99752,4,6,5,제일병원 1,6,70,6
99788,4,7,5,제일병원 1,6,70,7
99794,5,7,5,제일병원 1,6,70,7
99848,4,7,5,제일병원 1,6,70,8
99855,3,7,5,제일병원 1,6,70,8
99871,2,7,5,제일병원 1,6,70,8
99872,3,7,4,제일병원 1,6,70,8
99882,4,6,4,제일병원 1,6,70,8
99897,3,6,4,제일병원 1,6,70,8
99921,3,5,4,제일병원 1,6,70,9
99930,3,4,4,제일병원 1,6,70,9
99947,4,2,5,제일병원 1,6,70,9
99960,4,3,5,제일병원 1,6,70,10
100013,4,3,5,제일병원 1,6,70,10
100013,2,3,5,제일병원 1,6,70,10
100019,3,3,4,제일병원 1,6,70,10
100020,3,2,4,제일병원 1,6,70,11
100020,4,1,4,제일병원 1,6,70,11
100036,3,1,4,제일병원 1,6,70,11
100046,3,0,4,제일병원 1,6,70,11
100059,2,0,4,제일병원 1,6,70,11
100071,3,0,3,제일병원 1,6,70,11
100071,3,0,3,제일병원 1,6,70,11
100102,3,0,3,제일병원 1,6,70,12
100144,3,0,4,제일병원 1,6,70,13
100158,5,0,4,제일병원 1,6,70,13
100162,3,0,4,제일병원 1,6,70,13
100184,3,0,4,제일병원 1,6,70,13
100184,3,0,4,제일병원 1,6,70,13
100194,5,0,4,제일병원 1,6,70,13
100197,4,0,4,제일병원 1,6,70,13
100226,4,0,4,제일병원 1,6,70,14
100237,4,0,5,제일병원 1,6,70,14
100254,4,0,5,제일병원 1,6,70,14
100256,3,0,5,제일병원 1,6,70,14
100272,4,0,5,제일병원 1,6,70,15
100300,2,0,5,제일병원 1,6,70,15
100318,3,0,4,제일병원 1,6,70,15
100318,4,0,4,제일병원 1,6,70,15
100342,3,0,4,제일병원 1,6,70,16
100349,4,0,4,제일병원 1,6,70,16
100368,3,0,4,제일병원 1,6,70,16
100376,4,0,4,제일병원 1,6,70,16
100376,3,0,4,제일병원 1,6,70,16
100381,3,0,4,제일병원 1,6,70,17
100436,3,0,4,제일병원 1,6,70,17
100445,5,0,4,제일병원 1,6,70,18
100450,2,0,4,제일병원 1,6,70,18
100463,4,0,3,제일병원 1,6,70,18
100468,3,0,3,제일병원 1,6,70,18
100471,3,0,4,제일병원 1,6,70,18
100493,3,0,4,제일병원 1,6,70,18
100498,3,0,4,제일병원 1,6,70,18
100559,4,0,5,제일병원 1,6,70,19
100569,3,0,5,제일병원 1,6,70,20
100570,4,0,5,제일병원 1,6,70,20
100573,5,0,5,제일병원 1,6,70,20
100662,3,0,5,제일병원 1,6,70,21
100674,2,0,5,제일병원 1,6,70,21
100682,4,0,4,제일병원 1,6,70,22
100689,3,0,4,제일병원 1,6,70,22
100692,3,0,4,제일병원 1,6,70,22
100713,5,0,4,제일병원 1,6,70,22
100714,2,0,4,제일병원 1,6,70,22
100731,3,0,3,제일병원 1,6,70,22
100735,3,0,3,제일병원 1,6,70,22
100785,4,0,3,제일병원 1,6,70,23
100810,3,0,3,제일병원 1,0,71,0
100861,2,0,5,제일병원 1,0,71,1
100892,4,0,4,제일병원 1,0,71,1
100927,3,0,4,제일병원 1,0,71,2
100989,3,0,5,제일병원 1,0,71,3
101025,3,0,5,제일병원 1,0,71,3
101033,4,0,5,제일병원 1,0,71,3
101109,1,1,5,제일병원 1,0,71,5
101119,5,1,4,제일병원 1,0,71,5
101176,3,4,4,제일병원 1,0,71,6
101196,3,3,4,제일병원 1,0,71,6
101213,3,2,4,제일병원 1,0,71,6
101249,4,0,5,제일병원 1,0,71,7
101266,3,0,5,제일병원 1,0,71,7
101295,4,0,5,제일병원 1,0,71,8
101298,3,0,5,제일병원 1,0,71,8
101326,4,0,5,제일병원 1,0,71,8
101419,3,1,5,제일병원 1,0,71,10
101450,3,0,5,제일병원 1,0,71,10
101451,4,0,5,제일병원 1,0,71,10
101462,5,0,5,제일병원 1,0,71,11
101463,2,0,5,제일병원 1,0,71,11
101465,2,0,4,제일병원 1,0,71,11
101491,4,1,3,제일병원 1,0,71,11
101492,5,1,3,제일병원 1,0,71,11
101498,3,2,3,제일병원 1,0,71,11
101512,4,1,3,제일병원 1,0,71,11
101550,3,1,4,제일병원 1,0,71,12
101570,3,1,4,제일병원 1,0,71,12
101573,4,0,4,제일병원 1,0,71,12
101579,3,0,4,제일병원 1,0,71,12
101579,3,0,4,제일병원 1,0,71,12
101588,4,0,4,제일병원 1,0,71,13
101605,3,0,5,제일병원 1,0,71,13
101617,4,0,5,제일병원 1,0,71,13
101642,4,0,5,제일병원 1,0,71,14
101649,2,0,5,제일병원 1,0,71,14
101655,2,0,4,제일병원 1,0,71,14
101663,4,0,3,제일병원 1,0,71,14
101689,3,0,3,제일병원 1,0,71,14
101692,3,0,3,제일병원 1,0,71,14
101701,4,0,3,제일병원 1,0,71,15
101717,3,0,3,제일병원 1,0,71,15
101721,3,0,3,제일병원 1,0,71,15
101776,3,0,3,제일병원 1,0,71,16
101789,2,0,3,제일병원 1,0,71,16
101789,4,0,2,제일병원 1,0,71,16
101800,4,0,3,제일병원 1,0,71,16
101802,2,0,3,제일병원 1,0,71,16
101808,5,0,2,제일병원 1,0,71,16
101819,3,0,2,제일병원 1,0,71,16
101859,3,0,3,제일병원 1,0,71,17
101890,4,0,3,제일병원 1,0,71,18
101891,3,0,3,제일병원 1,0,71,18
101900,2,0,4,제일병원 1,0,71,18
101912,4,0,3,제일병원 1,0,71,18
101945,3,0,3,제일병원 1,0,71,19
101955,4,0,3,제일병원 1,0,71,19
101974,3,0,5,제일병원 1,0,71,19
101979,4,0,5,제일병원 1,0,71,19
101983,4,0,5,제일병원 1,0,71,19
102003,4,0,5,제일병원 1,0,71,20
102011,4,0,5,제일병원 1,0,71,20
102031,3,0,5,제일병원 1,0,71,20
102040,3,0,5,제일병원 1,0,71,20
102043,3,0,5,제일병원 1,0,71,20
102044,5,0,5,제일병원 1,0,71,20
102081,3,0,5,제일병원 1,0,71,21
102128,2,0,5,제일병원 1,0,71,22
102146,3,0,4,제일병원 1,0,71,22
102164,3,0,4,제일병원 1,0,71,22
102170,4,0,4,제일병원 1,0,71,22
102206,4,0,5,제일병원 1,0,71,23
102225,3,0,5,제일병원 1,0,71,23
102236,4,0,5,제일병원 1,0,71,23
102241,4,0,5,제일병원 1,1,72,0
102303,3,0,5,제일병원 1,1,72,1
102306,3,0,5,제일병원 1,1,72,1
102453,3,0,5,제일병원 1,1,72,3
102615,2,0,5,제일병원 1,1,72,6
102647,3,1,4,제일병원 1,1,72,6
102759,3,3,5,제일병원 1,1,72,8
102785,4,2,5,제일병원 1,1,72,9
102834,5,3,5,제일병원 1,1,72,9
102835,3,4,5,제일병원 1,1,72,9
102839,3,3,5,제일병원 1,1,72,9
102840,4,2,5,제일병원 1,1,72,10
102842,4,2,5,제일병원 1,1,72,10
102872,3,3,5,제일병원 1,1,72,10
102935,3,2,5,제일병원 1,1,72,11
102951,5,1,5,제일병원 1,1,72,11
102956,4,1,5,제일병원 1,1,72,11
102978,3,1,5,제일병원 1,1,72,12
102981,2,0,5,제일병원 1,1,72,12
102985,3,0,4,제일병원 1,1,72,12
102993,3,0,4,제일병원 1,1,72,12
103026,3,0,4,제일병원 1,1,72,13
103032,4,0,4,제일병원 1,1,72,13
103044,3,1,4,제일병원 1,1,72,13
103059,4,0,5,제일병원 1,1,72,13
103096,3,1,5,제일병원 1,1,72,14
103098,4,0,5,제일병원 1,1,72,14
103108,5,1,5,제일병원 1,1,72,14
103109,3,1,5,제일병원 1,1,72,14
103114,5,0,5,제일병원 1,1,72,14
103161,3,0,5,제일병원 1,1,72,15
103168,4,0,5,제일병원 1,1,72,15
103191,3,0,5,제일병원 1,1,72,15
103205,4,0,5,제일병원 1,1,72,16
103224,4,0,5,제일병원 1,1,72,16
103234,3,0,5,제일병원 1,1,72,16
103236,4,0,5,제일병원 1,1,72,16
103250,4,0,5,제일병원 1,1,72,16
103272,4,0,5,제일병원 1,1,72,17
103308,5,1,5,제일병원 1,1,72,17
103309,3,1,5,제일병원 1,1,72,17
103327,5,0,5,제일병원 1,1,72,18
103331,3,1,5,제일병원 1,1,72,18
103338,3,0,5,제일병원 1,1,72,18
103344,4,0,5,제일병원 1,1,72,18
103344,5,0,5,제일병원 1,1,72,18
103380,5,2,5,제일병원 1,1,72,19
103402,3,2,5,제일병원 1,1,72,19
103425,3,2,5,제일병원 1,1,72,19
103425,4,1,5,제일병원 1,1,72,19
103439,3,1,5,제일병원 1,1,72,19
103461,3,0,5,제일병원 1,1,72,20
103504,3,0,5,제일병원 1,1,72,21
103511,3,0,5,제일병원 1,1,72,21
103518,4,0,5,제일병원 1,1,72,21
103525,3,0,5,제일병원 1,1,72,21
103530,4,0,5,제일병원 1,1,72,21
103536,3,0,5,제일병원 1,1,72,21
103556,4,0,5,제일병원 1,1,72,21
103622,4,0,5,제일병원 1,1,72,23
103653,5,2,5,제일병원 1,1,72,23
103664,3,3,5,제일병원 1,1,72,23
103678,3,2,5,제일병원 1,1,72,23
103678,4,1,5,제일병원 1,1,72,23
103683,4,1,5,제일병원 1,2,73,0
103808,3,7,5,제일병원 1,2,73,2
103910,3,7,5,제일병원 1,2,73,3
103933,4,7,5,제일병원 1,2,73,4
104116,5,11,5,제일병원 1,2,73,7
104175,2,12,5,제일병원 1,2,73,8
104208,3,12,4,제일병원 1,2,73,8
104208,3,11,4,제일병원 1,2,73,8
104253,4,10,4,제일병원 1,2,73,9
104267,3,10,4,제일병원 1,2,73,9
104307,5,10,4,제일병원 1,2,73,10
104313,5,10,4,제일병원 1,2,73,10
104393,3,9,5,제일병원 1,2,73,11
104395,5,8,5,제일병원 1,2,73,11
104403,4,8,5,제일병원 1,2,73,12
104406,5,8,5,제일병원 1,2,73,12
104408,3,8,5,제일병원 1,2,73,12
104421,4,7,5,제일병원 1,2,73,12
104432,3,8,5,제일병원 1,2,73,12
104442,3,7,5,제일병원 1,2,73,12
104445,3,6,5,제일병원 1,2,73,12
104447,3,5,5,제일병원 1,2,73,12
104464,4,4,5,제일병원 1,2,73,13
104501,4,4,5,제일병원 1,2,73,13
104509,4,4,5,제일병원 1,2,73,13
104510,3,4,5,제일병원 1,2,73,13
104512,4,3,5,제일병원 1,2,73,13
104521,3,3,5,제일병원 1,2,73,14
104555,4,2,5,제일병원 1,2,73,14
104574,4,2,5,제일병원 1,2,73,14
104591,3,2,5,제일병원 1,2,73,15
104628,3,2,5,제일병원 1,2,73,15
104650,4,1,5,제일병원 1,2,73,16
104653,3,1,5,제일병원 1,2,73,16
104685,4,1,5,제일병원 1,2,73,16
104689,4,1,5,제일병원 1,2,73,16
104691,3,1,5,제일병원 1,2,73,16
104698,3,0,5,제일병원 1,2,73,16
104702,4,0,5,제일병원 1,2,73,17
104725,5,0,5,제일병원 1,2,73,17
104729,1,0,5,제일병원 1,2,73,17
104737,5,0,4,제일병원 1,2,73,17
104739,3,0,4,제일병원 1,2,73,17
104744,3,0,4,제일병원 1,2,73,17
104775,5,0,4,제일병원 1,2,73,18
104799,2,0,4,제일병원 1,2,73,18
104820,3,1,3,제일병원 1,2,73,19
104827,4,0,3,제일병원 1,2,73,19
104832,3,0,3,제일병원 1,2,73,19
104897,4,3,3,제일병원 1,2,73,20
104898,1,3,3,제일병원 1,2,73,20
104912,4,2,3,제일병원 1,2,73,20
104914,3,2,3,제일병원 1,2,73,20
104921,3,2,3,제일병원 1,2,73,20
104924,3,1,3,제일병원 1,2,73,20
104935,3,1,3,제일병원 1,2,73,20
104949,5,0,4,제일병원 1,2,73,21
104955,3,0,4,제일병원 1,2,73,21
104955,4,0,4,제일병원 1,2,73,21
104989,2,0,4,제일병원 1,2,73,21
105000,3,0,3,제일병원 1,2,73,22
105008,3,0,3,제일병원 1,2,73,22
105025,4,0,4,제일병원 1,2,73,22
105033,3,0,4,제일병원 1,2,73,22
105034,2,0,4,제일병원 1,2,73,22
105087,5,0,3,제일병원 1,2,73,23
105104,4,0,4,제일병원 1,2,73,23
105105,3,0,4,제일병원 1,2,73,23
105105,4,0,4,제일병원 1,2,73,23
105180,5,0,5,제일병원 1,3,74,1
105200,3,0,5,제일병원 1,3,74,1
105231,2,2,5,제일병원 1,3,74,1
105245,3,2,4,제일병원 1,3,74,2
105327,4,1,5,제일병원 1,3,74,3
105359,3,1,5,제일병원 1,3,74,3
105535,4,4,5,제일병원 1,3,74,6
105590,3,4,5,제일병원 1,3,74,7
105682,2,5,5,제일병원 1,3,74,9
105714,3,5,4,제일병원 1,3,74,9
105719,5,4,4,제일병원 1,3,74,9
105725,3,4,4,제일병원 1,3,74,10
105739,4,3,4,제일병원 1,3,74,10
105770,3,4,4,제일병원 1,3,74,10
105797,3,3,4,제일병원 1,3,74,11
105878,2,2,5,제일병원 1,3,74,12
105950,3,4,4,제일병원 1,3,74,13
105951,3,3,4,제일병원 1,3,74,13
105955,4,1,5,제일병원 1,3,74,13
105980,3,1,5,제일병원 1,3,74,14
105982,4,0,5,제일병원 1,3,74,14
105988,3,0,5,제일병원 1,3,74,14
106029,3,0,5,제일병원 1,3,74,15
106048,4,0,5,제일병원 1,3,74,15
106066,4,0,5,제일병원 1,3,74,15
106090,3,0,5,제일병원 1,3,74,16
106098,3,0,5,제일병원 1,3,74,16
106104,5,0,5,제일병원 1,3,74,16
106131,3,0,5,제일병원 1,3,74,16
106156,3,0,5,제일병원 1,3,74,17
106201,3,0,5,제일병원 1,3,74,18
106287,4,0,5,제일병원 1,3,74,19
106304,5,0,5,제일병원 1,3,74,19
106304,3,0,5,제일병원 1,3,74,19
106323,3,0,5,제일병원 1,3,74,20
106326,4,0,5,제일병원 1,3,74,20
106373,2,0,5,제일병원 1,3,74,20
106389,3,1,4,제일병원 1,3,74,21
106425,3,4,4,제일병원 1,3,74,21
106490,5,3,5,제일병원 1,3,74,22
106491,4,3,5,제일병원 1,3,74,22
106505,4,3,5,제일병원 1,3,74,23
106510,3,3,5,제일병원 1,3,74,23
106524,3,2,5,제일병원 1,3,74,23
106602,4,4,5,제일병원 1,4,75,0
106632,2,5,5,제일병원 1,4,75,1
106670,4,5,4,제일병원 1,4,75,1
106758,4,8,4,제일병원 1,4,75,3
106804,4,8,5,제일병원 1,4,75,4
106857,3,10,5,제일병원 1,4,75,4
106890,5,9,5,제일병원 1,4,75,5
107059,5,10,5,제일병원 1,4,75,8
107090,3,11,5,제일병원 1,4,75,8
107162,3,10,5,제일병원 1,4,75,10
107163,3,9,5,제일병원 1,4,75,10
107164,4,8,5,제일병원 1,4,75,10
107183,5,8,5,제일병원 1,4,75,10
107193,4,8,5,제일병원 1,4,75,10
107196,2,8,5,제일병원 1,4,75,10
107221,5,8,4,제일병원 1,4,75,11
107227,3,8,4,제일병원 1,4,75,11
107227,3,7,4,제일병원 1,4,75,11
107246,3,6,4,제일병원 1,4,75,11
107269,3,5,4,제일병원 1,4,75,11
107405,3,5,5,제일병원 1,4,75,14
107439,3,5,5,제일병원 1,4,75,14
107528,3,6,5,제일병원 1,4,75,16
107538,2,5,5,제일병원 1,4,75,16
107564,4,5,4,제일병원 1,4,75,16
107639,4,6,4,제일병원 1,4,75,17
107658,5,7,4,제일병원 1,4,75,18
107706,3,7,5,제일병원 1,4,75,19
107770,3,6,5,제일병원 1,4,75,20
107815,3,5,5,제일병원 1,4,75,20
107831,4,4,5,제일병원 1,4,75,21
107845,2,4,5,제일병원 1,4,75,21
107845,3,4,4,제일병원 1,4,75,21
107863,3,5,4,제일병원 1,4,75,21
107923,3,6,4,제일병원 1,4,75,22
107924,3,5,4,제일병원 1,4,75,22
107932,3,4,4,제일병원 1,4,75,22
107945,3,3,4,제일병원 1,4,75,23
107974,3,2,4,제일병원 1,4,75,23
108006,4,0,5,제일병원 1,5,76,0
108016,3,1,5,제일병원 1,5,76,0
108036,2,1,5,제일병원 1,5,76,0
108052,5,2,4,제일병원 1,5,76,0
108068,3,3,4,제일병원 1,5,76,1
108084,4,3,4,제일병원 1,5,76,1
108178,2,5,4,제일병원 1,5,76,2
108220,3,5,4,제일병원 1,5,76,3
108252,3,5,5,제일병원 1,5,76,4
108354,3,7,5,제일병원 1,5,76,5
108389,3,7,5,제일병원 1,5,76,6
108419,2,6,5,제일병원 1,5,76,6
108452,4,7,4,제일병원 1,5,76,7
108479,3,7,4,제일병원 1,5,76,7
108486,5,6,4,제일병원 1,5,76,8
108507,4,6,4,제일병원 1,5,76,8
108532,4,6,4,제일병원 1,5,76,8
108534,4,6,4,제일병원 1,5,76,8
108666,3,6,5,제일병원 1,5,76,11
108686,4,7,5,제일병원 1,5,76,11
108741,3,7,5,제일병원 1,5,76,12
108835,4,6,5,제일병원 1,5,76,13
108845,3,7,5,제일병원 1,5,76,14
108862,5,6,5,제일병원 1,5,76,14
108866,4,6,5,제일병원 1,5,76,14
108869,3,6,5,제일병원 1,5,76,14
108871,4,5,5,제일병원 1,5,76,14
108896,3,6,5,제일병원 1,5,76,14
108916,5,5,5,제일병원 1,5,76,15
108941,3,6,5,제일병원 1,5,76,15
108958,3,5,5,제일병원 1,5,76,15
108967,3,5,5,제일병원 1,5,76,16
109001,4,5,5,제일병원 1,5,76,16
109044,3,5,5,제일병원 1,5,76,17
109060,4,4,5,제일병원 1,5,76,17
109113,3,4,5,제일병원 1,5,76,18
109123,3,3,5,제일병원 1,5,76,18
109161,3,2,5,제일병원 1,5,76,19
109161,1,1,5,제일병원 1,5,76,19
109197,3,2,4,제일병원 1,5,76,19
109202,4,1,4,제일병원 1,5,76,20
109225,3,1,4,제일병원 1,5,76,20
109233,4,1,4,제일병원 1,5,76,20
109268,5,0,5,제일병원 1,5,76,21
109274,3,1,5,제일병원 1,5,76,21
109301,3,0,5,제일병원 1,5,76,21
109331,4,0,5,제일병원 1,5,76,22
109350,4,1,5,제일병원 1,5,76,22
109377,3,3,5,제일병원 1,5,76,22
109401,5,3,5,제일병원 1,5,76,23
109409,1,5,5,제일병원 1,5,76,23
109416,4,5,4,제일병원 1,5,76,23
109443,5,6,4,제일병원 1,6,77,0
109489,3,7,4,제일병원 1,6,77,0
109513,4,6,4,제일병원 1,6,77,1
109538,3,6,5,제일병원 1,6,77,1
109602,5,5,5,제일병원 1,6,77,2
109659,4,7,5,제일병원 1,6,77,3
109903,3,10,5,제일병원 1,6,77,7
109918,4,9,5,제일병원 1,6,77,7
109993,4,9,5,제일병원 1,6,77,9
109996,3,10,5,제일병원 1,6,77,9
110017,3,10,5,제일병원 1,6,77,9
110020,4,9,5,제일병원 1,6,77,9
110083,1,9,5,제일병원 1,6,77,10
110125,2,9,4,제일병원 1,6,77,11
110129,3,9,3,제일병원 1,6,77,11
110139,2,8,3,제일병원 1,6,77,11
110161,3,8,2,제일병원 1,6,77,12
110184,3,7,2,제일병원 1,6,77,12
110185,3,6,2,제일병원 1,6,77,12
110193,4,5,2,제일병원 1,6,77,12
110201,4,5,2,제일병원 1,6,77,12
110209,1,5,2,제일병원 1,6,77,12
110214,3,5,1,제일병원 1,6,77,12
110227,4,4,1,제일병원 1,6,77,13
110263,4,3,2,제일병원 1,6,77,13
110275,3,3,2,제일병원 1,6,77,13
110315,3,0,4,제일병원 1,6,77,14
110330,3,0,4,제일병원 1,6,77,14
110399,3,0,5,제일병원 1,6,77,15
110406,5,0,5,제일병원 1,6,77,16
110441,4,0,5,제일병원 1,6,77,16
110449,2,0,5,제일병원 1,6,77,16
110465,4,0,4,제일병원 1,6,77,17
110479,3,0,4,제일병원 1,6,77,17
110503,3,0,4,제일병원 1,6,77,17
110511,3,0,4,제일병원 1,6,77,17
110522,4,0,4,제일병원 1,6,77,18
110535,3,0,4,제일병원 1,6,77,18
110548,3,0,4,제일병원 1,6,77,18
110567,4,0,4,제일병원 1,6,77,18
110592,3,0,5,제일병원 1,6,77,19
110599,4,0,5,제일병원 1,6,77,19
110639,3,0,5,제일병원 1,6,77,19
110640,1,0,5,제일병원 1,6,77,20
110648,4,0,4,제일병원 1,6,77,20
110661,3,0,4,제일병원 1,6,77,20
110664,4,0,4,제일병원 1,6,77,20
110682,3,0,4,제일병원 1,6,77,20
110703,3,0,4,제일병원 1,6,77,21
110713,3,0,4,제일병원 1,6,77,21
110737,4,0,4,제일병원 1,6,77,21
110771,3,0,4,제일병원 1,6,77,22
110775,4,0,4,제일병원 1,6,77,22
110799,3,0,5,제일병원 1,6,77,22
110801,4,0,5,제일병원 1,6,77,22
110812,4,0,5,제일병원 1,6,77,22
110823,3,0,5,제일병원 1,6,77,23
110832,3,0,5,제일병원 1,6,77,23
110836,3,0,5,제일병원 1,6,77,23
110843,3,0,5,제일병원 1,6,77,23
110846,3,0,5,제일병원 1,6,77,23
110852,3,0,5,제일병원 1,6,77,23
110854,3,0,5,제일병원 1,6,77,23
110857,3,0,5,제일병원 1,6,77,23
110895,3,0,5,제일병원 1,0,78,0
110929,3,0,5,제일병원 1,0,78,0
110934,3,0,5,제일병원 1,0,78,0
111010,3,0,5,제일병원 1,0,78,2
111035,3,0,5,제일병원 1,0,78,2
111068,5,0,5,제일병원 1,0,78,3
111108,4,0,5,제일병원 1,0,78,3
111228,3,0,5,제일병원 1,0,78,5
111272,3,0,5,제일병원 1,0,78,6
111284,3,0,5,제일병원 1,0,78,6
111285,3,0,5,제일병원 1,0,78,6
111343,3,0,5,제일병원 1,0,78,7
111344,3,0,5,제일병원 1,0,78,7
111358,2,0,5,제일병원 1,0,78,7
111368,3,0,4,제일병원 1,0,78,8
111392,4,0,4,제일병원 1,0,78,8
111399,3,0,4,제일병원 1,0,78,8
111403,3,0,4,제일병원 1,0,78,8
111421,3,0,4,제일병원 1,0,78,9
111426,4,0,4,제일병원 1,0,78,9
111461,3,0,5,제일병원 1,0,78,9
111478,3,0,5,제일병원 1,0,78,9
111485,4,0,5,제일병원 1,0,78,10
111495,3,0,5,제일병원 1,0,78,10
111514,4,0,5,제일병원 1,0,78,10
111527,3,0,5,제일병원 1,0,78,10
111531,3,0,5,제일병원 1,0,78,10
111543,3,0,5,제일병원 1,0,78,11
111548,4,0,5,제일병원 1,0,78,11
111555,4,0,5,제일병원 1,0,78,11
111564,2,0,5,제일병원 1,0,78,11
111584,3,0,4,제일병원 1,0,78,11
111600,3,0,4,제일병원 1,0,78,12
111618,3,0,4,제일병원 1,0,78,12
111625,3,0,4,제일병원 1,0,78,12
111640,3,0,4,제일병원 1,0,78,12
111647,5,0,4,제일병원 1,0,78,12
111668,4,0,4,제일병원 1,0,78,13
111694,2,0,5,제일병원 1,0,78,13
111707,3,0,4,제일병원 1,0,78,13
111754,3,0,4,제일병원 1,0,78,14
111763,4,0,4,제일병원 1,0,78,14
111789,4,0,4,제일병원 1,0,78,15
111800,3,0,4,제일병원 1,0,78,15
111807,3,0,4,제일병원 1,0,78,15
111821,4,0,4,제일병원 1,0,78,15
111839,3,0,4,제일병원 1,0,78,15
111842,4,0,4,제일병원 1,0,78,16
111846,4,0,4,제일병원 1,0,78,16
111854,4,0,5,제일병원 1,0,78,16
111883,3,0,5,제일병원 1,0,78,16
111884,3,0,5,제일병원 1,0,78,16
111904,2,0,5,제일병원 1,0,78,17
111918,3,0,4,제일병원 1,0,78,17
111958,3,0,4,제일병원 1,0,78,17
111972,4,0,4,제일병원 1,0,78,18
111974,3,0,4,제일병원 1,0,78,18
111983,3,0,4,제일병원 1,0,78,18
111987,4,0,4,제일병원 1,0,78,18
112000,3,0,4,제일병원 1,0,78,18
112000,3,0,4,제일병원 1,0,78,18
112001,3,0,4,제일병원 1,0,78,18
112022,5,0,4,제일병원 1,0,78,19
112032,3,0,4,제일병원 1,0,78,19
112058,4,0,4,제일병원 1,0,78,19
112076,3,0,5,제일병원 1,0,78,19
112094,3,0,5,제일병원 1,0,78,20
112095,5,0,5,제일병원 1,0,78,20
112096,3,0,5,제일병원 1,0,78,20
112108,3,0,5,제일병원 1,0,78,20
112133,4,0,5,제일병원 1,0,78,20
112137,5,0,5,제일병원 1,0,78,20
112139,3,0,5,제일병원 1,0,78,20
112140,3,0,5,제일병원 1,0,78,21
112145,2,0,5,제일병원 1,0,78,21
112179,5,0,4,제일병원 1,0,78,21
112199,3,0,4,제일병원 1,0,78,21
112224,2,0,4,제일병원 1,0,78,22
112243,4,0,3,제일병원 1,0,78,22
112254,5,0,3,제일병원 1,0,78,22
112266,3,0,3,제일병원 1,0,78,23
112267,3,0,3,제일병원 1,0,78,23
112298,3,0,3,제일병원 1,0,78,23
112306,3,0,4,제일병원 1,0,78,23
112313,2,0,4,제일병원 1,0,78,23
112321,2,0,3,제일병원 1,1,79,0
112329,4,0,2,제일병원 1,1,79,0
112330,5,0,2,제일병원 1,1,79,0
112363,3,0,3,제일병원 1,1,79,0
112367,4,0,3,제일병원 1,1,79,0
112406,3,0,4,제일병원 1,1,79,1
112440,3,0,4,제일병원 1,1,79,2
112442,3,0,4,제일병원 1,1,79,2
112446,3,0,4,제일병원 1,1,79,2
112446,4,0,4,제일병원 1,1,79,2
112478,3,0,4,제일병원 1,1,79,2
112489,3,0,5,제일병원 1,1,79,2
112504,3,0,5,제일병원 1,1,79,3
112662,5,0,5,제일병원 1,1,79,5
112724,3,0,5,제일병원 1,1,79,6
112751,3,0,5,제일병원 1,1,79,7
112777,4,0,5,제일병원 1,1,79,7
112838,3,0,5,제일병원 1,1,79,8
112929,3,0,5,제일병원 1,1,79,10
112957,3,0,5,제일병원 1,1,79,10
112977,2,0,5,제일병원 1,1,79,10
112977,2,0,4,제일병원 1,1,79,10
112991,3,0,3,제일병원 1,1,79,11
113010,3,0,3,제일병원 1,1,79,11
113025,4,0,3,제일병원 1,1,79,11
113104,4,0,4,제일병원 1,1,79,13
113136,5,0,5,제일병원 1,1,79,13
113152,3,0,5,제일병원 1,1,79,13
113154,3,0,5,제일병원 1,1,79,13
113189,3,0,5,제일병원 1,1,79,14
113208,3,0,5,제일병원 1,1,79,14
113237,4,0,5,제일병원 1,1,79,15
113248,2,0,5,제일병원 1,1,79,15
113262,4,0,4,제일병원 1,1,79,15
113292,4,0,4,제일병원 1,1,79,16
113322,3,0,4,제일병원 1,1,79,16
113361,3,0,4,제일병원 1,1,79,17
113367,3,0,4,제일병원 1,1,79,17
113370,4,0,4,제일병원 1,1,79,17
113394,3,0,4,제일병원 1,1,79,17
113403,3,0,4,제일병원 1,1,79,18
113405,4,0,4,제일병원 1,1,79,18
113407,5,0,4,제일병원 1,1,79,18
113424,5,0,5,제일병원 1,1,79,18
113432,3,0,5,제일병원 1,1,79,18
113468,4,0,5,제일병원 1,1,79,19
113480,4,0,5,제일병원 1,1,79,19
113490,3,0,5,제일병원 1,1,79,19
113545,3,0,5,제일병원 1,1,79,20
113579,3,0,5,제일병원 1,1,79,20
113603,4,0,5,제일병원 1,1,79,21
113613,3,0,5,제일병원 1,1,79,21
113648,3,0,5,제일병원 1,1,79,22
113653,3,0,5,제일병원 1,1,79,22
113660,3,0,5,제일병원 1,1,79,22
113668,4,0,5,제일병원 1,1,79,22
113718,2,0,5,제일병원 1,1,79,23
113721,5,0,4,제일병원 1,1,79,23
113725,3,0,4,제일병원 1,1,79,23
113745,3,0,4,제일병원 1,1,79,23
113762,3,0,4,제일병원 1,2,80,0
113765,3,0,4,제일병원 1,2,80,0
113773,2,0,4,제일병원 1,2,80,0
113855,4,0,4,제일병원 1,2,80,1
113866,3,0,4,제일병원 1,2,80,1
113874,4,0,4,제일병원 1,2,80,1
113949,5,0,5,제일병원 1,2,80,3
114136,1,0,5,제일병원 1,2,80,6
114138,2,0,4,제일병원 1,2,80,6
114179,3,0,3,제일병원 1,2,80,6
114206,3,0,4,제일병원 1,2,80,7
114277,4,0,4,제일병원 1,2,80,8
114299,3,0,5,제일병원 1,2,80,8
114389,3,0,5,제일병원 1,2,80,10
114408,3,0,5,제일병원 1,2,80,10
114429,3,0,5,제일병원 1,2,80,11
114434,4,0,5,제일병원 1,2,80,11
114452,4,0,5,제일병원 1,2,80,11
114471,4,0,5,제일병원 1,2,80,11
114509,1,0,5,제일병원 1,2,80,12
114537,3,0,4,제일병원 1,2,80,12
114538,3,0,4,제일병원 1,2,80,12
114566,4,0,4,제일병원 1,2,80,13
114569,3,0,4,제일병원 1,2,80,13
114605,3,0,4,제일병원 1,2,80,14
114624,4,0,4,제일병원 1,2,80,14
114652,3,0,5,제일병원 1,2,80,14
114679,2,0,5,제일병원 1,2,80,15
114691,5,0,4,제일병원 1,2,80,15
114726,2,0,4,제일병원 1,2,80,16
114748,3,0,4,제일병원 1,2,80,16
114764,3,0,4,제일병원 1,2,80,16
114770,4,0,4,제일병원 1,2,80,16
114781,3,0,4,제일병원 1,2,80,17
114782,3,0,4,제일병원 1,2,80,17
114782,3,0,4,제일병원 1,2,80,17
114802,4,0,4,제일병원 1,2,80,17
114813,3,0,4,제일병원 1,2,80,17
114814,3,0,4,제일병원 1,2,80,17
114845,4,0,4,제일병원 1,2,80,18
114847,3,0,4,제일병원 1,2,80,18
114850,3,0,4,제일병원 1,2,80,18
114856,5,0,4,제일병원 1,2,80,18
114908,3,0,5,제일병원 1,2,80,19
114936,3,0,5,제일병원 1,2,80,19
114951,3,0,5,제일병원 1,2,80,19
114953,3,0,5,제일병원 1,2,80,19
114986,3,0,5,제일병원 1,2,80,20
115000,3,0,5,제일병원 1,2,80,20
115039,3,0,5,제일병원 1,2,80,21
115051,1,0,5,제일병원 1,2,80,21
115096,1,0,4,제일병원 1,2,80,22
115155,1,0,3,제일병원 1,2,80,23
115183,3,0,2,제일병원 1,2,80,23
115194,4,0,2,제일병원 1,2,80,23
115210,2,0,2,제일병원 1,3,81,0
115242,2,0,2,제일병원 1,3,81,0
115264,2,0,2,제일병원 1,3,81,1
115301,4,0,1,제일병원 1,3,81,1
115343,3,0,5,제일병원 1,3,81,2
115408,4,0,5,제일병원 1,3,81,3
115532,3,0,5,제일병원 1,3,81,5
115553,4,0,5,제일병원 1,3,81,5
115614,3,0,5,제일병원 1,3,81,6
115615,3,0,5,제일병원 1,3,81,6
115628,3,0,5,제일병원 1,3,81,7
115655,3,0,5,제일병원 1,3,81,7
115725,4,0,5,제일병원 1,3,81,8
115733,3,0,5,제일병원 1,3,81,8
115743,3,0,5,제일병원 1,3,81,9
115787,4,0,5,제일병원 1,3,81,9
115796,3,0,5,제일병원 1,3,81,9
115796,3,0,5,제일병원 1,3,81,9
115797,3,0,5,제일병원 1,3,81,9
115808,3,0,5,제일병원 1,3,81,10
115881,3,0,5,제일병원 1,3,81,11
115887,3,0,5,제일병원 1,3,81,11
115906,3,0,5,제일병원 1,3,81,11
115924,2,0,5,제일병원 1,3,81,12
115929,3,0,4,제일병원 1,3,81,12
115948,2,0,4,제일병원 1,3,81,12
115954,2,0,3,제일병원 1,3,81,12
115960,3,0,2,제일병원 1,3,81,12
115967,5,0,2,제일병원 1,3,81,12
115973,4,0,2,제일병원 1,3,81,12
115974,4,0,2,제일병원 1,3,81,12
116022,5,0,4,제일병원 1,3,81,13
116051,3,0,4,제일병원 1,3,81,14
116073,4,0,4,제일병원 1,3,81,14
116118,3,0,4,제일병원 1,3,81,15
116158,4,0,5,제일병원 1,3,81,15
116175,4,0,5,제일병원 1,3,81,16
116224,4,0,5,제일병원 1,3,81,17
116226,3,0,5,제일병원 1,3,81,17
116248,5,0,5,제일병원 1,3,81,17
116276,4,0,5,제일병원 1,3,81,17
116306,3,0,5,제일병원 1,3,81,18
116344,5,0,5,제일병원 1,3,81,19
116402,4,0,5,제일병원 1,3,81,20
116442,4,1,5,제일병원 1,3,81,20
116448,3,1,5,제일병원 1,3,81,20
116472,4,1,5,제일병원 1,3,81,21
116476,4,1,5,제일병원 1,3,81,21
116487,3,1,5,제일병원 1,3,81,21
116565,3,2,5,제일병원 1,3,81,22
116585,3,3,5,제일병원 1,3,81,23
116589,3,2,5,제일병원 1,3,81,23
116679,3,2,5,제일병원 1,4,82,0
116719,3,2,5,제일병원 1,4,82,1
116792,3,2,5,제일병원 1,4,82,2
116863,3,3,5,제일병원 1,4,82,3
116891,3,3,5,제일병원 1,4,82,4
116908,5,3,5,제일병원 1,4,82,4
116913,3,3,5,제일병원 1,4,82,4
116949,3,2,5,제일병원 1,4,82,5
116978,3,2,5,제일병원 1,4,82,5
117040,3,3,5,제일병원 1,4,82,6
117113,3,3,5,제일병원 1,4,82,7
117169,3,5,5,제일병원 1,4,82,8
117179,4,4,5,제일병원 1,4,82,8
117180,4,4,5,제일병원 1,4,82,9
117189,5,4,5,제일병원 1,4,82,9
117232,3,4,5,제일병원 1,4,82,9
117233,3,3,5,제일병원 1,4,82,9
117247,3,4,5,제일병원 1,4,82,10
117259,2,4,5,제일병원 1,4,82,10
117273,3,4,4,제일병원 1,4,82,10
117303,3,4,4,제일병원 1,4,82,11
117345,4,3,4,제일병원 1,4,82,11
117349,2,3,4,제일병원 1,4,82,11
117367,3,3,3,제일병원 1,4,82,12
117384,3,2,3,제일병원 1,4,82,12
117419,3,1,4,제일병원 1,4,82,12
117437,3,2,4,제일병원 1,4,82,13
117498,3,2,4,제일병원 1,4,82,14
117579,3,2,5,제일병원 1,4,82,15
117593,4,2,5,제일병원 1,4,82,15
117608,3,2,5,제일병원 1,4,82,16
117608,5,1,5,제일병원 1,4,82,16
117613,3,1,5,제일병원 1,4,82,16
117619,4,0,5,제일병원 1,4,82,16
117650,4,2,5,제일병원 1,4,82,16
117667,4,2,5,제일병원 1,4,82,17
117694,3,3,5,제일병원 1,4,82,17
117731,3,3,5,제일병원 1,4,82,18
117755,2,2,5,제일병원 1,4,82,18
117788,3,3,4,제일병원 1,4,82,19
117835,3,3,4,제일병원 1,4,82,19
117860,3,3,4,제일병원 1,4,82,20
117942,4,3,5,제일병원 1,4,82,21
117966,3,4,5,제일병원 1,4,82,22
117974,4,3,5,제일병원 1,4,82,22
117983,3,4,5,제일병원 1,4,82,22
117992,4,3,5,제일병원 1,4,82,22
118068,4,4,5,제일병원 1,4,82,23
118071,2,4,5,제일병원 1,4,82,23
118072,4,4,4,제일병원 1,4,82,23
118075,3,4,4,제일병원 1,4,82,23
118128,2,7,4,제일병원 1,5,83,0
118201,4,7,3,제일병원 1,5,83,2
118211,5,8,3,제일병원 1,5,83,2
118224,5,8,3,제일병원 1,5,83,2
118228,3,7,4,제일병원 1,5,83,2
118350,2,6,5,제일병원 1,5,83,4
118393,4,6,4,제일병원 1,5,83,5
118607,3,9,5,제일병원 1,5,83,8
118627,3,8,5,제일병원 1,5,83,9
118633,4,7,5,제일병원 1,5,83,9
118633,4,7,5,제일병원 1,5,83,9
118640,3,7,5,제일병원 1,5,83,9
118645,3,6,5,제일병원 1,5,83,9
118672,3,6,5,제일병원 1,5,83,9
118697,3,5,5,제일병원 1,5,83,10
118709,1,4,5,제일병원 1,5,83,10
118721,4,4,4,제일병원 1,5,83,10
118722,1,4,4,제일병원 1,5,83,10
118798,3,5,3,제일병원 1,5,83,11
118823,3,3,4,제일병원 1,5,83,12
118829,3,2,4,제일병원 1,5,83,12
119059,3,6,5,제일병원 1,5,83,16
119095,5,6,5,제일병원 1,5,83,16
119145,4,7,5,제일병원 1,5,83,17
119188,5,7,5,제일병원 1,5,83,18
119215,4,8,5,제일병원 1,5,83,18
119224,4,8,5,제일병원 1,5,83,19
119238,4,9,5,제일병원 1,5,83,19
119248,3,9,5,제일병원 1,5,83,19
119269,4,8,5,제일병원 1,5,83,19
119310,4,9,5,제일병원 1,5,83,20
119326,1,9,5,제일병원 1,5,83,20
119347,3,9,4,제일병원 1,5,83,21
119366,3,8,4,제일병원 1,5,83,21
119372,3,7,4,제일병원 1,5,83,21
119392,5,6,4,제일병원 1,5,83,21
119420,5,6,4,제일병원 1,5,83,22
119423,3,6,4,제일병원 1,5,83,22
119445,4,5,4,제일병원 1,5,83,22
119478,3,5,5,제일병원 1,5,83,23
119516,4,4,5,제일병원 1,5,83,23
119516,3,4,5,제일병원 1,5,83,23
119521,3,3,5,제일병원 1,6,84,0
119543,3,2,5,제일병원 1,6,84,0
119543,4,1,5,제일병원 1,6,84,0
119560,3,1,5,제일병원 1,6,84,0
119583,3,2,5,제일병원 1,6,84,1
119622,3,1,5,제일병원 1,6,84,1
119625,4,0,5,제일병원 1,6,84,1
119650,3,0,5,제일병원 1,6,84,2
119672,5,0,5,제일병원 1,6,84,2
119715,3,1,5,제일병원 1,6,84,3
119751,4,1,5,제일병원 1,6,84,3
119758,4,1,5,제일병원 1,6,84,3
119851,5,2,5,제일병원 1,6,84,5
119864,3,3,5,제일병원 1,6,84,5
119885,3,4,5,제일병원 1,6,84,6
119930,4,4,5,제일병원 1,6,84,6
119935,2,4,5,제일병원 1,6,84,6
119964,3,5,4,제일병원 1,6,84,7
119987,3,6,4,제일병원 1,6,84,7
120004,2,5,4,제일병원 1,6,84,8
120065,3,6,4,제일병원 1,6,84,9
120073,4,5,4,제일병원 1,6,84,9
120103,3,5,4,제일병원 1,6,84,9
120117,3,4,4,제일병원 1,6,84,9
120118,4,3,4,제일병원 1,6,84,9
120118,3,3,4,제일병원 1,6,84,9
120122,4,2,4,제일병원 1,6,84,10
120125,2,2,4,제일병원 1,6,84,10
120159,4,3,3,제일병원 1,6,84,10
120161,3,3,3,제일병원 1,6,84,10
120212,3,2,4,제일병원 1,6,84,11
120252,3,2,4,제일병원 1,6,84,12
120255,4,1,4,제일병원 1,6,84,12
120265,2,1,4,제일병원 1,6,84,12
120270,3,1,3,제일병원 1,6,84,12
120298,3,0,4,제일병원 1,6,84,12
120301,1,0,4,제일병원 1,6,84,13
120307,3,0,3,제일병원 1,6,84,13
120315,3,0,3,제일병원 1,6,84,13
120360,4,0,3,제일병원 1,6,84,14
120366,2,0,3,제일병원 1,6,84,14
120387,3,0,2,제일병원 1,6,84,14
120387,3,0,2,제일병원 1,6,84,14
120408,4,0,3,제일병원 1,6,84,14
120416,3,0,3,제일병원 1,6,84,14
120428,2,0,4,제일병원 1,6,84,15
120439,3,0,3,제일병원 1,6,84,15
120454,5,0,3,제일병원 1,6,84,15
120461,3,0,3,제일병원 1,6,84,15
120472,4,0,3,제일병원 1,6,84,15
120518,2,0,5,제일병원 1,6,84,16
120542,2,0,4,제일병원 1,6,84,17
120554,3,0,3,제일병원 1,6,84,17
120565,4,0,3,제일병원 1,6,84,17
120567,1,0,3,제일병원 1,6,84,17
120591,3,0,2,제일병원 1,6,84,17
120616,5,0,2,제일병원 1,6,84,18
120637,3,0,2,제일병원 1,6,84,18
120639,3,0,2,제일병원 1,6,84,18
120655,3,0,3,제일병원 1,6,84,18
120664,3,0,3,제일병원 1,6,84,19
120667,5,0,3,제일병원 1,6,84,19
120679,3,0,4,제일병원 1,6,84,19
120707,3,0,5,제일병원 1,6,84,19
120712,3,0,5,제일병원 1,6,84,19
120742,4,0,5,제일병원 1,6,84,20
120744,3,0,5,제일병원 1,6,84,20
120747,2,0,5,제일병원 1,6,84,20
120796,4,0,4,제일병원 1,6,84,21
120808,4,0,4,제일병원 1,6,84,21
120813,3,0,4,제일병원 1,6,84,21
120814,3,0,4,제일병원 1,6,84,21
120830,3,0,5,제일병원 1,6,84,21
120833,3,0,5,제일병원 1,6,84,21
120835,3,0,5,제일병원 1,6,84,21
120881,3,0,5,제일병원 1,6,84,22
120905,1,0,5,제일병원 1,6,84,23
120921,3,0,4,제일병원 1,6,84,23
120931,3,0,4,제일병원 1,6,84,23
120933,4,0,4,제일병원 1,6,84,23
120938,4,0,4,제일병원 1,6,84,23
120988,5,0,4,제일병원 1,0,85,0
120989,5,0,4,제일병원 1,0,85,0
121074,3,0,5,제일병원 1,0,85,1
121085,3,0,5,제일병원 1,0,85,2
121106,3,0,5,제일병원 1,0,85,2
121108,3,0,5,제일병원 1,0,85,2
121163,1,0,5,제일병원 1,0,85,3
121168,3,0,4,제일병원 1,0,85,3
121180,3,0,4,제일병원 1,0,85,3
121249,3,0,4,제일병원 1,0,85,4
121265,3,0,5,제일병원 1,0,85,5
121374,4,0,5,제일병원 1,0,85,6
121382,3,0,5,제일병원 1,0,85,7
121444,5,0,5,제일병원 1,0,85,8
121515,3,0,5,제일병원 1,0,85,9
121519,5,0,5,제일병원 1,0,85,9
121519,4,0,5,제일병원 1,0,85,9
121530,4,0,5,제일병원 1,0,85,9
121541,3,0,5,제일병원 1,0,85,9
121546,3,0,5,제일병원 1,0,85,9
121555,5,0,5,제일병원 1,0,85,9
121560,5,0,5,제일병원 1,0,85,10
121565,3,0,5,제일병원 1,0,85,10
121612,4,0,5,제일병원 1,0,85,10
121616,3,0,5,제일병원 1,0,85,10
121621,4,0,5,제일병원 1,0,85,11
121624,5,0,5,제일병원 1,0,85,11
121651,3,0,5,제일병원 1,0,85,11
121683,4,0,5,제일병원 1,0,85,12
121699,4,0,5,제일병원 1,0,85,12
121711,4,0,5,제일병원 1,0,85,12
121725,5,0,5,제일병원 1,0,85,12
121728,3,0,5,제일병원 1,0,85,12
121732,4,0,5,제일병원 1,0,85,12
121737,3,0,5,제일병원 1,0,85,12
121742,3,0,5,제일병원 1,0,85,13
121746,2,0,5,제일병원 1,0,85,13
121748,3,0,4,제일병원 1,0,85,13
121778,3,0,4,제일병원 1,0,85,13
121783,2,0,4,제일병원 1,0,85,13
121797,3,0,3,제일병원 1,0,85,13
121798,4,0,3,제일병원 1,0,85,13
121809,3,0,3,제일병원 1,0,85,14
121856,2,0,4,제일병원 1,0,85,14
121898,4,0,4,제일병원 1,0,85,15
121916,2,0,4,제일병원 1,0,85,15
121920,4,0,3,제일병원 1,0,85,16
121929,1,0,4,제일병원 1,0,85,16
121940,5,0,3,제일병원 1,0,85,16
122010,4,0,3,제일병원 1,0,85,17
122011,3,0,3,제일병원 1,0,85,17
122017,3,0,3,제일병원 1,0,85,17
122040,2,0,3,제일병원 1,0,85,18
122048,2,0,2,제일병원 1,0,85,18
122050,3,0,1,제일병원 1,0,85,18
122073,3,0,1,제일병원 1,0,85,18
122079,3,0,2,제일병원 1,0,85,18
122121,5,0,4,제일병원 1,0,85,19
122190,3,0,4,제일병원 1,0,85,20
122212,3,0,5,제일병원 1,0,85,20
122212,4,0,5,제일병원 1,0,85,20
122236,3,0,5,제일병원 1,0,85,21
122241,2,0,5,제일병원 1,0,85,21
122270,4,0,4,제일병원 1,0,85,21
122271,3,0,4,제일병원 1,0,85,21
122275,3,0,4,제일병원 1,0,85,21
122278,5,0,4,제일병원 1,0,85,21
122280,4,0,4,제일병원 1,0,85,22
122280,3,0,4,제일병원 1,0,85,22
122285,2,0,4,제일병원 1,0,85,22
122290,4,0,3,제일병원 1,0,85,22
122291,4,0,3,제일병원 1,0,85,22
122299,4,0,3,제일병원 1,0,85,22
122340,3,0,3,제일병원 1,0,85,23
122346,4,0,3,제일병원 1,0,85,23
122376,4,0,4,제일병원 1,0,85,23
122398,4,0,4,제일병원 1,0,85,23
122415,2,0,5,제일병원 1,1,86,0
122462,2,0,4,제일병원 1,1,86,1
122480,3,0,4,제일병원 1,1,86,1
122488,4,0,4,제일병원 1,1,86,1
122558,3,0,4,제일병원 1,1,86,2
122588,4,0,4,제일병원 1,1,86,3
122643,4,0,5,제일병원 1,1,86,4
122677,3,0,5,제일병원 1,1,86,4
122799,3,0,5,제일병원 1,1,86,6
122824,3,0,5,제일병원 1,1,86,7
122837,3,0,5,제일병원 1,1,86,7
122971,3,0,5,제일병원 1,1,86,9
122986,3,0,5,제일병원 1,1,86,9
122995,4,0,5,제일병원 1,1,86,9
123089,3,0,5,제일병원 1,1,86,11
123171,3,0,5,제일병원 1,1,86,12
123235,3,0,5,제일병원 1,1,86,13
123245,4,0,5,제일병원 1,1,86,14
123289,4,0,5,제일병원 1,1,86,14
123300,4,0,5,제일병원 1,1,86,15
123366,3,0,5,제일병원 1,1,86,16
123376,3,0,5,제일병원 1,1,86,16
123391,3,0,5,제일병원 1,1,86,16
123393,3,0,5,제일병원 1,1,86,16
123401,3,0,5,제일병원 1,1,86,16
123410,3,0,5,제일병원 1,1,86,16
123450,3,0,5,제일병원 1,1,86,17
123470,1,0,5,제일병원 1,1,86,17
123481,3,0,4,제일병원 1,1,86,18
123540,3,0,4,제일병원 1,1,86,19
123565,3,0,4,제일병원 1,1,86,19
123576,3,0,4,제일병원 1,1,86,19
123625,3,0,5,제일병원 1,1,86,20
123633,3,0,5,제일병원 1,1,86,20
123715,4,0,5,제일병원 1,1,86,21
123768,4,0,5,제일병원 1,1,86,22
123790,4,0,5,제일병원 1,1,86,23
123791,3,0,5,제일병원 1,1,86,23
123809,4,0,5,제일병원 1,1,86,23
123812,4,0,5,제일병원 1,1,86,23
123812,3,0,5,제일병원 1,1,86,23
123824,5,0,5,제일병원 1,1,86,23
123825,3,0,5,제일병원 1,1,86,23
123844,2,0,5,제일병원 1,2,87,0
123848,3,0,4,제일병원 1,2,87,0
123877,3,0,4,제일병원 1,2,87,0
123879,3,0,4,제일병원 1,2,87,0
123949,3,0,4,제일병원 1,2,87,1
123983,3,0,5,제일병원 1,2,87,2
124032,3,0,5,제일병원 1,2,87,3
124139,3,0,5,제일병원 1,2,87,4
124143,3,0,5,제일병원 1,2,87,5
124160,4,0,5,제일병원 1,2,87,5
124344,4,0,5,제일병원 1,2,87,8
124345,5,0,5,제일병원 1,2,87,8
124354,4,0,5,제일병원 1,2,87,8
124361,1,0,5,제일병원 1,2,87,8
124434,3,4,4,제일병원 1,2,87,9
124442,4,3,4,제일병원 1,2,87,10
124460,3,3,4,제일병원 1,2,87,10
124461,3,2,4,제일병원 1,2,87,10
124482,5,2,4,제일병원 1,2,87,10
124485,2,2,4,제일병원 1,2,87,10
124486,1,2,3,제일병원 1,2,87,10
124503,3,3,3,제일병원 1,2,87,11
124524,3,2,3,제일병원 1,2,87,11
124538,4,1,3,제일병원 1,2,87,11
124546,3,1,3,제일병원 1,2,87,11
124556,5,0,4,제일병원 1,2,87,11
124563,3,0,4,제일병원 1,2,87,12
124575,4,0,4,제일병원 1,2,87,12
124593,3,0,4,제일병원 1,2,87,12
124601,4,0,4,제일병원 1,2,87,12
124637,3,0,5,제일병원 1,2,87,13
124642,4,0,5,제일병원 1,2,87,13
124652,3,0,5,제일병원 1,2,87,13
124654,3,0,5,제일병원 1,2,87,13
124672,5,0,5,제일병원 1,2,87,13
124675,3,0,5,제일병원 1,2,87,13
124693,3,0,5,제일병원 1,2,87,14
124714,2,0,5,제일병원 1,2,87,14
124724,3,0,4,제일병원 1,2,87,14
124754,4,0,4,제일병원 1,2,87,15
124758,3,0,4,제일병원 1,2,87,15
124761,3,0,4,제일병원 1,2,87,15
124772,3,0,4,제일병원 1,2,87,15
124791,3,0,4,제일병원 1,2,87,15
124793,4,0,4,제일병원 1,2,87,15
124832,4,0,5,제일병원 1,2,87,16
124833,3,0,5,제일병원 1,2,87,16
124843,3,0,5,제일병원 1,2,87,16
124849,4,0,5,제일병원 1,2,87,16
124880,2,0,5,제일병원 1,2,87,17
124970,3,0,4,제일병원 1,2,87,18
124974,4,0,4,제일병원 1,2,87,18
125054,3,2,5,제일병원 1,2,87,20
125103,3,1,5,제일병원 1,2,87,21
125104,3,0,5,제일병원 1,2,87,21
125104,3,0,5,제일병원 1,2,87,21
125109,4,0,5,제일병원 1,2,87,21
125157,3,2,5,제일병원 1,2,87,21
125183,2,1,5,제일병원 1,2,87,22
125211,4,2,4,제일병원 1,2,87,22
125234,4,2,4,제일병원 1,2,87,23
125305,3,3,5,제일병원 1,3,88,0
125365,4,7,5,제일병원 1,3,88,1
125428,2,10,5,제일병원 1,3,88,2
125472,4,10,4,제일병원 1,3,88,3
125498,4,10,4,제일병원 1,3,88,3
125501,3,10,4,제일병원 1,3,88,3
125593,4,8,5,제일병원 1,3,88,5
125623,4,8,5,제일병원 1,3,88,5
125654,3,8,5,제일병원 1,3,88,6
125684,3,7,5,제일병원 1,3,88,6
125690,2,6,5,제일병원 1,3,88,6
125749,1,7,4,제일병원 1,3,88,7
125756,4,7,3,제일병원 1,3,88,7
125799,2,7,4,제일병원 1,3,88,8
125810,3,7,3,제일병원 1,3,88,8
125855,3,5,4,제일병원 1,3,88,9
125860,4,4,4,제일병원 1,3,88,9
125924,3,4,5,제일병원 1,3,88,10
125950,3,3,5,제일병원 1,3,88,11
126024,4,4,5,제일병원 1,3,88,12
126049,3,4,5,제일병원 1,3,88,12
126069,4,4,5,제일병원 1,3,88,13
126070,3,4,5,제일병원 1,3,88,13
126090,3,3,5,제일병원 1,3,88,13
126095,3,2,5,제일병원 1,3,88,13
126108,4,1,5,제일병원 1,3,88,13
126127,3,1,5,제일병원 1,3,88,14
126207,3,3,5,제일병원 1,3,88,15
126226,1,3,5,제일병원 1,3,88,15
126229,3,3,4,제일병원 1,3,88,15
126234,3,2,4,제일병원 1,3,88,15
126245,2,1,4,제일병원 1,3,88,16
126257,3,1,3,제일병원 1,3,88,16
126258,3,0,3,제일병원 1,3,88,16
126259,4,0,3,제일병원 1,3,88,16
126301,3,0,4,제일병원 1,3,88,17
126308,3,0,4,제일병원 1,3,88,17
126332,2,0,4,제일병원 1,3,88,17
126356,3,0,3,제일병원 1,3,88,17
126374,5,0,3,제일병원 1,3,88,18
126403,3,0,4,제일병원 1,3,88,18
126406,3,0,4,제일병원 1,3,88,18
126430,4,0,5,제일병원 1,3,88,19
126432,3,0,5,제일병원 1,3,88,19
126466,3,0,5,제일병원 1,3,88,19
126507,3,0,5,제일병원 1,3,88,20
126536,3,0,5,제일병원 1,3,88,20
126538,3,0,5,제일병원 1,3,88,20
126547,2,0,5,제일병원 1,3,88,21
126590,3,0,4,제일병원 1,3,88,21
126590,3,0,4,제일병원 1,3,88,21
126605,3,0,4,제일병원 1,3,88,22
126611,2,0,4,제일병원 1,3,88,22
126687,4,0,3,제일병원 1,3,88,23
126698,2,0,3,제일병원 1,3,88,23
126729,3,0,3,제일병원 1,4,89,0
126737,4,0,3,제일병원 1,4,89,0
126852,3,0,5,제일병원 1,4,89,2
126860,3,0,5,제일병원 1,4,89,2
126880,5,0,5,제일병원 1,4,89,2
126902,3,0,5,제일병원 1,4,89,3
127069,5,0,5,제일병원 1,4,89,5
127090,1,2,5,제일병원 1,4,89,6
127124,4,4,4,제일병원 1,4,89,6
127212,2,7,4,제일병원 1,4,89,8
127215,4,7,3,제일병원 1,4,89,8
127228,3,7,3,제일병원 1,4,89,8
127232,3,6,4,제일병원 1,4,89,8
127236,3,5,4,제일병원 1,4,89,8
127271,2,4,4,제일병원 1,4,89,9
127277,4,4,3,제일병원 1,4,89,9
127361,3,4,4,제일병원 1,4,89,10
127365,4,3,4,제일병원 1,4,89,10
127428,3,2,5,제일병원 1,4,89,11
127442,3,2,5,제일병원 1,4,89,12
127446,3,1,5,제일병원 1,4,89,12
127446,2,0,5,제일병원 1,4,89,12
127494,3,2,4,제일병원 1,4,89,12
127504,4,2,4,제일병원 1,4,89,13
127532,4,2,5,제일병원 1,4,89,13
127545,3,2,5,제일병원 1,4,89,13
127599,3,1,5,제일병원 1,4,89,14
127609,5,0,5,제일병원 1,4,89,14
127619,3,1,5,제일병원 1,4,89,14
127669,4,0,5,제일병원 1,4,89,15
127683,4,1,5,제일병원 1,4,89,16
127690,3,1,5,제일병원 1,4,89,16
127695,3,0,5,제일병원 1,4,89,16
127703,3,0,5,제일병원 1,4,89,16
127736,4,0,5,제일병원 1,4,89,16
127739,3,0,5,제일병원 1,4,89,16
127767,3,0,5,제일병원 1,4,89,17
127807,5,0,5,제일병원 1,4,89,18
127833,2,0,5,제일병원 1,4,89,18
127834,4,0,4,제일병원 1,4,89,18
127893,3,1,4,제일병원 1,4,89,19
127910,4,0,4,제일병원 1,4,89,19
127948,3,2,4,제일병원 1,4,89,20
128018,4,2,5,제일병원 1,4,89,21
128045,5,2,5,제일병원 1,4,89,22
128055,4,2,5,제일병원 1,4,89,22
128060,2,2,5,제일병원 1,4,89,22
128161,3,6,4,제일병원 1,5,90,0
128183,3,6,4,제일병원 1,5,90,0
128194,3,6,4,제일병원 1,5,90,0
128224,3,4,5,제일병원 1,5,90,1
128283,3,4,5,제일병원 1,5,90,2
128291,3,3,5,제일병원 1,5,90,2
128325,4,2,5,제일병원 1,5,90,2
128346,3,2,5,제일병원 1,5,90,3
128521,4,2,5,제일병원 1,5,90,6
128553,5,2,5,제일병원 1,5,90,6
128555,3,2,5,제일병원 1,5,90,6
128556,3,1,5,제일병원 1,5,90,6
128565,4,2,5,제일병원 1,5,90,6
128605,4,2,5,제일병원 1,5,90,7
128638,3,3,5,제일병원 1,5,90,7
128638,4,2,5,제일병원 1,5,90,7
128647,4,2,5,제일병원 1,5,90,8
128648,4,3,5,제일병원 1,5,90,8
128679,5,4,5,제일병원 1,5,90,8
128756,3,6,5,제일병원 1,5,90,9
128764,3,6,5,제일병원 1,5,90,10
128823,4,7,5,제일병원 1,5,90,11
128850,4,8,5,제일병원 1,5,90,11
128872,3,9,5,제일병원 1,5,90,11
128898,4,8,5,제일병원 1,5,90,12
128913,3,8,5,제일병원 1,5,90,12
128947,2,7,5,제일병원 1,5,90,13
128995,3,8,4,제일병원 1,5,90,13
129046,3,9,4,제일병원 1,5,90,14
129100,4,10,4,제일병원 1,5,90,15
129110,4,10,4,제일병원 1,5,90,15
129127,5,9,5,제일병원 1,5,90,16
129138,3,9,5,제일병원 1,5,90,16
129166,3,8,5,제일병원 1,5,90,16
129178,3,7,5,제일병원 1,5,90,16
129205,3,6,5,제일병원 1,5,90,17
129295,3,5,5,제일병원 1,5,90,18
129297,5,4,5,제일병원 1,5,90,18
129303,1,4,5,제일병원 1,5,90,19
129324,1,4,4,제일병원 1,5,90,19
129342,4,4,3,제일병원 1,5,90,19
129358,3,4,3,제일병원 1,5,90,19
129377,3,3,3,제일병원 1,5,90,20
129389,3,3,3,제일병원 1,5,90,20
129414,4,3,3,제일병원 1,5,90,20
129421,3,3,3,제일병원 1,5,90,21
129435,2,2,4,제일병원 1,5,90,21
129436,3,2,3,제일병원 1,5,90,21
129444,4,1,3,제일병원 1,5,90,21
129456,4,1,3,제일병원 1,5,90,21
129458,2,1,3,제일병원 1,5,90,21
129476,4,2,2,제일병원 1,5,90,21
129543,3,4,3,제일병원 1,5,90,23
129552,4,4,3,제일병원 1,5,90,23
129561,4,3,4,제일병원 1,5,90,23
129626,4,5,5,제일병원 1,6,91,0
129664,5,5,5,제일병원 1,6,91,1
129667,5,5,5,제일병원 1,6,91,1
129674,2,5,5,제일병원 1,6,91,1
129689,3,6,4,제일병원 1,6,91,1
129692,3,5,4,제일병원 1,6,91,1
129699,3,4,4,제일병원 1,6,91,1
129715,3,3,4,제일병원 1,6,91,1
129752,3,2,4,제일병원 1,6,91,2
129779,3,0,5,제일병원 1,6,91,2
129793,4,0,5,제일병원 1,6,91,3
129911,5,3,5,제일병원 1,6,91,5
129966,3,6,5,제일병원 1,6,91,6
130045,3,5,5,제일병원 1,6,91,7
130062,2,4,5,제일병원 1,6,91,7
130063,4,4,4,제일병원 1,6,91,7
130072,3,5,4,제일병원 1,6,91,7
130123,5,6,4,제일병원 1,6,91,8
130165,3,6,4,제일병원 1,6,91,9
130171,5,5,4,제일병원 1,6,91,9
130174,4,5,4,제일병원 1,6,91,9
130179,3,5,4,제일병원 1,6,91,9
130181,5,4,4,제일병원 1,6,91,9
130185,3,4,4,제일병원 1,6,91,9
130188,3,3,4,제일병원 1,6,91,9
130189,3,2,4,제일병원 1,6,91,9
130193,4,1,4,제일병원 1,6,91,9
130196,3,1,4,제일병원 1,6,91,9
130209,1,0,4,제일병원 1,6,91,10
130214,4,0,4,제일병원 1,6,91,10
130226,3,0,4,제일병원 1,6,91,10
130234,3,0,4,제일병원 1,6,91,10
130237,5,0,4,제일병원 1,6,91,10
130267,3,0,4,제일병원 1,6,91,11
130271,4,0,4,제일병원 1,6,91,11
130279,4,0,4,제일병원 1,6,91,11
130310,4,0,4,제일병원 1,6,91,11
130316,3,0,4,제일병원 1,6,91,11
130324,3,0,4,제일병원 1,6,91,12
130325,3,0,4,제일병원 1,6,91,12
130348,5,0,4,제일병원 1,6,91,12
130359,3,0,4,제일병원 1,6,91,12
130359,3,0,4,제일병원 1,6,91,12
130396,3,0,5,제일병원 1,6,91,13
130409,3,0,5,제일병원 1,6,91,13
130412,4,0,5,제일병원 1,6,91,13
130444,4,0,5,제일병원 1,6,91,14
130461,3,0,5,제일병원 1,6,91,14
130461,2,0,5,제일병원 1,6,91,14
130461,5,0,4,제일병원 1,6,91,14
130503,3,0,4,제일병원 1,6,91,15
130524,2,0,4,제일병원 1,6,91,15
130536,3,0,3,제일병원 1,6,91,15
130537,3,0,3,제일병원 1,6,91,15
130570,3,0,4,제일병원 1,6,91,16
130573,2,0,4,제일병원 1,6,91,16
130593,3,0,3,제일병원 1,6,91,16
130608,3,0,3,제일병원 1,6,91,16
130638,3,0,3,제일병원 1,6,91,17
130640,2,0,3,제일병원 1,6,91,17
130646,2,0,2,제일병원 1,6,91,17
130663,5,0,1,제일병원 1,6,91,17
130669,4,0,1,제일병원 1,6,91,17
130689,3,0,3,제일병원 1,6,91,18
130713,3,0,4,제일병원 1,6,91,18
130725,4,0,5,제일병원 1,6,91,18
130727,3,0,5,제일병원 1,6,91,18
130756,4,0,5,제일병원 1,6,91,19
130760,5,0,5,제일병원 1,6,91,19
130773,3,0,5,제일병원 1,6,91,19
130778,4,0,5,제일병원 1,6,91,19
130781,4,0,5,제일병원 1,6,91,19
130783,4,0,5,제일병원 1,6,91,19
130787,5,0,5,제일병원 1,6,91,19
130788,3,0,5,제일병원 1,6,91,19
130797,4,0,5,제일병원 1,6,91,19
130803,3,0,5,제일병원 1,6,91,20
130830,4,0,5,제일병원 1,6,91,20
130847,2,0,5,제일병원 1,6,91,20
130859,3,0,4,제일병원 1,6,91,20
130869,3,0,4,제일병원 1,6,91,21
130879,5,0,4,제일병원 1,6,91,21
130880,3,0,4,제일병원 1,6,91,21
130884,2,0,4,제일병원 1,6,91,21
130926,4,0,4,제일병원 1,6,91,22
130932,3,0,4,제일병원 1,6,91,22
130934,4,0,4,제일병원 1,6,91,22
130956,4,0,4,제일병원 1,6,91,22
130978,5,0,4,제일병원 1,6,91,22
130981,3,0,4,제일병원 1,6,91,23
130981,4,0,4,제일병원 1,6,91,23
131000,3,0,4,제일병원 1,6,91,23
131010,5,0,4,제일병원 1,6,91,23
131016,3,0,5,제일병원 1,6,91,23
131016,4,0,5,제일병원 1,6,91,23
131026,3,0,5,제일병원 1,6,91,23
131035,5,0,5,제일병원 1,6,91,23
131069,3,0,5,제일병원 1,0,92,0
131081,2,0,5,제일병원 1,0,92,0
131116,1,0,4,제일병원 1,0,92,1
131184,3,0,4,제일병원 1,0,92,2
131270,3,0,4,제일병원 1,0,92,3
131287,3,0,5,제일병원 1,0,92,4
131342,4,0,5,제일병원 1,0,92,5
131355,3,0,5,제일병원 1,0,92,5
131403,3,0,5,제일병원 1,0,92,6
131443,5,0,5,제일병원 1,0,92,6
131483,1,0,5,제일병원 1,0,92,7
131500,4,0,4,제일병원 1,0,92,7
131542,4,0,4,제일병원 1,0,92,8
131550,3,0,4,제일병원 1,0,92,8
131552,4,0,4,제일병원 1,0,92,8
131558,3,0,4,제일병원 1,0,92,8
131590,3,0,4,제일병원 1,0,92,9
131599,3,0,4,제일병원 1,0,92,9
131601,3,0,4,제일병원 1,0,92,9
131602,5,0,4,제일병원 1,0,92,9
131635,3,0,4,제일병원 1,0,92,9
131668,2,0,5,제일병원 1,0,92,10
131684,4,0,4,제일병원 1,0,92,10
131713,4,0,4,제일병원 1,0,92,11
131721,2,0,4,제일병원 1,0,92,11
131740,3,0,3,제일병원 1,0,92,11
131765,4,0,4,제일병원 1,0,92,12
131836,3,0,5,제일병원 1,0,92,13
131851,4,0,5,제일병원 1,0,92,13
131867,4,0,5,제일병원 1,0,92,13
131867,3,0,5,제일병원 1,0,92,13
131877,4,0,5,제일병원 1,0,92,13
131879,3,0,5,제일병원 1,0,92,13
131886,3,0,5,제일병원 1,0,92,14
131889,3,0,5,제일병원 1,0,92,14
131894,5,0,5,제일병원 1,0,92,14
131916,3,0,5,제일병원 1,0,92,14
131917,3,0,5,제일병원 1,0,92,14
131928,2,0,5,제일병원 1,0,92,14
131936,2,0,4,제일병원 1,0,92,14
131947,4,0,3,제일병원 1,0,92,15
131949,3,0,3,제일병원 1,0,92,15
131959,3,0,3,제일병원 1,0,92,15
131964,2,0,3,제일병원 1,0,92,15
131965,5,0,2,제일병원 1,0,92,15
131990,4,0,2,제일병원 1,0,92,15
132048,3,0,4,제일병원 1,0,92,16
132050,3,0,4,제일병원 1,0,92,16
132056,3,0,4,제일병원 1,0,92,16
132069,3,0,4,제일병원 1,0,92,17
132078,3,0,4,제일병원 1,0,92,17
132080,3,0,4,제일병원 1,0,92,17
132093,3,0,5,제일병원 1,0,92,17
132135,3,0,5,제일병원 1,0,92,18
132141,4,0,5,제일병원 1,0,92,18
132144,3,0,5,제일병원 1,0,92,18
132157,4,0,5,제일병원 1,0,92,18
132175,3,0,5,제일병원 1,0,92,18
132180,2,0,5,제일병원 1,0,92,19
132184,2,0,4,제일병원 1,0,92,19
132212,4,0,3,제일병원 1,0,92,19
132216,4,0,3,제일병원 1,0,92,19
132217,4,0,3,제일병원 1,0,92,19
132280,3,0,3,제일병원 1,0,92,20
132285,3,0,4,제일병원 1,0,92,20
132294,3,0,4,제일병원 1,0,92,20
132295,2,0,4,제일병원 1,0,92,20
132339,4,0,4,제일병원 1,0,92,21
132345,5,0,4,제일병원 1,0,92,21
132363,4,0,4,제일병원 1,0,92,22
132378,5,0,4,제일병원 1,0,92,22
132406,3,0,4,제일병원 1,0,92,22
132410,3,0,4,제일병원 1,0,92,22
132414,4,0,4,제일병원 1,0,92,22
132435,3,0,5,제일병원 1,0,92,23
132454,2,0,5,제일병원 1,0,92,23
132466,3,0,4,제일병원 1,0,92,23
132467,3,0,4,제일병원 1,0,92,23
132506,5,0,4,제일병원 1,1,93,0
132508,4,0,4,제일병원 1,1,93,0
132556,3,0,4,제일병원 1,1,93,1
132600,4,0,5,제일병원 1,1,93,2
132607,4,0,5,제일병원 1,1,93,2
132623,3,0,5,제일병원 1,1,93,2
132708,4,0,5,제일병원 1,1,93,3
132723,3,0,5,제일병원 1,1,93,4
132773,4,0,5,제일병원 1,1,93,4
132778,3,0,5,제일병원 1,1,93,4
132830,4,0,5,제일병원 1,1,93,5
132854,3,0,5,제일병원 1,1,93,6
132857,4,0,5,제일병원 1,1,93,6
132863,2,0,5,제일병원 1,1,93,6
132863,2,0,4,제일병원 1,1,93,6
132879,2,0,3,제일병원 1,1,93,6
133092,4,0,5,제일병원 1,1,93,10
133114,4,0,5,제일병원 1,1,93,10
133118,4,0,5,제일병원 1,1,93,10
133121,4,0,5,제일병원 1,1,93,10
133134,4,0,5,제일병원 1,1,93,10
133150,3,0,5,제일병원 1,1,93,11
133158,4,0,5,제일병원 1,1,93,11
133178,3,0,5,제일병원 1,1,93,11
133179,2,0,5,제일병원 1,1,93,11
133185,3,0,4,제일병원 1,1,93,11
133191,3,0,4,제일병원 1,1,93,11
133194,3,0,4,제일병원 1,1,93,11
133199,3,0,4,제일병원 1,1,93,11
133242,3,0,4,제일병원 1,1,93,12
133279,3,0,4,제일병원 1,1,93,13
133281,3,0,4,제일병원 1,1,93,13
133331,1,0,5,제일병원 1,1,93,14
133362,4,0,4,제일병원 1,1,93,14
133362,4,0,4,제일병원 1,1,93,14
133363,3,0,4,제일병원 1,1,93,14
133378,3,0,4,제일병원 1,1,93,14
133389,3,0,4,제일병원 1,1,93,15
133400,4,0,5,제일병원 1,1,93,15
133418,4,0,5,제일병원 1,1,93,15
133432,4,0,5,제일병원 1,1,93,15
133438,3,0,5,제일병원 1,1,93,15
133448,3,0,5,제일병원 1,1,93,16
133480,4,0,5,제일병원 1,1,93,16
133489,2,0,5,제일병원 1,1,93,16
133503,3,0,4,제일병원 1,1,93,17
133518,3,0,4,제일병원 1,1,93,17
133531,2,0,4,제일병원 1,1,93,17
133548,3,0,3,제일병원 1,1,93,17
133550,3,0,3,제일병원 1,1,93,17
133559,3,0,3,제일병원 1,1,93,17
133592,4,0,3,제일병원 1,1,93,18
133698,4,0,5,제일병원 1,1,93,20
133720,3,0,5,제일병원 1,1,93,20
133741,3,0,5,제일병원 1,1,93,21
133763,4,0,5,제일병원 1,1,93,21
133774,2,0,5,제일병원 1,1,93,21
133885,4,0,5,제일병원 1,1,93,23
133914,4,0,5,제일병원 1,1,93,23
133916,3,0,5,제일병원 1,1,93,23
133946,3,0,5,제일병원 1,2,94,0
134000,3,0,5,제일병원 1,2,94,1
134045,3,0,5,제일병원 1,2,94,2
134086,3,0,5,제일병원 1,2,94,2
134128,3,0,5,제일병원 1,2,94,3
134198,3,0,5,제일병원 1,2,94,4
134204,3,0,5,제일병원 1,2,94,4
134410,2,0,5,제일병원 1,2,94,8
134431,5,0,4,제일병원 1,2,94,8
134472,4,0,4,제일병원 1,2,94,9
134489,2,0,4,제일병원 1,2,94,9
134512,3,0,3,제일병원 1,2,94,9
134565,3,0,4,제일병원 1,2,94,10
134598,3,0,4,제일병원 1,2,94,11
134637,3,0,4,제일병원 1,2,94,11
134646,1,0,5,제일병원 1,2,94,12
134655,2,0,4,제일병원 1,2,94,12
134656,3,0,3,제일병원 1,2,94,12
134657,3,0,3,제일병원 1,2,94,12
134669,4,0,3,제일병원 1,2,94,12
134682,3,0,3,제일병원 1,2,94,12
134683,4,0,3,제일병원 1,2,94,12
134727,3,0,3,제일병원 1,2,94,13
134744,3,0,4,제일병원 1,2,94,13
134752,3,0,4,제일병원 1,2,94,13
134758,5,0,4,제일병원 1,2,94,13
134771,3,0,4,제일병원 1,2,94,14
134792,5,0,4,제일병원 1,2,94,14
134797,3,0,4,제일병원 1,2,94,14
134829,3,0,5,제일병원 1,2,94,15
134831,3,0,5,제일병원 1,2,94,15
134875,3,0,5,제일병원 1,2,94,15
134892,3,0,5,제일병원 1,2,94,16
134904,3,0,5,제일병원 1,2,94,16
134926,4,0,5,제일병원 1,2,94,16
134926,3,0,5,제일병원 1,2,94,16
134927,5,0,5,제일병원 1,2,94,16
134933,3,0,5,제일병원 1,2,94,16
134963,3,0,5,제일병원 1,2,94,17
134968,2,0,5,제일병원 1,2,94,17
134991,4,0,4,제일병원 1,2,94,17
134992,3,0,4,제일병원 1,2,94,17
135000,4,0,4,제일병원 1,2,94,18
135015,3,0,4,제일병원 1,2,94,18
135018,3,0,4,제일병원 1,2,94,18
135054,5,0,4,제일병원 1,2,94,18
135066,3,0,4,제일병원 1,2,94,19
135070,3,0,4,제일병원 1,2,94,19
135086,4,0,4,제일병원 1,2,94,19
135091,2,0,4,제일병원 1,2,94,19
135094,4,0,4,제일병원 1,2,94,19
135100,3,0,4,제일병원 1,2,94,19
135102,4,0,4,제일병원 1,2,94,19
135152,4,0,4,제일병원 1,2,94,20
135181,3,0,4,제일병원 1,2,94,21
135192,3,0,5,제일병원 1,2,94,21
135229,3,0,5,제일병원 1,2,94,21
135251,3,0,5,제일병원 1,2,94,22
135271,4,0,5,제일병원 1,2,94,22
135275,5,0,5,제일병원 1,2,94,22
135280,4,0,5,제일병원 1,2,94,22
135291,2,0,5,제일병원 1,2,94,22
135345,4,0,4,제일병원 1,2,94,23
135376,3,0,4,제일병원 1,3,95,0
135388,3,0,4,제일병원 1,3,95,0
135468,3,0,5,제일병원 1,3,95,1
135468,3,0,5,제일병원 1,3,95,1
135487,3,0,5,제일병원 1,3,95,2
135517,5,0,5,제일병원 1,3,95,2
135636,4,0,5,제일병원 1,3,95,4
135676,4,0,5,제일병원 1,3,95,5
135824,5,0,5,제일병원 1,3,95,7
135889,4,0,5,제일병원 1,3,95,8
135916,4,0,5,제일병원 1,3,95,9
135920,2,0,5,제일병원 1,3,95,9
135934,2,0,4,제일병원 1,3,95,9
135940,3,0,3,제일병원 1,3,95,9
135979,3,0,3,제일병원 1,3,95,10
136043,3,0,4,제일병원 1,3,95,11
136059,3,0,5,제일병원 1,3,95,11
136067,3,0,5,제일병원 1,3,95,11
136089,3,0,5,제일병원 1,3,95,12
136096,2,0,5,제일병원 1,3,95,12
136119,4,0,4,제일병원 1,3,95,12
136210,3,0,4,제일병원 1,3,95,14
136283,5,0,5,제일병원 1,3,95,15
136299,3,0,5,제일병원 1,3,95,15
136318,3,0,5,제일병원 1,3,95,15
136429,4,0,5,제일병원 1,3,95,17
136437,3,0,5,제일병원 1,3,95,17
136441,5,0,5,제일병원 1,3,95,18
136497,3,0,5,제일병원 1,3,95,18
136542,4,0,5,제일병원 1,3,95,19
136549,3,0,5,제일병원 1,3,95,19
136609,4,0,5,제일병원 1,3,95,20
136661,2,0,5,제일병원 1,3,95,21
136676,4,0,4,제일병원 1,3,95,21
136729,3,0,4,제일병원 1,3,95,22
136775,4,0,4,제일병원 1,3,95,23
136784,3,0,4,제일병원 1,3,95,23
136787,3,0,4,제일병원 1,3,95,23
136803,3,0,5,제일병원 1,4,96,0
136833,4,0,5,제일병원 1,4,96,0
136875,3,0,5,제일병원 1,4,96,1
136927,2,0,5,제일병원 1,4,96,2
136981,4,2,4,제일병원 1,4,96,3
137170,3,5,5,제일병원 1,4,96,6
137265,3,9,5,제일병원 1,4,96,7
137332,4,8,5,제일병원 1,4,96,8
137364,3,8,5,제일병원 1,4,96,9
137372,4,7,5,제일병원 1,4,96,9
137404,1,8,5,제일병원 1,4,96,10
137421,3,8,4,제일병원 1,4,96,10
137550,4,9,4,제일병원 1,4,96,12
137587,4,8,5,제일병원 1,4,96,13
137600,4,9,5,제일병원 1,4,96,13
137603,2,9,5,제일병원 1,4,96,13
137612,5,9,4,제일병원 1,4,96,13
137631,3,10,4,제일병원 1,4,96,13
137642,4,9,4,제일병원 1,4,96,14
137688,4,9,5,제일병원 1,4,96,14
137701,4,9,5,제일병원 1,4,96,15
137708,3,9,5,제일병원 1,4,96,15
137828,3,8,5,제일병원 1,4,96,17
137848,4,7,5,제일병원 1,4,96,17
137889,5,8,5,제일병원 1,4,96,18
137895,3,8,5,제일병원 1,4,96,18
137907,1,7,5,제일병원 1,4,96,18
137949,4,8,4,제일병원 1,4,96,19
137960,5,8,4,제일병원 1,4,96,19
137978,3,8,4,제일병원 1,4,96,19
138008,4,7,4,제일병원 1,4,96,20
138059,3,6,5,제일병원 1,4,96,20
138079,2,5,5,제일병원 1,4,96,21
138108,3,5,4,제일병원 1,4,96,21
138202,2,4,5,제일병원 1,4,96,23
138215,4,4,4,제일병원 1,4,96,23
138269,3,4,4,제일병원 1,5,97,0
138273,4,3,4,제일병원 1,5,97,0
138327,3,5,4,제일병원 1,5,97,1
138345,4,4,4,제일병원 1,5,97,1
138389,4,4,5,제일병원 1,5,97,2
138416,3,4,5,제일병원 1,5,97,2
138424,3,3,5,제일병원 1,5,97,3
138483,5,3,5,제일병원 1,5,97,4
138493,3,3,5,제일병원 1,5,97,4
138735,2,6,5,제일병원 1,5,97,8
138750,4,6,4,제일병원 1,5,97,8
138787,3,8,4,제일병원 1,5,97,9
138801,5,7,4,제일병원 1,5,97,9
138830,3,8,4,제일병원 1,5,97,9
138842,3,7,5,제일병원 1,5,97,10
138843,3,6,5,제일병원 1,5,97,10
138858,3,6,5,제일병원 1,5,97,10
138877,3,5,5,제일병원 1,5,97,10
138919,2,4,5,제일병원 1,5,97,11
138923,3,4,4,제일병원 1,5,97,11
138974,4,3,4,제일병원 1,5,97,12
138997,5,3,4,제일병원 1,5,97,12
139128,2,7,5,제일병원 1,5,97,14
139136,3,8,4,제일병원 1,5,97,14
139160,3,8,4,제일병원 1,5,97,15
139224,2,7,5,제일병원 1,5,97,16
139300,3,8,4,제일병원 1,5,97,17
139301,3,6,5,제일병원 1,5,97,17
139308,2,5,5,제일병원 1,5,97,17
139338,3,5,4,제일병원 1,5,97,18
139359,4,4,4,제일병원 1,5,97,18
139412,3,4,4,제일병원 1,5,97,19
139412,2,3,4,제일병원 1,5,97,19
139524,4,3,4,제일병원 1,5,97,21
139537,2,3,4,제일병원 1,5,97,21
139548,3,4,3,제일병원 1,5,97,21
139560,3,2,4,제일병원 1,5,97,22
139569,4,1,4,제일병원 1,5,97,22
139575,3,2,4,제일병원 1,5,97,22
139593,4,1,4,제일병원 1,5,97,22
139603,3,1,4,제일병원 1,5,97,22
139716,4,1,5,제일병원 1,6,98,0
139720,5,1,5,제일병원 1,6,98,0
139721,4,1,5,제일병원 1,6,98,0
139721,4,1,5,제일병원 1,6,98,0
139746,4,2,5,제일병원 1,6,98,1
139772,4,2,5,제일병원 1,6,98,1
139808,3,3,5,제일병원 1,6,98,2
139815,3,2,5,제일병원 1,6,98,2
139825,4,1,5,제일병원 1,6,98,2
139853,3,2,5,제일병원 1,6,98,2
139855,3,1,5,제일병원 1,6,98,2
139866,3,0,5,제일병원 1,6,98,3
139994,3,3,5,제일병원 1,6,98,5
140024,3,3,5,제일병원 1,6,98,5
140045,3,2,5,제일병원 1,6,98,6
140076,3,1,5,제일병원 1,6,98,6
140089,4,0,5,제일병원 1,6,98,6
140098,3,0,5,제일병원 1,6,98,6
140100,3,0,5,제일병원 1,6,98,7
140163,4,0,5,제일병원 1,6,98,8
140176,3,1,5,제일병원 1,6,98,8
140242,3,2,5,제일병원 1,6,98,9
140243,3,1,5,제일병원 1,6,98,9
140288,2,2,5,제일병원 1,6,98,10
140290,3,2,4,제일병원 1,6,98,10
140292,3,1,4,제일병원 1,6,98,10
140298,4,0,4,제일병원 1,6,98,10
140299,5,0,4,제일병원 1,6,98,10
140299,1,0,4,제일병원 1,6,98,10
140308,3,0,3,제일병원 1,6,98,10
140313,4,0,3,제일병원 1,6,98,10
140355,4,0,3,제일병원 1,6,98,11
140368,4,0,4,제일병원 1,6,98,11
140372,3,0,4,제일병원 1,6,98,11
140378,3,0,4,제일병원 1,6,98,11
140422,3,0,4,제일병원 1,6,98,12
140463,3,0,5,제일병원 1,6,98,13
140473,5,0,5,제일병원 1,6,98,13
140477,4,0,5,제일병원 1,6,98,13
140514,3,0,5,제일병원 1,6,98,13
140536,3,0,5,제일병원 1,6,98,14
140537,1,0,5,제일병원 1,6,98,14
140560,2,0,4,제일병원 1,6,98,14
140575,5,0,3,제일병원 1,6,98,14
140584,4,0,3,제일병원 1,6,98,15
140587,4,0,3,제일병원 1,6,98,15
140588,3,0,3,제일병원 1,6,98,15
140637,4,1,3,제일병원 1,6,98,15
140657,4,0,4,제일병원 1,6,98,16
140657,2,0,4,제일병원 1,6,98,16
140664,2,1,3,제일병원 1,6,98,16
140665,3,1,2,제일병원 1,6,98,16
140698,5,0,3,제일병원 1,6,98,16
140702,2,0,3,제일병원 1,6,98,17
140714,5,1,2,제일병원 1,6,98,17
140738,4,2,2,제일병원 1,6,98,17
140765,3,2,2,제일병원 1,6,98,18
140772,5,1,2,제일병원 1,6,98,18
140775,4,0,3,제일병원 1,6,98,18
140807,3,0,5,제일병원 1,6,98,18
140830,3,0,5,제일병원 1,6,98,19
140831,3,0,5,제일병원 1,6,98,19
140837,3,0,5,제일병원 1,6,98,19
140851,3,0,5,제일병원 1,6,98,19
140883,3,0,5,제일병원 1,6,98,20
140890,3,0,5,제일병원 1,6,98,20
140912,4,0,5,제일병원 1,6,98,20
140940,3,0,5,제일병원 1,6,98,21
140951,3,0,5,제일병원 1,6,98,21
140970,4,0,5,제일병원 1,6,98,21
140975,4,0,5,제일병원 1,6,98,21
140979,3,0,5,제일병원 1,6,98,21
141022,3,0,5,제일병원 1,6,98,22
141024,3,0,5,제일병원 1,6,98,22
141035,3,0,5,제일병원 1,6,98,22
141051,4,0,5,제일병원 1,6,98,22
141060,4,0,5,제일병원 1,6,98,23
141061,4,0,5,제일병원 1,6,98,23
141088,3,0,5,제일병원 1,6,98,23
141098,3,0,5,제일병원 1,6,98,23
141098,3,0,5,제일병원 1,6,98,23
141100,3,0,5,제일병원 1,6,98,23
141100,3,0,5,제일병원 1,6,98,23
141115,3,0,5,제일병원 1,6,98,23
141117,2,0,5,제일병원 1,6,98,23
141123,2,0,4,제일병원 1,0,99,0
141133,4,0,3,제일병원 1,0,99,0
141144,3,0,3,제일병원 1,0,99,0
141148,2,0,3,제일병원 1,0,99,0
141222,3,0,3,제일병원 1,0,99,1
141282,4,0,5,제일병원 1,0,99,2
141311,4,0,5,제일병원 1,0,99,3
141313,4,0,5,제일병원 1,0,99,3
141316,4,0,5,제일병원 1,0,99,3
141347,3,0,5,제일병원 1,0,99,3
141373,3,0,5,제일병원 1,0,99,4
141413,3,0,5,제일병원 1,0,99,4
141432,4,0,5,제일병원 1,0,99,5
141439,3,0,5,제일병원 1,0,99,5
141506,5,0,5,제일병원 1,0,99,6
141554,4,0,5,제일병원 1,0,99,7
141581,3,0,5,제일병원 1,0,99,7
141588,3,0,5,제일병원 1,0,99,7
141591,2,0,5,제일병원 1,0,99,7
141648,3,0,4,제일병원 1,0,99,8
141658,3,0,4,제일병원 1,0,99,8
141660,5,0,4,제일병원 1,0,99,9
141681,3,0,4,제일병원 1,0,99,9
141699,3,0,4,제일병원 1,0,99,9
141703,1,0,4,제일병원 1,0,99,9
141707,3,0,3,제일병원 1,0,99,9
141708,1,0,3,제일병원 1,0,99,9
141712,4,0,2,제일병원 1,0,99,9
141739,3,0,2,제일병원 1,0,99,10
141749,3,0,2,제일병원 1,0,99,10
141762,2,0,2,제일병원 1,0,99,10
141763,2,0,1,제일병원 1,0,99,10
141809,3,0,2,제일병원 1,0,99,11
141812,3,0,2,제일병원 1,0,99,11
141830,5,0,2,제일병원 1,0,99,11
141854,3,0,3,제일병원 1,0,99,12
141880,3,0,4,제일병원 1,0,99,12
141887,2,0,4,제일병원 1,0,99,12
141899,5,0,3,제일병원 1,0,99,12
141906,4,0,3,제일병원 1,0,99,13
141909,3,0,3,제일병원 1,0,99,13
141926,3,0,3,제일병원 1,0,99,13
141956,3,0,4,제일병원 1,0,99,13
141971,2,0,4,제일병원 1,0,99,14
141981,3,0,3,제일병원 1,0,99,14
142016,3,0,3,제일병원 1,0,99,14
142020,2,0,3,제일병원 1,0,99,15
142028,4,0,2,제일병원 1,0,99,15
142052,3,0,2,제일병원 1,0,99,15
142066,3,0,2,제일병원 1,0,99,15
142079,4,0,3,제일병원 1,0,99,15
142111,4,0,3,제일병원 1,0,99,16
142114,3,0,3,제일병원 1,0,99,16
142132,2,0,3,제일병원 1,0,99,16
142143,4,0,2,제일병원 1,0,99,17
142148,3,0,3,제일병원 1,0,99,17
142154,3,0,3,제일병원 1,0,99,17
142240,3,0,5,제일병원 1,0,99,18
142241,4,0,5,제일병원 1,0,99,18
142244,3,0,5,제일병원 1,0,99,18
142250,4,0,5,제일병원 1,0,99,18
142265,4,0,5,제일병원 1,0,99,19
142273,5,0,5,제일병원 1,0,99,19
142320,2,0,5,제일병원 1,0,99,20
142338,3,0,4,제일병원 1,0,99,20
142388,3,0,4,제일병원 1,0,99,21
142402,3,0,5,제일병원 1,0,99,21
142421,5,0,5,제일병원 1,0,99,21
142434,3,0,5,제일병원 1,0,99,21
142452,2,0,5,제일병원 1,0,99,22
142458,3,0,4,제일병원 1,0,99,22
142464,3,0,4,제일병원 1,0,99,22
142471,3,0,4,제일병원 1,0,99,22
142476,3,0,4,제일병원 1,0,99,22
142483,2,0,4,제일병원 1,0,99,22
142493,2,0,3,제일병원 1,0,99,22
142518,2,0,2,제일병원 1,0,99,23
142573,3,0,2,제일병원 1,1,100,0
142649,3,0,5,제일병원 1,1,100,1
142652,3,0,5,제일병원 1,1,100,1
142681,4,0,5,제일병원 1,1,100,2
142725,3,0,5,제일병원 1,1,100,2
142727,4,0,5,제일병원 1,1,100,2
142766,5,0,5,제일병원 1,1,100,3
142827,4,0,5,제일병원 1,1,100,4
142829,1,0,5,제일병원 1,1,100,4
143116,2,0,5,제일병원 1,1,100,9
143135,3,0,4,제일병원 1,1,100,9
143160,4,0,4,제일병원 1,1,100,10
143181,2,0,4,제일병원 1,1,100,10
143186,4,0,3,제일병원 1,1,100,10
143233,3,0,4,제일병원 1,1,100,11
143240,4,0,4,제일병원 1,1,100,11
143255,3,0,4,제일병원 1,1,100,11
143265,4,0,4,제일병원 1,1,100,11
143279,2,0,4,제일병원 1,1,100,11
143285,3,0,3,제일병원 1,1,100,12
143289,3,0,3,제일병원 1,1,100,12
143293,5,0,3,제일병원 1,1,100,12
143305,4,0,3,제일병원 1,1,100,12
143313,3,0,3,제일병원 1,1,100,12
143400,4,0,4,제일병원 1,1,100,14
143405,5,0,4,제일병원 1,1,100,14
143407,3,0,4,제일병원 1,1,100,14
143430,3,0,5,제일병원 1,1,100,14
143432,5,0,5,제일병원 1,1,100,14
143480,3,0,5,제일병원 1,1,100,15
143496,3,0,5,제일병원 1,1,100,15
143509,3,0,5,제일병원 1,1,100,15
143598,3,0,5,제일병원 1,1,100,17
143616,3,0,5,제일병원 1,1,100,17
143621,3,0,5,제일병원 1,1,100,17
143643,4,0,5,제일병원 1,1,100,18
143649,3,0,5,제일병원 1,1,100,18
143673,3,0,5,제일병원 1,1,100,18
143680,3,0,5,제일병원 1,1,100,18
143683,3,0,5,제일병원 1,1,100,18
143685,3,0,5,제일병원 1,1,100,18
143691,3,0,5,제일병원 1,1,100,18
143717,4,0,5,제일병원 1,1,100,19
143718,4,0,5,제일병원 1,1,100,19
143735,5,0,5,제일병원 1,1,100,19
143738,3,0,5,제일병원 1,1,100,19
143814,3,0,5,제일병원 1,1,100,20
143821,5,0,5,제일병원 1,1,100,21
143825,3,0,5,제일병원 1,1,100,21
143862,4,0,5,제일병원 1,1,100,21
143914,3,0,5,제일병원 1,1,100,22
143926,3,0,5,제일병원 1,1,100,22
