time,ktas,beds_available,op_rooms_available,hospital_name,day_of_week,day,hour
38,3,16,11,중앙병원 3,0,1,0
42,2,15,11,중앙병원 3,0,1,0
44,3,15,10,중앙병원 3,0,1,0
81,3,14,10,중앙병원 3,0,1,1
88,3,13,10,중앙병원 3,0,1,1
109,4,12,10,중앙병원 3,0,1,1
112,3,12,10,중앙병원 3,0,1,1
117,4,11,10,중앙병원 3,0,1,1
117,2,11,10,중앙병원 3,0,1,1
120,3,11,9,중앙병원 3,0,1,2
122,3,10,9,중앙병원 3,0,1,2
129,3,9,9,중앙병원 3,0,1,2
139,3,8,9,중앙병원 3,0,1,2
156,2,7,9,중앙병원 3,0,1,2
160,3,7,8,중앙병원 3,0,1,2
182,3,6,8,중앙병원 3,0,1,3
211,4,4,9,중앙병원 3,0,1,3
241,2,4,9,중앙병원 3,0,1,4
292,3,4,9,중앙병원 3,0,1,4
304,3,4,9,중앙병원 3,0,1,5
348,3,1,11,중앙병원 3,0,1,5
368,3,2,11,중앙병원 3,0,1,6
376,4,1,11,중앙병원 3,0,1,6
378,2,1,11,중앙병원 3,0,1,6
424,3,4,10,중앙병원 3,0,1,7
438,4,4,10,중앙병원 3,0,1,7
488,4,4,10,중앙병원 3,0,1,8
507,3,6,10,중앙병원 3,0,1,8
518,4,4,11,중앙병원 3,0,1,8
530,3,4,11,중앙병원 3,0,1,8
564,4,4,11,중앙병원 3,0,1,9
564,4,4,11,중앙병원 3,0,1,9
567,4,4,11,중앙병원 3,0,1,9
590,3,6,11,중앙병원 3,0,1,9
640,3,5,11,중앙병원 3,0,1,10
646,4,5,11,중앙병원 3,0,1,10
646,3,5,11,중앙병원 3,0,1,10
662,3,4,11,중앙병원 3,0,1,11
711,3,4,11,중앙병원 3,0,1,11
712,5,3,11,중앙병원 3,0,1,11
722,3,3,11,중앙병원 3,0,1,12
732,1,2,11,중앙병원 3,0,1,12
748,4,2,10,중앙병원 3,0,1,12
754,3,2,10,중앙병원 3,0,1,12
777,5,1,10,중앙병원 3,0,1,12
783,3,2,10,중앙병원 3,0,1,13
796,5,2,10,중앙병원 3,0,1,13
829,3,2,10,중앙병원 3,0,1,13
856,3,1,10,중앙병원 3,0,1,14
861,4,0,10,중앙병원 3,0,1,14
863,2,0,10,중앙병원 3,0,1,14
872,3,0,9,중앙병원 3,0,1,14
891,3,1,9,중앙병원 3,0,1,14
904,3,0,9,중앙병원 3,0,1,15
907,2,0,9,중앙병원 3,0,1,15
931,3,0,9,중앙병원 3,0,1,15
931,4,0,9,중앙병원 3,0,1,15
948,4,0,9,중앙병원 3,0,1,15
957,3,0,9,중앙병원 3,0,1,15
963,3,0,9,중앙병원 3,0,1,16
987,3,0,9,중앙병원 3,0,1,16
1040,4,0,11,중앙병원 3,0,1,17
1045,2,0,11,중앙병원 3,0,1,17
1061,3,0,10,중앙병원 3,0,1,17
1081,3,0,10,중앙병원 3,0,1,18
1109,3,0,10,중앙병원 3,0,1,18
1125,5,0,11,중앙병원 3,0,1,18
1129,4,0,11,중앙병원 3,0,1,18
1132,3,0,11,중앙병원 3,0,1,18
1136,4,0,11,중앙병원 3,0,1,18
1179,3,0,11,중앙병원 3,0,1,19
1186,3,0,11,중앙병원 3,0,1,19
1198,3,0,11,중앙병원 3,0,1,19
1198,3,0,11,중앙병원 3,0,1,19
1213,4,0,11,중앙병원 3,0,1,20
1223,3,0,11,중앙병원 3,0,1,20
1233,5,0,11,중앙병원 3,0,1,20
1253,3,0,11,중앙병원 3,0,1,20
1262,3,0,11,중앙병원 3,0,1,21
1277,3,0,11,중앙병원 3,0,1,21
1288,3,0,11,중앙병원 3,0,1,21
1290,3,0,11,중앙병원 3,0,1,21
1308,3,0,11,중앙병원 3,0,1,21
1315,4,0,11,중앙병원 3,0,1,21
1329,5,0,11,중앙병원 3,0,1,22
1336,3,0,11,중앙병원 3,0,1,22
1348,3,0,11,중앙병원 3,0,1,22
1351,3,0,11,중앙병원 3,0,1,22
1351,3,0,11,중앙병원 3,0,1,22
1386,5,0,11,중앙병원 3,0,1,23
1389,4,0,11,중앙병원 3,0,1,23
1405,5,0,11,중앙병원 3,0,1,23
1410,2,0,11,중앙병원 3,0,1,23
1428,5,0,10,중앙병원 3,0,1,23
1458,3,0,10,중앙병원 3,1,2,0
1470,3,0,10,중앙병원 3,1,2,0
1526,4,0,11,중앙병원 3,1,2,1
1601,4,0,11,중앙병원 3,1,2,2
1635,5,0,11,중앙병원 3,1,2,3
1689,5,0,11,중앙병원 3,1,2,4
1745,3,1,11,중앙병원 3,1,2,5
1758,3,1,11,중앙병원 3,1,2,5
1763,3,0,11,중앙병원 3,1,2,5
1797,4,2,11,중앙병원 3,1,2,5
1949,3,6,11,중앙병원 3,1,2,8
1968,4,6,11,중앙병원 3,1,2,8
2001,3,9,11,중앙병원 3,1,2,9
2082,4,12,11,중앙병원 3,1,2,10
2102,3,12,11,중앙병원 3,1,2,11
2128,5,11,11,중앙병원 3,1,2,11
2134,2,11,11,중앙병원 3,1,2,11
2141,3,11,10,중앙병원 3,1,2,11
2175,4,10,10,중앙병원 3,1,2,12
2255,4,11,10,중앙병원 3,1,2,13
2262,4,11,10,중앙병원 3,1,2,13
2280,1,11,10,중앙병원 3,1,2,14
2280,3,11,9,중앙병원 3,1,2,14
2291,3,9,10,중앙병원 3,1,2,14
2313,4,9,10,중앙병원 3,1,2,14
2333,4,9,10,중앙병원 3,1,2,14
2381,5,10,10,중앙병원 3,1,2,15
2403,4,11,10,중앙병원 3,1,2,16
2422,4,11,10,중앙병원 3,1,2,16
2437,3,11,10,중앙병원 3,1,2,16
2470,3,9,11,중앙병원 3,1,2,17
2482,1,8,11,중앙병원 3,1,2,17
2489,4,8,10,중앙병원 3,1,2,17
2570,5,9,11,중앙병원 3,1,2,18
2578,5,9,11,중앙병원 3,1,2,18
2610,4,9,11,중앙병원 3,1,2,19
2641,3,9,11,중앙병원 3,1,2,20
2649,1,8,11,중앙병원 3,1,2,20
2658,4,8,10,중앙병원 3,1,2,20
2676,3,8,10,중앙병원 3,1,2,20
2686,4,7,10,중앙병원 3,1,2,20
2694,3,8,10,중앙병원 3,1,2,20
2725,3,8,10,중앙병원 3,1,2,21
2732,3,7,10,중앙병원 3,1,2,21
2747,3,7,10,중앙병원 3,1,2,21
2761,3,7,10,중앙병원 3,1,2,22
2769,3,6,10,중앙병원 3,1,2,22
2808,3,4,11,중앙병원 3,1,2,22
2823,4,3,11,중앙병원 3,1,2,23
2886,3,3,11,중앙병원 3,2,3,0
2899,2,2,11,중앙병원 3,2,3,0
2909,4,2,10,중앙병원 3,2,3,0
2919,4,2,10,중앙병원 3,2,3,0
2942,3,2,10,중앙병원 3,2,3,1
3014,2,3,10,중앙병원 3,2,3,2
3032,3,5,9,중앙병원 3,2,3,2
3077,3,4,10,중앙병원 3,2,3,3
3121,3,6,10,중앙병원 3,2,3,4
3139,4,6,10,중앙병원 3,2,3,4
3154,4,5,11,중앙병원 3,2,3,4
3165,5,6,11,중앙병원 3,2,3,4
3184,2,6,11,중앙병원 3,2,3,5
3279,4,9,10,중앙병원 3,2,3,6
3307,2,9,10,중앙병원 3,2,3,7
3347,3,8,10,중앙병원 3,2,3,7
3426,2,7,11,중앙병원 3,2,3,9
3430,4,7,10,중앙병원 3,2,3,9
3434,3,7,10,중앙병원 3,2,3,9
3470,3,8,10,중앙병원 3,2,3,9
3473,3,7,10,중앙병원 3,2,3,9
3480,3,6,10,중앙병원 3,2,3,10
3504,3,5,10,중앙병원 3,2,3,10
3563,2,3,11,중앙병원 3,2,3,11
3586,3,4,10,중앙병원 3,2,3,11
3607,4,3,10,중앙병원 3,2,3,12
3626,3,3,10,중앙병원 3,2,3,12
3665,3,2,10,중앙병원 3,2,3,13
3672,3,3,10,중앙병원 3,2,3,13
3675,4,2,10,중앙병원 3,2,3,13
3705,3,2,11,중앙병원 3,2,3,13
3707,3,1,11,중앙병원 3,2,3,13
3715,4,0,11,중앙병원 3,2,3,13
3719,4,0,11,중앙병원 3,2,3,13
3724,4,0,11,중앙병원 3,2,3,14
3744,2,0,11,중앙병원 3,2,3,14
3772,3,2,10,중앙병원 3,2,3,14
3778,3,1,10,중앙병원 3,2,3,14
3832,4,2,10,중앙병원 3,2,3,15
3838,5,1,11,중앙병원 3,2,3,15
3867,5,3,11,중앙병원 3,2,3,16
3868,3,3,11,중앙병원 3,2,3,16
3872,5,2,11,중앙병원 3,2,3,16
3956,3,4,11,중앙병원 3,2,3,17
3968,3,4,11,중앙병원 3,2,3,18
4008,3,6,11,중앙병원 3,2,3,18
4009,4,5,11,중앙병원 3,2,3,18
4027,4,5,11,중앙병원 3,2,3,19
4029,3,5,11,중앙병원 3,2,3,19
4060,3,4,11,중앙병원 3,2,3,19
4067,5,3,11,중앙병원 3,2,3,19
4079,3,4,11,중앙병원 3,2,3,19
4134,3,4,11,중앙병원 3,2,3,20
4154,4,3,11,중앙병원 3,2,3,21
4157,3,3,11,중앙병원 3,2,3,21
4171,3,2,11,중앙병원 3,2,3,21
4215,3,2,11,중앙병원 3,2,3,22
4234,5,1,11,중앙병원 3,2,3,22
4242,2,1,11,중앙병원 3,2,3,22
4247,3,1,10,중앙병원 3,2,3,22
4250,4,0,10,중앙병원 3,2,3,22
4269,5,1,10,중앙병원 3,2,3,23
4277,3,1,10,중앙병원 3,2,3,23
4284,3,0,10,중앙병원 3,2,3,23
4299,2,0,10,중앙병원 3,2,3,23
4303,3,0,9,중앙병원 3,2,3,23
4354,3,0,10,중앙병원 3,3,4,0
4405,3,3,10,중앙병원 3,3,4,1
4430,3,2,10,중앙병원 3,3,4,1
4487,4,4,11,중앙병원 3,3,4,2
4523,3,4,11,중앙병원 3,3,4,3
4568,3,3,11,중앙병원 3,3,4,4
4644,3,3,11,중앙병원 3,3,4,5
4682,4,2,11,중앙병원 3,3,4,6
4695,4,4,11,중앙병원 3,3,4,6
4720,4,5,11,중앙병원 3,3,4,6
4763,3,8,11,중앙병원 3,3,4,7
4788,3,8,11,중앙병원 3,3,4,7
4836,3,8,11,중앙병원 3,3,4,8
4853,3,7,11,중앙병원 3,3,4,8
4893,3,7,11,중앙병원 3,3,4,9
4912,3,8,11,중앙병원 3,3,4,9
4938,3,7,11,중앙병원 3,3,4,10
4949,3,6,11,중앙병원 3,3,4,10
4970,2,5,11,중앙병원 3,3,4,10
5007,3,6,10,중앙병원 3,3,4,11
5034,3,5,10,중앙병원 3,3,4,11
5035,3,3,11,중앙병원 3,3,4,11
5036,5,2,11,중앙병원 3,3,4,11
5109,3,5,11,중앙병원 3,3,4,13
5115,3,4,11,중앙병원 3,3,4,13
5136,3,3,11,중앙병원 3,3,4,13
5155,2,2,11,중앙병원 3,3,4,13
5175,4,2,10,중앙병원 3,3,4,14
5207,3,3,10,중앙병원 3,3,4,14
5247,3,2,11,중앙병원 3,3,4,15
5250,3,2,11,중앙병원 3,3,4,15
5257,3,1,11,중앙병원 3,3,4,15
5264,3,0,11,중앙병원 3,3,4,15
5265,4,0,11,중앙병원 3,3,4,15
5296,3,0,11,중앙병원 3,3,4,16
5316,5,0,11,중앙병원 3,3,4,16
5320,4,0,11,중앙병원 3,3,4,16
5332,3,0,11,중앙병원 3,3,4,16
5359,3,0,11,중앙병원 3,3,4,17
5429,4,2,11,중앙병원 3,3,4,18
5437,3,2,11,중앙병원 3,3,4,18
5471,5,3,11,중앙병원 3,3,4,19
5472,3,3,11,중앙병원 3,3,4,19
5484,3,3,11,중앙병원 3,3,4,19
5520,3,2,11,중앙병원 3,3,4,20
5531,3,1,11,중앙병원 3,3,4,20
5630,4,6,11,중앙병원 3,3,4,21
5639,3,6,11,중앙병원 3,3,4,21
5649,3,6,11,중앙병원 3,3,4,22
5656,3,5,11,중앙병원 3,3,4,22
5674,3,4,11,중앙병원 3,3,4,22
5678,5,3,11,중앙병원 3,3,4,22
5678,2,3,11,중앙병원 3,3,4,22
5721,3,3,10,중앙병원 3,3,4,23
5756,5,3,10,중앙병원 3,3,4,23
5765,3,3,10,중앙병원 3,4,5,0
5768,3,2,10,중앙병원 3,4,5,0
5804,3,5,11,중앙병원 3,4,5,0
5870,4,5,11,중앙병원 3,4,5,1
5988,3,9,11,중앙병원 3,4,5,3
6234,3,14,11,중앙병원 3,4,5,7
6257,2,13,11,중앙병원 3,4,5,8
6501,3,15,11,중앙병원 3,4,5,12
6613,3,14,11,중앙병원 3,4,5,14
6675,3,13,11,중앙병원 3,4,5,15
6690,3,12,11,중앙병원 3,4,5,15
6705,3,11,11,중앙병원 3,4,5,15
6718,5,10,11,중앙병원 3,4,5,15
6737,3,10,11,중앙병원 3,4,5,16
6759,4,9,11,중앙병원 3,4,5,16
6782,3,9,11,중앙병원 3,4,5,17
6815,3,8,11,중앙병원 3,4,5,17
6821,4,7,11,중앙병원 3,4,5,17
6829,3,7,11,중앙병원 3,4,5,17
6836,3,6,11,중앙병원 3,4,5,17
6851,3,5,11,중앙병원 3,4,5,18
6919,4,5,11,중앙병원 3,4,5,19
6934,3,7,11,중앙병원 3,4,5,19
7002,4,8,11,중앙병원 3,4,5,20
7077,4,10,11,중앙병원 3,4,5,21
7085,3,10,11,중앙병원 3,4,5,22
7139,5,10,11,중앙병원 3,4,5,22
7154,4,11,11,중앙병원 3,4,5,23
7155,2,11,11,중앙병원 3,4,5,23
7192,5,12,10,중앙병원 3,4,5,23
7194,2,12,10,중앙병원 3,4,5,23
7213,3,13,9,중앙병원 3,5,6,0
7443,3,14,11,중앙병원 3,5,6,4
7575,5,13,11,중앙병원 3,5,6,6
7633,4,13,11,중앙병원 3,5,6,7
7650,3,13,11,중앙병원 3,5,6,7
7686,4,13,11,중앙병원 3,5,6,8
7767,3,13,11,중앙병원 3,5,6,9
7796,2,12,11,중앙병원 3,5,6,9
7797,3,12,10,중앙병원 3,5,6,9
7828,3,11,10,중앙병원 3,5,6,10
7864,4,10,10,중앙병원 3,5,6,11
7903,4,9,11,중앙병원 3,5,6,11
7934,3,9,11,중앙병원 3,5,6,12
7949,4,8,11,중앙병원 3,5,6,12
7992,4,10,11,중앙병원 3,5,6,13
8003,4,10,11,중앙병원 3,5,6,13
8014,5,10,11,중앙병원 3,5,6,13
8017,3,10,11,중앙병원 3,5,6,13
8052,3,10,11,중앙병원 3,5,6,14
8083,4,9,11,중앙병원 3,5,6,14
8107,3,9,11,중앙병원 3,5,6,15
8135,3,9,11,중앙병원 3,5,6,15
8138,4,8,11,중앙병원 3,5,6,15
8138,4,8,11,중앙병원 3,5,6,15
8149,2,8,11,중앙병원 3,5,6,15
8149,3,8,10,중앙병원 3,5,6,15
8159,2,7,10,중앙병원 3,5,6,15
8170,5,8,9,중앙병원 3,5,6,16
8173,4,8,9,중앙병원 3,5,6,16
8185,3,8,9,중앙병원 3,5,6,16
8192,4,7,9,중앙병원 3,5,6,16
8230,3,7,9,중앙병원 3,5,6,17
8233,3,6,9,중앙병원 3,5,6,17
8331,4,5,11,중앙병원 3,5,6,18
8347,4,5,11,중앙병원 3,5,6,19
8361,4,5,11,중앙병원 3,5,6,19
8367,1,6,11,중앙병원 3,5,6,19
8403,2,6,10,중앙병원 3,5,6,20
8404,5,6,9,중앙병원 3,5,6,20
8414,4,7,9,중앙병원 3,5,6,20
8459,5,8,9,중앙병원 3,5,6,20
8515,3,8,10,중앙병원 3,5,6,21
8536,3,8,10,중앙병원 3,5,6,22
8554,3,6,11,중앙병원 3,5,6,22
8600,4,7,11,중앙병원 3,5,6,23
8616,3,7,11,중앙병원 3,5,6,23
8623,3,6,11,중앙병원 3,5,6,23
8667,4,5,11,중앙병원 3,6,7,0
8746,4,7,11,중앙병원 3,6,7,1
8783,4,7,11,중앙병원 3,6,7,2
8795,3,8,11,중앙병원 3,6,7,2
8806,2,7,11,중앙병원 3,6,7,2
8832,3,8,10,중앙병원 3,6,7,3
8894,5,9,10,중앙병원 3,6,7,4
8904,4,9,10,중앙병원 3,6,7,4
8944,4,9,10,중앙병원 3,6,7,5
9150,4,10,11,중앙병원 3,6,7,8
9162,3,10,11,중앙병원 3,6,7,8
9429,4,14,11,중앙병원 3,6,7,13
9430,5,14,11,중앙병원 3,6,7,13
9431,2,14,11,중앙병원 3,6,7,13
9438,4,14,10,중앙병원 3,6,7,13
9458,3,14,10,중앙병원 3,6,7,13
9461,3,13,10,중앙병원 3,6,7,13
9467,3,12,10,중앙병원 3,6,7,13
9480,2,11,10,중앙병원 3,6,7,14
9494,1,11,9,중앙병원 3,6,7,14
9496,3,11,8,중앙병원 3,6,7,14
9499,4,10,8,중앙병원 3,6,7,14
9514,5,10,8,중앙병원 3,6,7,14
9517,4,10,8,중앙병원 3,6,7,14
9517,3,10,8,중앙병원 3,6,7,14
9522,4,9,8,중앙병원 3,6,7,14
9555,3,9,8,중앙병원 3,6,7,15
9558,2,8,8,중앙병원 3,6,7,15
9562,3,8,7,중앙병원 3,6,7,15
9565,3,7,7,중앙병원 3,6,7,15
9570,4,6,7,중앙병원 3,6,7,15
9573,4,6,7,중앙병원 3,6,7,15
9577,3,6,7,중앙병원 3,6,7,15
9606,4,5,8,중앙병원 3,6,7,16
9610,3,5,8,중앙병원 3,6,7,16
9639,4,3,9,중앙병원 3,6,7,16
9641,4,3,9,중앙병원 3,6,7,16
9653,3,2,10,중앙병원 3,6,7,16
9721,3,2,11,중앙병원 3,6,7,18
9727,3,1,11,중앙병원 3,6,7,18
9738,3,1,11,중앙병원 3,6,7,18
9752,3,0,11,중앙병원 3,6,7,18
9779,4,0,11,중앙병원 3,6,7,18
9802,3,2,11,중앙병원 3,6,7,19
9848,4,2,11,중앙병원 3,6,7,20
9857,2,2,11,중앙병원 3,6,7,20
9874,2,2,10,중앙병원 3,6,7,20
9889,3,4,9,중앙병원 3,6,7,20
9891,5,3,9,중앙병원 3,6,7,20
9904,5,3,9,중앙병원 3,6,7,21
9949,3,5,9,중앙병원 3,6,7,21
9954,3,4,9,중앙병원 3,6,7,21
9971,3,4,9,중앙병원 3,6,7,22
9998,3,1,11,중앙병원 3,6,7,22
10004,4,0,11,중앙병원 3,6,7,22
10007,3,0,11,중앙병원 3,6,7,22
10009,3,0,11,중앙병원 3,6,7,22
10025,3,0,11,중앙병원 3,6,7,23
10045,2,0,11,중앙병원 3,6,7,23
10047,5,0,10,중앙병원 3,6,7,23
10053,1,0,10,중앙병원 3,6,7,23
10056,3,0,9,중앙병원 3,6,7,23
10074,2,0,9,중앙병원 3,6,7,23
10076,2,0,8,중앙병원 3,6,7,23
10085,3,0,7,중앙병원 3,0,8,0
10121,3,0,7,중앙병원 3,0,8,0
10138,4,0,8,중앙병원 3,0,8,0
10139,4,0,8,중앙병원 3,0,8,0
10213,3,0,10,중앙병원 3,0,8,2
10259,3,0,11,중앙병원 3,0,8,2
10278,4,0,11,중앙병원 3,0,8,3
10403,4,0,11,중앙병원 3,0,8,5
10411,4,0,11,중앙병원 3,0,8,5
10468,4,2,11,중앙병원 3,0,8,6
10491,5,2,11,중앙병원 3,0,8,6
10512,5,2,11,중앙병원 3,0,8,7
10551,4,3,11,중앙병원 3,0,8,7
10565,3,3,11,중앙병원 3,0,8,8
10609,3,4,11,중앙병원 3,0,8,8
10613,4,3,11,중앙병원 3,0,8,8
10614,2,3,11,중앙병원 3,0,8,8
10615,4,3,10,중앙병원 3,0,8,8
10656,3,3,10,중앙병원 3,0,8,9
10663,3,2,10,중앙병원 3,0,8,9
10685,3,1,10,중앙병원 3,0,8,10
10698,3,0,10,중앙병원 3,0,8,10
10717,5,0,10,중앙병원 3,0,8,10
10718,3,0,10,중앙병원 3,0,8,10
10723,4,0,11,중앙병원 3,0,8,10
10728,3,0,11,중앙병원 3,0,8,10
10749,5,0,11,중앙병원 3,0,8,11
10759,4,0,11,중앙병원 3,0,8,11
10775,2,0,11,중앙병원 3,0,8,11
10776,4,0,10,중앙병원 3,0,8,11
10779,4,0,10,중앙병원 3,0,8,11
10789,3,0,10,중앙병원 3,0,8,11
10798,3,0,10,중앙병원 3,0,8,11
10815,3,0,10,중앙병원 3,0,8,12
10834,5,0,10,중앙병원 3,0,8,12
10854,3,0,10,중앙병원 3,0,8,12
10877,3,0,11,중앙병원 3,0,8,13
10904,2,0,11,중앙병원 3,0,8,13
10912,1,0,10,중앙병원 3,0,8,13
10918,3,0,9,중앙병원 3,0,8,13
10929,3,0,9,중앙병원 3,0,8,14
10940,2,0,9,중앙병원 3,0,8,14
10969,4,0,8,중앙병원 3,0,8,14
10973,3,0,8,중앙병원 3,0,8,14
10975,4,0,8,중앙병원 3,0,8,14
11014,2,0,9,중앙병원 3,0,8,15
11025,4,0,8,중앙병원 3,0,8,15
11029,4,0,8,중앙병원 3,0,8,15
11031,4,0,8,중앙병원 3,0,8,15
11035,3,0,8,중앙병원 3,0,8,15
11049,3,0,8,중앙병원 3,0,8,16
11049,3,0,8,중앙병원 3,0,8,16
11083,3,0,10,중앙병원 3,0,8,16
11087,5,0,10,중앙병원 3,0,8,16
11097,5,0,10,중앙병원 3,0,8,16
11112,2,0,11,중앙병원 3,0,8,17
11113,4,0,10,중앙병원 3,0,8,17
11116,2,0,10,중앙병원 3,0,8,17
11117,3,0,9,중앙병원 3,0,8,17
11158,3,0,9,중앙병원 3,0,8,17
11159,3,0,9,중앙병원 3,0,8,17
11166,3,0,9,중앙병원 3,0,8,18
11173,3,0,9,중앙병원 3,0,8,18
11174,4,0,9,중앙병원 3,0,8,18
11179,3,0,9,중앙병원 3,0,8,18
11191,2,0,9,중앙병원 3,0,8,18
11211,2,0,9,중앙병원 3,0,8,18
11222,3,0,9,중앙병원 3,0,8,19
11239,3,0,9,중앙병원 3,0,8,19
11250,3,0,9,중앙병원 3,0,8,19
11281,3,0,9,중앙병원 3,0,8,20
11281,2,0,9,중앙병원 3,0,8,20
11293,4,0,9,중앙병원 3,0,8,20
11367,4,0,11,중앙병원 3,0,8,21
11401,3,0,11,중앙병원 3,0,8,22
11422,5,0,11,중앙병원 3,0,8,22
11466,2,0,11,중앙병원 3,0,8,23
11499,4,0,10,중앙병원 3,0,8,23
11502,2,0,10,중앙병원 3,0,8,23
11515,3,0,9,중앙병원 3,0,8,23
11543,4,0,9,중앙병원 3,1,9,0
11587,3,0,9,중앙병원 3,1,9,1
11595,4,0,9,중앙병원 3,1,9,1
11624,3,0,9,중앙병원 3,1,9,1
11630,3,0,9,중앙병원 3,1,9,1
11642,3,0,10,중앙병원 3,1,9,2
11660,5,0,11,중앙병원 3,1,9,2
11674,4,0,11,중앙병원 3,1,9,2
11683,3,0,11,중앙병원 3,1,9,2
11693,3,0,11,중앙병원 3,1,9,2
11782,4,0,11,중앙병원 3,1,9,4
11844,3,0,11,중앙병원 3,1,9,5
11899,3,0,11,중앙병원 3,1,9,6
11914,3,0,11,중앙병원 3,1,9,6
11965,4,0,11,중앙병원 3,1,9,7
11979,3,0,11,중앙병원 3,1,9,7
11980,2,0,11,중앙병원 3,1,9,7
12056,3,0,10,중앙병원 3,1,9,8
12077,4,0,11,중앙병원 3,1,9,9
12090,4,0,11,중앙병원 3,1,9,9
12101,3,0,11,중앙병원 3,1,9,9
12112,3,0,11,중앙병원 3,1,9,9
12132,4,0,11,중앙병원 3,1,9,10
12155,1,0,11,중앙병원 3,1,9,10
12194,2,0,10,중앙병원 3,1,9,11
12209,3,0,9,중앙병원 3,1,9,11
12272,3,0,9,중앙병원 3,1,9,12
12336,4,0,11,중앙병원 3,1,9,13
12438,4,4,11,중앙병원 3,1,9,15
12446,5,5,11,중앙병원 3,1,9,15
12460,3,6,11,중앙병원 3,1,9,15
12465,5,6,11,중앙병원 3,1,9,15
12490,5,6,11,중앙병원 3,1,9,16
12525,3,6,11,중앙병원 3,1,9,16
12542,2,5,11,중앙병원 3,1,9,17
12542,4,5,10,중앙병원 3,1,9,17
12558,3,5,10,중앙병원 3,1,9,17
12597,4,5,10,중앙병원 3,1,9,17
12605,4,5,10,중앙병원 3,1,9,18
12607,3,5,10,중앙병원 3,1,9,18
12625,2,5,10,중앙병원 3,1,9,18
12626,4,5,9,중앙병원 3,1,9,18
12642,4,5,9,중앙병원 3,1,9,18
12658,2,5,9,중앙병원 3,1,9,18
12667,3,5,8,중앙병원 3,1,9,19
12670,2,4,8,중앙병원 3,1,9,19
12671,5,4,7,중앙병원 3,1,9,19
12694,1,4,8,중앙병원 3,1,9,19
12738,5,5,8,중앙병원 3,1,9,20
12808,3,5,10,중앙병원 3,1,9,21
12827,4,5,10,중앙병원 3,1,9,21
12828,3,5,10,중앙병원 3,1,9,21
12916,3,5,11,중앙병원 3,1,9,23
12918,3,4,11,중앙병원 3,1,9,23
12932,3,3,11,중앙병원 3,1,9,23
12935,3,2,11,중앙병원 3,1,9,23
12950,4,1,11,중앙병원 3,1,9,23
12993,3,1,11,중앙병원 3,2,10,0
13020,4,1,11,중앙병원 3,2,10,1
13089,4,2,11,중앙병원 3,2,10,2
13103,3,3,11,중앙병원 3,2,10,2
13132,4,5,11,중앙병원 3,2,10,2
13164,3,5,11,중앙병원 3,2,10,3
13184,2,5,11,중앙병원 3,2,10,3
13382,2,6,11,중앙병원 3,2,10,7
13400,4,6,10,중앙병원 3,2,10,7
13417,3,6,10,중앙병원 3,2,10,7
13437,3,5,10,중앙병원 3,2,10,7
13453,5,4,10,중앙병원 3,2,10,8
13456,5,4,10,중앙병원 3,2,10,8
13543,3,5,11,중앙병원 3,2,10,9
13571,3,5,11,중앙병원 3,2,10,10
13604,2,6,11,중앙병원 3,2,10,10
13612,3,6,10,중앙병원 3,2,10,10
13629,3,5,10,중앙병원 3,2,10,11
13633,3,4,10,중앙병원 3,2,10,11
13645,3,4,10,중앙병원 3,2,10,11
13677,3,5,10,중앙병원 3,2,10,11
13686,3,4,10,중앙병원 3,2,10,12
13750,3,3,10,중앙병원 3,2,10,13
13752,3,2,10,중앙병원 3,2,10,13
13754,3,0,11,중앙병원 3,2,10,13
13768,3,0,11,중앙병원 3,2,10,13
13789,3,0,11,중앙병원 3,2,10,13
13813,4,0,11,중앙병원 3,2,10,14
13825,4,0,11,중앙병원 3,2,10,14
13867,3,3,11,중앙병원 3,2,10,15
13870,4,2,11,중앙병원 3,2,10,15
13873,4,2,11,중앙병원 3,2,10,15
13884,3,2,11,중앙병원 3,2,10,15
13885,3,1,11,중앙병원 3,2,10,15
13961,4,0,11,중앙병원 3,2,10,16
13971,3,0,11,중앙병원 3,2,10,16
13981,3,0,11,중앙병원 3,2,10,17
13983,5,0,11,중앙병원 3,2,10,17
13997,2,0,11,중앙병원 3,2,10,17
13999,3,0,10,중앙병원 3,2,10,17
14002,3,0,10,중앙병원 3,2,10,17
14002,3,0,10,중앙병원 3,2,10,17
14011,5,0,10,중앙병원 3,2,10,17
14101,3,0,11,중앙병원 3,2,10,19
14137,4,1,11,중앙병원 3,2,10,19
14145,3,1,11,중앙병원 3,2,10,19
14161,3,1,11,중앙병원 3,2,10,20
14163,4,0,11,중앙병원 3,2,10,20
14181,3,2,11,중앙병원 3,2,10,20
14182,3,1,11,중앙병원 3,2,10,20
14182,5,0,11,중앙병원 3,2,10,20
14186,4,1,11,중앙병원 3,2,10,20
14228,3,3,11,중앙병원 3,2,10,21
14233,4,2,11,중앙병원 3,2,10,21
14252,4,2,11,중앙병원 3,2,10,21
14288,3,3,11,중앙병원 3,2,10,22
14296,3,3,11,중앙병원 3,2,10,22
14302,2,2,11,중앙병원 3,2,10,22
14323,4,3,10,중앙병원 3,2,10,22
14326,5,4,10,중앙병원 3,2,10,22
14328,3,4,10,중앙병원 3,2,10,22
14334,4,3,10,중앙병원 3,2,10,22
14348,4,3,10,중앙병원 3,2,10,23
14375,4,2,11,중앙병원 3,2,10,23
14385,3,3,11,중앙병원 3,2,10,23
14396,3,2,11,중앙병원 3,2,10,23
14398,4,1,11,중앙병원 3,2,10,23
14417,5,3,11,중앙병원 3,3,11,0
14429,4,4,11,중앙병원 3,3,11,0
14494,4,4,11,중앙병원 3,3,11,1
14571,2,8,11,중앙병원 3,3,11,2
14585,3,9,10,중앙병원 3,3,11,3
14668,4,9,10,중앙병원 3,3,11,4
14678,2,9,10,중앙병원 3,3,11,4
14716,2,10,9,중앙병원 3,3,11,5
14759,3,9,10,중앙병원 3,3,11,5
14779,4,9,10,중앙병원 3,3,11,6
14779,3,9,10,중앙병원 3,3,11,6
14817,3,9,10,중앙병원 3,3,11,6
14826,3,8,10,중앙병원 3,3,11,7
14874,3,6,11,중앙병원 3,3,11,7
14933,3,5,11,중앙병원 3,3,11,8
15045,1,6,11,중앙병원 3,3,11,10
15062,3,7,10,중앙병원 3,3,11,11
15078,4,7,10,중앙병원 3,3,11,11
15089,4,7,10,중앙병원 3,3,11,11
15101,4,7,10,중앙병원 3,3,11,11
15119,2,7,10,중앙병원 3,3,11,11
15160,3,6,10,중앙병원 3,3,11,12
15193,3,4,11,중앙병원 3,3,11,13
15200,3,3,11,중앙병원 3,3,11,13
15212,5,2,11,중앙병원 3,3,11,13
15221,4,3,11,중앙병원 3,3,11,13
15245,2,3,11,중앙병원 3,3,11,14
15270,3,8,10,중앙병원 3,3,11,14
15283,3,7,10,중앙병원 3,3,11,14
15329,3,6,10,중앙병원 3,3,11,15
15355,4,5,10,중앙병원 3,3,11,15
15365,5,5,10,중앙병원 3,3,11,16
15396,3,5,10,중앙병원 3,3,11,16
15401,3,4,11,중앙병원 3,3,11,16
15410,2,3,11,중앙병원 3,3,11,16
15415,3,3,10,중앙병원 3,3,11,16
15442,4,2,10,중앙병원 3,3,11,17
15464,4,2,10,중앙병원 3,3,11,17
15479,4,1,11,중앙병원 3,3,11,17
15493,3,1,11,중앙병원 3,3,11,18
15502,4,0,11,중앙병원 3,3,11,18
15517,2,0,11,중앙병원 3,3,11,18
15583,3,3,10,중앙병원 3,3,11,19
15603,5,4,10,중앙병원 3,3,11,20
15643,3,5,10,중앙병원 3,3,11,20
15649,3,4,10,중앙병원 3,3,11,20
15744,4,4,11,중앙병원 3,3,11,22
15804,4,5,11,중앙병원 3,3,11,23
15814,2,6,11,중앙병원 3,3,11,23
15856,2,8,10,중앙병원 3,4,12,0
15858,4,8,9,중앙병원 3,4,12,0
15874,3,8,9,중앙병원 3,4,12,0
15882,3,7,9,중앙병원 3,4,12,0
15939,4,5,10,중앙병원 3,4,12,1
16036,4,8,11,중앙병원 3,4,12,3
16054,3,8,11,중앙병원 3,4,12,3
16138,4,8,11,중앙병원 3,4,12,4
16188,3,8,11,중앙병원 3,4,12,5
16281,2,8,11,중앙병원 3,4,12,7
16311,3,10,10,중앙병원 3,4,12,7
16406,4,9,11,중앙병원 3,4,12,9
16409,3,9,11,중앙병원 3,4,12,9
16435,3,8,11,중앙병원 3,4,12,9
16449,4,7,11,중앙병원 3,4,12,10
16504,2,7,11,중앙병원 3,4,12,11
16518,1,8,10,중앙병원 3,4,12,11
16523,3,8,9,중앙병원 3,4,12,11
16526,3,7,9,중앙병원 3,4,12,11
16556,5,7,9,중앙병원 3,4,12,11
16571,3,7,9,중앙병원 3,4,12,12
16596,5,6,9,중앙병원 3,4,12,12
16614,3,7,9,중앙병원 3,4,12,12
16618,5,6,9,중앙병원 3,4,12,12
16620,5,6,9,중앙병원 3,4,12,13
16637,4,6,9,중앙병원 3,4,12,13
16694,4,5,11,중앙병원 3,4,12,14
16706,4,5,11,중앙병원 3,4,12,14
16723,3,5,11,중앙병원 3,4,12,14
16723,3,4,11,중앙병원 3,4,12,14
16731,3,3,11,중앙병원 3,4,12,14
16741,2,3,11,중앙병원 3,4,12,15
16764,3,3,10,중앙병원 3,4,12,15
16772,4,2,10,중앙병원 3,4,12,15
16812,3,3,10,중앙병원 3,4,12,16
16831,4,1,11,중앙병원 3,4,12,16
16835,3,1,11,중앙병원 3,4,12,16
16894,3,3,11,중앙병원 3,4,12,17
16928,3,3,11,중앙병원 3,4,12,18
16934,3,2,11,중앙병원 3,4,12,18
16952,1,2,11,중앙병원 3,4,12,18
16993,4,4,10,중앙병원 3,4,12,19
17019,4,4,10,중앙병원 3,4,12,19
17024,4,4,10,중앙병원 3,4,12,19
17048,4,5,10,중앙병원 3,4,12,20
17064,3,5,10,중앙병원 3,4,12,20
17075,3,4,10,중앙병원 3,4,12,20
17088,3,2,11,중앙병원 3,4,12,20
17105,3,3,11,중앙병원 3,4,12,21
17136,3,2,11,중앙병원 3,4,12,21
17142,4,1,11,중앙병원 3,4,12,21
17163,4,1,11,중앙병원 3,4,12,22
17185,3,3,11,중앙병원 3,4,12,22
17229,3,3,11,중앙병원 3,4,12,23
17301,3,5,11,중앙병원 3,5,13,0
17301,3,4,11,중앙병원 3,5,13,0
17322,4,3,11,중앙병원 3,5,13,0
17357,3,3,11,중앙병원 3,5,13,1
17378,3,3,11,중앙병원 3,5,13,1
17454,3,4,11,중앙병원 3,5,13,2
17485,3,5,11,중앙병원 3,5,13,3
17550,4,5,11,중앙병원 3,5,13,4
17661,3,8,11,중앙병원 3,5,13,6
17734,4,10,11,중앙병원 3,5,13,7
17769,3,11,11,중앙병원 3,5,13,8
17818,3,11,11,중앙병원 3,5,13,8
17925,3,13,11,중앙병원 3,5,13,10
17937,4,12,11,중앙병원 3,5,13,10
17959,3,12,11,중앙병원 3,5,13,11
18017,4,12,11,중앙병원 3,5,13,12
18030,4,12,11,중앙병원 3,5,13,12
18034,3,12,11,중앙병원 3,5,13,12
18059,3,11,11,중앙병원 3,5,13,12
18066,3,10,11,중앙병원 3,5,13,13
18121,4,10,11,중앙병원 3,5,13,14
18122,5,10,11,중앙병원 3,5,13,14
18162,2,11,11,중앙병원 3,5,13,14
18178,3,11,10,중앙병원 3,5,13,14
18195,3,11,10,중앙병원 3,5,13,15
18201,3,10,10,중앙병원 3,5,13,15
18242,4,9,10,중앙병원 3,5,13,16
18258,2,9,10,중앙병원 3,5,13,16
18318,3,9,10,중앙병원 3,5,13,17
18326,3,8,10,중앙병원 3,5,13,17
18338,5,7,10,중앙병원 3,5,13,17
18369,3,7,10,중앙병원 3,5,13,18
18417,4,7,10,중앙병원 3,5,13,18
18433,4,7,11,중앙병원 3,5,13,19
18443,3,7,11,중앙병원 3,5,13,19
18449,4,6,11,중앙병원 3,5,13,19
18473,4,6,11,중앙병원 3,5,13,19
18498,4,7,11,중앙병원 3,5,13,20
18500,4,7,11,중앙병원 3,5,13,20
18505,4,7,11,중앙병원 3,5,13,20
18523,5,8,11,중앙병원 3,5,13,20
18531,3,8,11,중앙병원 3,5,13,20
18635,3,9,11,중앙병원 3,5,13,22
18683,4,10,11,중앙병원 3,5,13,23
18705,3,10,11,중앙병원 3,5,13,23
18705,3,9,11,중앙병원 3,5,13,23
18777,2,9,11,중앙병원 3,6,14,0
18800,3,9,10,중앙병원 3,6,14,1
18835,5,10,10,중앙병원 3,6,14,1
18840,4,10,10,중앙병원 3,6,14,2
18843,4,10,10,중앙병원 3,6,14,2
18868,3,10,10,중앙병원 3,6,14,2
18906,4,8,11,중앙병원 3,6,14,3
18915,3,8,11,중앙병원 3,6,14,3
18922,3,9,11,중앙병원 3,6,14,3
18936,4,8,11,중앙병원 3,6,14,3
18980,3,9,11,중앙병원 3,6,14,4
18983,4,8,11,중앙병원 3,6,14,4
19010,4,8,11,중앙병원 3,6,14,4
19063,2,8,11,중앙병원 3,6,14,5
19082,4,8,10,중앙병원 3,6,14,6
19093,3,8,10,중앙병원 3,6,14,6
19102,3,7,10,중앙병원 3,6,14,6
19136,3,7,10,중앙병원 3,6,14,6
19170,4,8,10,중앙병원 3,6,14,7
19181,3,8,10,중앙병원 3,6,14,7
19199,3,7,10,중앙병원 3,6,14,7
19253,2,5,11,중앙병원 3,6,14,8
19253,3,5,10,중앙병원 3,6,14,8
19270,3,5,10,중앙병원 3,6,14,9
19275,3,5,10,중앙병원 3,6,14,9
19291,2,4,10,중앙병원 3,6,14,9
19296,3,4,9,중앙병원 3,6,14,9
19300,3,3,9,중앙병원 3,6,14,9
19322,3,4,9,중앙병원 3,6,14,10
19329,2,3,9,중앙병원 3,6,14,10
19348,1,3,8,중앙병원 3,6,14,10
19353,3,3,7,중앙병원 3,6,14,10
19362,2,2,7,중앙병원 3,6,14,10
19371,3,2,6,중앙병원 3,6,14,10
19393,4,2,6,중앙병원 3,6,14,11
19414,5,0,8,중앙병원 3,6,14,11
19420,4,1,8,중앙병원 3,6,14,11
19421,3,1,8,중앙병원 3,6,14,11
19427,3,0,8,중앙병원 3,6,14,11
19429,2,0,8,중앙병원 3,6,14,11
19434,3,0,7,중앙병원 3,6,14,11
19445,3,0,7,중앙병원 3,6,14,12
19452,3,0,7,중앙병원 3,6,14,12
19454,3,0,8,중앙병원 3,6,14,12
19457,3,0,8,중앙병원 3,6,14,12
19461,2,0,8,중앙병원 3,6,14,12
19473,4,0,7,중앙병원 3,6,14,12
19489,5,0,8,중앙병원 3,6,14,12
19493,3,0,8,중앙병원 3,6,14,12
19499,4,0,8,중앙병원 3,6,14,12
19533,4,0,10,중앙병원 3,6,14,13
19550,4,0,10,중앙병원 3,6,14,13
19594,5,0,10,중앙병원 3,6,14,14
19606,3,0,11,중앙병원 3,6,14,14
19613,3,0,11,중앙병원 3,6,14,14
19635,4,0,11,중앙병원 3,6,14,15
19638,4,0,11,중앙병원 3,6,14,15
19639,4,0,11,중앙병원 3,6,14,15
19654,4,0,11,중앙병원 3,6,14,15
19684,3,0,11,중앙병원 3,6,14,16
19696,2,0,11,중앙병원 3,6,14,16
19712,3,0,10,중앙병원 3,6,14,16
19720,3,0,10,중앙병원 3,6,14,16
19747,2,0,10,중앙병원 3,6,14,17
19752,4,0,9,중앙병원 3,6,14,17
19788,2,0,9,중앙병원 3,6,14,17
19810,4,0,8,중앙병원 3,6,14,18
19814,4,0,8,중앙병원 3,6,14,18
19814,3,0,8,중앙병원 3,6,14,18
19873,5,0,8,중앙병원 3,6,14,19
19875,4,0,10,중앙병원 3,6,14,19
19881,4,0,10,중앙병원 3,6,14,19
19886,4,0,10,중앙병원 3,6,14,19
19894,3,0,10,중앙병원 3,6,14,19
19907,3,0,10,중앙병원 3,6,14,19
19908,3,0,10,중앙병원 3,6,14,19
19920,3,0,11,중앙병원 3,6,14,20
19922,4,0,11,중앙병원 3,6,14,20
19929,4,0,11,중앙병원 3,6,14,20
19954,3,0,11,중앙병원 3,6,14,20
19965,4,0,11,중앙병원 3,6,14,20
19982,3,0,11,중앙병원 3,6,14,21
20070,5,0,11,중앙병원 3,6,14,22
20078,2,0,11,중앙병원 3,6,14,22
20081,2,0,10,중앙병원 3,6,14,22
20082,5,0,9,중앙병원 3,6,14,22
20095,3,0,9,중앙병원 3,6,14,22
20109,3,0,9,중앙병원 3,6,14,23
20109,3,0,9,중앙병원 3,6,14,23
20162,3,0,9,중앙병원 3,0,15,0
20184,3,0,10,중앙병원 3,0,15,0
20194,3,0,10,중앙병원 3,0,15,0
20235,4,0,11,중앙병원 3,0,15,1
20261,3,0,11,중앙병원 3,0,15,1
20273,4,0,11,중앙병원 3,0,15,1
20306,1,0,11,중앙병원 3,0,15,2
20369,4,0,10,중앙병원 3,0,15,3
20396,4,0,10,중앙병원 3,0,15,3
20456,3,0,11,중앙병원 3,0,15,4
20502,3,0,11,중앙병원 3,0,15,5
20538,4,0,11,중앙병원 3,0,15,6
20538,4,0,11,중앙병원 3,0,15,6
20556,4,1,11,중앙병원 3,0,15,6
20570,3,1,11,중앙병원 3,0,15,6
20588,3,0,11,중앙병원 3,0,15,7
20685,5,4,11,중앙병원 3,0,15,8
20754,4,5,11,중앙병원 3,0,15,9
20764,4,6,11,중앙병원 3,0,15,10
20796,3,9,11,중앙병원 3,0,15,10
20812,3,8,11,중앙병원 3,0,15,10
20824,3,7,11,중앙병원 3,0,15,11
20852,3,6,11,중앙병원 3,0,15,11
20873,3,5,11,중앙병원 3,0,15,11
20911,3,6,11,중앙병원 3,0,15,12
20968,2,6,11,중앙병원 3,0,15,13
21013,3,6,10,중앙병원 3,0,15,14
21027,1,5,10,중앙병원 3,0,15,14
21030,3,6,9,중앙병원 3,0,15,14
21040,3,5,10,중앙병원 3,0,15,14
21086,4,4,10,중앙병원 3,0,15,15
21105,4,4,10,중앙병원 3,0,15,15
21107,3,4,10,중앙병원 3,0,15,15
21113,4,3,10,중앙병원 3,0,15,15
21135,5,4,10,중앙병원 3,0,15,16
21142,5,4,10,중앙병원 3,0,15,16
21146,2,5,10,중앙병원 3,0,15,16
21152,3,5,9,중앙병원 3,0,15,16
21170,2,3,10,중앙병원 3,0,15,16
21190,3,3,9,중앙병원 3,0,15,17
21226,2,5,9,중앙병원 3,0,15,17
21241,5,5,9,중앙병원 3,0,15,18
21250,4,5,9,중앙병원 3,0,15,18
21258,4,5,9,중앙병원 3,0,15,18
21264,3,5,9,중앙병원 3,0,15,18
21283,4,3,10,중앙병원 3,0,15,18
21286,3,4,10,중앙병원 3,0,15,18
21301,3,3,10,중앙병원 3,0,15,19
21303,3,2,10,중앙병원 3,0,15,19
21304,3,1,10,중앙병원 3,0,15,19
21313,5,0,10,중앙병원 3,0,15,19
21331,2,0,11,중앙병원 3,0,15,19
21366,3,0,10,중앙병원 3,0,15,20
21372,2,0,10,중앙병원 3,0,15,20
21376,4,0,9,중앙병원 3,0,15,20
21377,3,0,9,중앙병원 3,0,15,20
21389,5,0,9,중앙병원 3,0,15,20
21398,4,0,9,중앙병원 3,0,15,20
21400,3,0,9,중앙병원 3,0,15,20
21428,2,0,9,중앙병원 3,0,15,21
21432,4,0,8,중앙병원 3,0,15,21
21444,3,0,8,중앙병원 3,0,15,21
21449,5,0,8,중앙병원 3,0,15,21
21476,3,0,8,중앙병원 3,0,15,21
21488,3,0,8,중앙병원 3,0,15,22
21496,5,0,9,중앙병원 3,0,15,22
21511,3,0,9,중앙병원 3,0,15,22
21532,3,0,10,중앙병원 3,0,15,22
21555,3,0,10,중앙병원 3,0,15,23
21564,4,0,10,중앙병원 3,0,15,23
21573,5,0,10,중앙병원 3,0,15,23
21605,4,0,11,중앙병원 3,1,16,0
21673,3,0,11,중앙병원 3,1,16,1
21698,4,0,11,중앙병원 3,1,16,1
21734,3,0,11,중앙병원 3,1,16,2
21801,3,2,11,중앙병원 3,1,16,3
21928,5,6,11,중앙병원 3,1,16,5
21999,5,8,11,중앙병원 3,1,16,6
22037,4,8,11,중앙병원 3,1,16,7
22046,5,9,11,중앙병원 3,1,16,7
22082,3,10,11,중앙병원 3,1,16,8
22141,4,10,11,중앙병원 3,1,16,9
22152,4,10,11,중앙병원 3,1,16,9
22188,3,10,11,중앙병원 3,1,16,9
22216,5,10,11,중앙병원 3,1,16,10
22242,5,10,11,중앙병원 3,1,16,10
22259,4,11,11,중앙병원 3,1,16,10
22297,3,11,11,중앙병원 3,1,16,11
22309,3,10,11,중앙병원 3,1,16,11
22334,3,9,11,중앙병원 3,1,16,12
22337,3,8,11,중앙병원 3,1,16,12
22357,5,8,11,중앙병원 3,1,16,12
22369,2,9,11,중앙병원 3,1,16,12
22399,3,9,10,중앙병원 3,1,16,13
22420,4,8,10,중앙병원 3,1,16,13
22453,3,8,11,중앙병원 3,1,16,14
22475,2,7,11,중앙병원 3,1,16,14
22496,3,7,10,중앙병원 3,1,16,14
22497,3,6,10,중앙병원 3,1,16,14
22501,2,5,10,중앙병원 3,1,16,15
22510,3,5,9,중앙병원 3,1,16,15
22516,4,5,9,중앙병원 3,1,16,15
22520,3,5,9,중앙병원 3,1,16,15
22534,3,4,9,중앙병원 3,1,16,15
22547,3,3,9,중앙병원 3,1,16,15
22560,1,1,10,중앙병원 3,1,16,16
22564,3,1,9,중앙병원 3,1,16,16
22571,4,0,9,중앙병원 3,1,16,16
22609,3,1,10,중앙병원 3,1,16,16
22636,3,0,10,중앙병원 3,1,16,17
22656,3,0,11,중앙병원 3,1,16,17
22676,1,0,11,중앙병원 3,1,16,17
22687,4,0,10,중앙병원 3,1,16,18
22690,2,0,10,중앙병원 3,1,16,18
22693,4,0,9,중앙병원 3,1,16,18
22709,3,0,9,중앙병원 3,1,16,18
22776,4,2,9,중앙병원 3,1,16,19
22880,3,5,11,중앙병원 3,1,16,21
22897,2,6,11,중앙병원 3,1,16,21
22904,3,6,10,중앙병원 3,1,16,21
22911,3,5,10,중앙병원 3,1,16,21
22971,4,5,10,중앙병원 3,1,16,22
22972,5,5,10,중앙병원 3,1,16,22
22983,3,5,10,중앙병원 3,1,16,23
22984,3,4,10,중앙병원 3,1,16,23
22985,4,3,10,중앙병원 3,1,16,23
22995,3,3,10,중앙병원 3,1,16,23
23062,3,3,11,중앙병원 3,2,17,0
23062,5,2,11,중앙병원 3,2,17,0
23068,4,2,11,중앙병원 3,2,17,0
23124,3,3,11,중앙병원 3,2,17,1
23221,2,3,11,중앙병원 3,2,17,3
23239,4,3,10,중앙병원 3,2,17,3
23455,4,11,11,중앙병원 3,2,17,6
23460,4,11,11,중앙병원 3,2,17,7
23587,3,11,11,중앙병원 3,2,17,9
23597,3,10,11,중앙병원 3,2,17,9
23611,5,9,11,중앙병원 3,2,17,9
23621,3,9,11,중앙병원 3,2,17,9
23637,3,8,11,중앙병원 3,2,17,9
23653,3,7,11,중앙병원 3,2,17,10
23665,3,6,11,중앙병원 3,2,17,10
23691,3,5,11,중앙병원 3,2,17,10
23700,4,4,11,중앙병원 3,2,17,11
23721,3,4,11,중앙병원 3,2,17,11
23738,4,3,11,중앙병원 3,2,17,11
23775,3,3,11,중앙병원 3,2,17,12
23777,4,2,11,중앙병원 3,2,17,12
23793,3,3,11,중앙병원 3,2,17,12
23866,2,3,11,중앙병원 3,2,17,13
23879,1,4,10,중앙병원 3,2,17,13
23890,2,4,9,중앙병원 3,2,17,14
23892,4,4,8,중앙병원 3,2,17,14
23894,3,4,8,중앙병원 3,2,17,14
23898,4,3,8,중앙병원 3,2,17,14
23899,4,3,8,중앙병원 3,2,17,14
23909,4,4,8,중앙병원 3,2,17,14
23914,3,4,8,중앙병원 3,2,17,14
23947,1,5,8,중앙병원 3,2,17,15
23962,4,5,7,중앙병원 3,2,17,15
23965,5,5,7,중앙병원 3,2,17,15
23984,3,6,7,중앙병원 3,2,17,15
24054,4,3,11,중앙병원 3,2,17,16
24100,3,6,11,중앙병원 3,2,17,17
24105,5,5,11,중앙병원 3,2,17,17
24143,4,5,11,중앙병원 3,2,17,18
24147,4,5,11,중앙병원 3,2,17,18
24153,3,6,11,중앙병원 3,2,17,18
24171,4,5,11,중앙병원 3,2,17,18
24182,3,5,11,중앙병원 3,2,17,19
24216,4,6,11,중앙병원 3,2,17,19
24218,5,6,11,중앙병원 3,2,17,19
24219,3,6,11,중앙병원 3,2,17,19
24317,4,8,11,중앙병원 3,2,17,21
24342,3,8,11,중앙병원 3,2,17,21
24350,3,7,11,중앙병원 3,2,17,21
24377,4,6,11,중앙병원 3,2,17,22
24407,3,6,11,중앙병원 3,2,17,22
24467,3,7,11,중앙병원 3,2,17,23
24479,3,6,11,중앙병원 3,2,17,23
24490,2,5,11,중앙병원 3,3,18,0
24608,3,6,10,중앙병원 3,3,18,2
24653,4,5,11,중앙병원 3,3,18,2
24739,4,8,11,중앙병원 3,3,18,4
24859,3,11,11,중앙병원 3,3,18,6
24860,5,10,11,중앙병원 3,3,18,6
25002,2,12,11,중앙병원 3,3,18,8
25014,4,12,10,중앙병원 3,3,18,8
25047,3,13,10,중앙병원 3,3,18,9
25056,3,12,10,중앙병원 3,3,18,9
25058,3,11,10,중앙병원 3,3,18,9
25068,3,10,10,중앙병원 3,3,18,9
25224,2,8,11,중앙병원 3,3,18,12
25284,3,12,10,중앙병원 3,3,18,13
25292,3,11,11,중앙병원 3,3,18,13
25340,5,12,11,중앙병원 3,3,18,14
25383,4,12,11,중앙병원 3,3,18,15
25449,4,12,11,중앙병원 3,3,18,16
25453,3,12,11,중앙병원 3,3,18,16
25519,1,11,11,중앙병원 3,3,18,17
25521,3,11,10,중앙병원 3,3,18,17
25534,2,10,10,중앙병원 3,3,18,17
25544,3,11,9,중앙병원 3,3,18,17
25560,3,10,9,중앙병원 3,3,18,18
25575,4,10,9,중앙병원 3,3,18,18
25581,3,11,9,중앙병원 3,3,18,18
25611,3,10,9,중앙병원 3,3,18,18
25616,3,9,9,중앙병원 3,3,18,18
25644,3,8,9,중앙병원 3,3,18,19
25644,3,7,9,중앙병원 3,3,18,19
25661,4,5,10,중앙병원 3,3,18,19
25682,3,5,10,중앙병원 3,3,18,20
25682,3,4,10,중앙병원 3,3,18,20
25702,5,3,10,중앙병원 3,3,18,20
25709,3,3,10,중앙병원 3,3,18,20
25717,4,2,11,중앙병원 3,3,18,20
25723,3,2,11,중앙병원 3,3,18,20
25739,3,1,11,중앙병원 3,3,18,20
25750,4,0,11,중앙병원 3,3,18,21
25772,2,1,11,중앙병원 3,3,18,21
25780,3,1,10,중앙병원 3,3,18,21
25803,4,0,10,중앙병원 3,3,18,22
25821,2,1,10,중앙병원 3,3,18,22
25823,3,1,9,중앙병원 3,3,18,22
25824,3,0,9,중앙병원 3,3,18,22
25893,4,0,10,중앙병원 3,3,18,23
25913,3,0,10,중앙병원 3,3,18,23
25921,3,0,10,중앙병원 3,4,19,0
25958,3,3,11,중앙병원 3,4,19,0
26017,2,2,11,중앙병원 3,4,19,1
26052,3,4,10,중앙병원 3,4,19,2
26101,5,5,10,중앙병원 3,4,19,3
26137,3,5,10,중앙병원 3,4,19,3
26337,2,7,11,중앙병원 3,4,19,6
26354,4,8,10,중앙병원 3,4,19,7
26509,3,9,11,중앙병원 3,4,19,9
26511,3,8,11,중앙병원 3,4,19,9
26624,3,9,11,중앙병원 3,4,19,11
26643,4,8,11,중앙병원 3,4,19,12
26655,3,8,11,중앙병원 3,4,19,12
26717,3,7,11,중앙병원 3,4,19,13
26718,3,6,11,중앙병원 3,4,19,13
26729,3,5,11,중앙병원 3,4,19,13
26794,3,4,11,중앙병원 3,4,19,14
26807,4,3,11,중앙병원 3,4,19,14
26838,3,4,11,중앙병원 3,4,19,15
26844,3,4,11,중앙병원 3,4,19,15
26853,4,3,11,중앙병원 3,4,19,15
26870,2,4,11,중앙병원 3,4,19,15
26895,4,4,10,중앙병원 3,4,19,16
26980,3,10,10,중앙병원 3,4,19,17
26998,3,10,10,중앙병원 3,4,19,17
27061,3,10,11,중앙병원 3,4,19,19
27109,3,11,11,중앙병원 3,4,19,19
27164,3,10,11,중앙병원 3,4,19,20
27184,3,9,11,중앙병원 3,4,19,21
27225,1,9,11,중앙병원 3,4,19,21
27234,1,9,10,중앙병원 3,4,19,21
27257,3,10,9,중앙병원 3,4,19,22
27297,4,8,10,중앙병원 3,4,19,22
27300,4,8,10,중앙병원 3,4,19,23
27318,5,9,10,중앙병원 3,4,19,23
27322,3,9,10,중앙병원 3,4,19,23
27358,3,8,10,중앙병원 3,4,19,23
27361,2,7,10,중앙병원 3,5,20,0
27388,3,9,9,중앙병원 3,5,20,0
27391,5,8,9,중앙병원 3,5,20,0
27404,3,7,10,중앙병원 3,5,20,0
27472,4,7,11,중앙병원 3,5,20,1
27493,4,7,11,중앙병원 3,5,20,2
27505,3,7,11,중앙병원 3,5,20,2
27506,5,6,11,중앙병원 3,5,20,2
27518,3,6,11,중앙병원 3,5,20,2
27530,3,5,11,중앙병원 3,5,20,2
27555,3,4,11,중앙병원 3,5,20,3
27579,3,3,11,중앙병원 3,5,20,3
27630,4,3,11,중앙병원 3,5,20,4
27718,4,6,11,중앙병원 3,5,20,5
27832,2,7,11,중앙병원 3,5,20,7
27837,3,7,10,중앙병원 3,5,20,7
27854,4,7,10,중앙병원 3,5,20,8
27911,3,8,10,중앙병원 3,5,20,9
27937,3,9,10,중앙병원 3,5,20,9
27950,2,8,10,중앙병원 3,5,20,9
27968,2,9,9,중앙병원 3,5,20,10
27972,5,9,8,중앙병원 3,5,20,10
27983,5,8,9,중앙병원 3,5,20,10
27999,3,8,9,중앙병원 3,5,20,10
28013,4,8,9,중앙병원 3,5,20,10
28056,4,9,9,중앙병원 3,5,20,11
28111,4,8,10,중앙병원 3,5,20,12
28134,3,7,11,중앙병원 3,5,20,12
28142,5,6,11,중앙병원 3,5,20,13
28162,4,6,11,중앙병원 3,5,20,13
28229,5,7,11,중앙병원 3,5,20,14
28230,4,7,11,중앙병원 3,5,20,14
28238,4,8,11,중앙병원 3,5,20,14
28240,2,8,11,중앙병원 3,5,20,14
28243,3,8,10,중앙병원 3,5,20,14
28289,5,8,10,중앙병원 3,5,20,15
28295,3,8,10,중앙병원 3,5,20,15
28318,3,6,11,중앙병원 3,5,20,15
28350,5,6,11,중앙병원 3,5,20,16
28378,3,7,11,중앙병원 3,5,20,16
28397,4,7,11,중앙병원 3,5,20,17
28408,2,7,11,중앙병원 3,5,20,17
28415,1,7,10,중앙병원 3,5,20,17
28455,3,8,9,중앙병원 3,5,20,18
28476,3,7,9,중앙병원 3,5,20,18
28530,3,6,9,중앙병원 3,5,20,19
28548,3,7,9,중앙병원 3,5,20,19
28563,4,6,9,중앙병원 3,5,20,20
28595,4,5,11,중앙병원 3,5,20,20
28624,4,6,11,중앙병원 3,5,20,21
28671,3,6,11,중앙병원 3,5,20,21
28682,4,5,11,중앙병원 3,5,20,22
28694,4,5,11,중앙병원 3,5,20,22
28697,3,6,11,중앙병원 3,5,20,22
28710,2,6,11,중앙병원 3,5,20,22
28722,4,6,10,중앙병원 3,5,20,22
28725,1,6,10,중앙병원 3,5,20,22
28734,4,7,9,중앙병원 3,5,20,22
28773,3,7,9,중앙병원 3,5,20,23
28791,4,6,9,중앙병원 3,5,20,23
28819,3,7,9,중앙병원 3,6,21,0
28849,2,6,9,중앙병원 3,6,21,0
28868,3,5,9,중앙병원 3,6,21,1
28893,2,3,10,중앙병원 3,6,21,1
28934,2,5,9,중앙병원 3,6,21,2
28972,3,7,8,중앙병원 3,6,21,2
29001,5,4,10,중앙병원 3,6,21,3
29031,3,5,10,중앙병원 3,6,21,3
29127,3,5,11,중앙병원 3,6,21,5
29271,3,6,11,중앙병원 3,6,21,7
29303,3,5,11,중앙병원 3,6,21,8
29364,1,5,11,중앙병원 3,6,21,9
29366,3,5,10,중앙병원 3,6,21,9
29378,5,5,10,중앙병원 3,6,21,9
29386,1,6,10,중앙병원 3,6,21,9
29431,3,6,9,중앙병원 3,6,21,10
29439,3,6,9,중앙병원 3,6,21,10
29455,1,5,9,중앙병원 3,6,21,10
29457,4,5,8,중앙병원 3,6,21,10
29467,5,7,8,중앙병원 3,6,21,11
29492,3,8,8,중앙병원 3,6,21,11
29515,3,5,10,중앙병원 3,6,21,11
29534,3,3,11,중앙병원 3,6,21,12
29542,3,2,11,중앙병원 3,6,21,12
29568,4,2,11,중앙병원 3,6,21,12
29592,4,2,11,중앙병원 3,6,21,13
29596,4,2,11,중앙병원 3,6,21,13
29611,3,2,11,중앙병원 3,6,21,13
29652,3,1,11,중앙병원 3,6,21,14
29660,2,1,11,중앙병원 3,6,21,14
29686,3,1,10,중앙병원 3,6,21,14
29698,4,1,10,중앙병원 3,6,21,14
29699,4,1,10,중앙병원 3,6,21,14
29700,4,1,10,중앙병원 3,6,21,15
29766,3,6,10,중앙병원 3,6,21,16
29830,5,7,11,중앙병원 3,6,21,17
29850,5,7,11,중앙병원 3,6,21,17
29858,4,7,11,중앙병원 3,6,21,17
29870,5,7,11,중앙병원 3,6,21,17
29888,3,7,11,중앙병원 3,6,21,18
29891,4,6,11,중앙병원 3,6,21,18
29908,3,7,11,중앙병원 3,6,21,18
29910,4,6,11,중앙병원 3,6,21,18
29910,4,6,11,중앙병원 3,6,21,18
29931,4,6,11,중앙병원 3,6,21,18
29954,3,6,11,중앙병원 3,6,21,19
29968,4,5,11,중앙병원 3,6,21,19
29976,4,6,11,중앙병원 3,6,21,19
29993,4,7,11,중앙병원 3,6,21,19
29993,4,7,11,중앙병원 3,6,21,19
30010,3,7,11,중앙병원 3,6,21,20
30016,3,6,11,중앙병원 3,6,21,20
30030,3,5,11,중앙병원 3,6,21,20
30033,3,4,11,중앙병원 3,6,21,20
30084,3,4,11,중앙병원 3,6,21,21
30101,4,4,11,중앙병원 3,6,21,21
30102,2,4,11,중앙병원 3,6,21,21
30114,3,4,10,중앙병원 3,6,21,21
30116,3,3,10,중앙병원 3,6,21,21
30120,4,2,10,중앙병원 3,6,21,22
30135,4,2,10,중앙병원 3,6,21,22
30136,3,2,10,중앙병원 3,6,21,22
30145,3,1,10,중앙병원 3,6,21,22
30147,3,0,10,중앙병원 3,6,21,22
30155,4,0,10,중앙병원 3,6,21,22
30163,4,0,10,중앙병원 3,6,21,22
30179,3,0,10,중앙병원 3,6,21,22
30198,4,0,10,중앙병원 3,6,21,23
30207,5,0,10,중앙병원 3,6,21,23
30228,3,2,10,중앙병원 3,6,21,23
30231,5,1,10,중앙병원 3,6,21,23
30238,3,2,10,중앙병원 3,6,21,23
30242,3,1,10,중앙병원 3,0,22,0
30263,4,0,11,중앙병원 3,0,22,0
30271,3,0,11,중앙병원 3,0,22,0
30324,4,2,11,중앙병원 3,0,22,1
30331,3,2,11,중앙병원 3,0,22,1
30394,4,3,11,중앙병원 3,0,22,2
30396,4,3,11,중앙병원 3,0,22,2
30404,2,4,11,중앙병원 3,0,22,2
30470,4,8,10,중앙병원 3,0,22,3
30508,2,9,10,중앙병원 3,0,22,4
30621,4,12,10,중앙병원 3,0,22,6
30656,4,13,11,중앙병원 3,0,22,6
30658,3,13,11,중앙병원 3,0,22,6
30662,3,12,11,중앙병원 3,0,22,7
30693,4,11,11,중앙병원 3,0,22,7
30712,2,11,11,중앙병원 3,0,22,7
30725,4,11,10,중앙병원 3,0,22,8
30741,3,11,10,중앙병원 3,0,22,8
30750,3,10,10,중앙병원 3,0,22,8
30768,3,9,10,중앙병원 3,0,22,8
30779,5,8,10,중앙병원 3,0,22,8
30785,4,7,11,중앙병원 3,0,22,9
30789,3,7,11,중앙병원 3,0,22,9
30812,1,6,11,중앙병원 3,0,22,9
30836,4,6,10,중앙병원 3,0,22,9
30868,4,6,10,중앙병원 3,0,22,10
30888,4,6,10,중앙병원 3,0,22,10
30918,4,7,10,중앙병원 3,0,22,11
30928,4,7,11,중앙병원 3,0,22,11
30939,4,7,11,중앙병원 3,0,22,11
30945,3,7,11,중앙병원 3,0,22,11
30960,2,6,11,중앙병원 3,0,22,12
30969,3,6,10,중앙병원 3,0,22,12
30969,3,5,10,중앙병원 3,0,22,12
30974,5,4,10,중앙병원 3,0,22,12
30987,3,4,10,중앙병원 3,0,22,12
30991,3,3,10,중앙병원 3,0,22,12
30996,3,2,10,중앙병원 3,0,22,12
31017,3,1,10,중앙병원 3,0,22,12
31033,2,1,10,중앙병원 3,0,22,13
31035,5,1,9,중앙병원 3,0,22,13
31041,3,1,9,중앙병원 3,0,22,13
31053,4,0,9,중앙병원 3,0,22,13
31055,1,0,9,중앙병원 3,0,22,13
31056,3,0,8,중앙병원 3,0,22,13
31081,3,0,8,중앙병원 3,0,22,14
31091,3,0,8,중앙병원 3,0,22,14
31125,3,0,8,중앙병원 3,0,22,14
31129,5,0,8,중앙병원 3,0,22,14
31140,3,0,9,중앙병원 3,0,22,15
31163,3,0,9,중앙병원 3,0,22,15
31185,4,0,10,중앙병원 3,0,22,15
31202,1,0,10,중앙병원 3,0,22,16
31209,3,0,9,중앙병원 3,0,22,16
31226,3,0,10,중앙병원 3,0,22,16
31233,2,0,10,중앙병원 3,0,22,16
31288,5,0,9,중앙병원 3,0,22,17
31297,5,0,9,중앙병원 3,0,22,17
31307,3,0,9,중앙병원 3,0,22,17
31307,3,0,9,중앙병원 3,0,22,17
31313,2,0,10,중앙병원 3,0,22,17
31317,4,0,9,중앙병원 3,0,22,17
31360,2,0,10,중앙병원 3,0,22,18
31366,4,0,9,중앙병원 3,0,22,18
31368,3,0,9,중앙병원 3,0,22,18
31376,2,0,9,중앙병원 3,0,22,18
31393,3,0,8,중앙병원 3,0,22,19
31395,3,0,8,중앙병원 3,0,22,19
31401,4,0,8,중앙병원 3,0,22,19
31413,5,0,8,중앙병원 3,0,22,19
31424,3,0,8,중앙병원 3,0,22,19
31430,3,0,8,중앙병원 3,0,22,19
31444,3,0,9,중앙병원 3,0,22,20
31446,4,0,9,중앙병원 3,0,22,20
31458,3,0,9,중앙병원 3,0,22,20
31483,4,0,10,중앙병원 3,0,22,20
31520,5,0,10,중앙병원 3,0,22,21
31591,3,0,11,중앙병원 3,0,22,22
31595,3,0,11,중앙병원 3,0,22,22
31609,2,0,11,중앙병원 3,0,22,22
31624,4,0,10,중앙병원 3,0,22,23
31641,3,0,10,중앙병원 3,0,22,23
31647,3,0,10,중앙병원 3,0,22,23
31664,2,0,10,중앙병원 3,0,22,23
31677,4,0,9,중앙병원 3,0,22,23
31737,3,0,9,중앙병원 3,1,23,0
31760,2,0,10,중앙병원 3,1,23,1
31823,5,0,9,중앙병원 3,1,23,2
31824,3,0,9,중앙병원 3,1,23,2
31875,3,0,10,중앙병원 3,1,23,3
31961,4,4,11,중앙병원 3,1,23,4
32024,3,5,11,중앙병원 3,1,23,5
32028,5,5,11,중앙병원 3,1,23,5
32044,5,5,11,중앙병원 3,1,23,6
32074,3,5,11,중앙병원 3,1,23,6
32091,4,6,11,중앙병원 3,1,23,6
32151,4,8,11,중앙병원 3,1,23,7
32154,2,8,11,중앙병원 3,1,23,7
32199,5,9,10,중앙병원 3,1,23,8
32208,1,9,10,중앙병원 3,1,23,8
32234,4,10,9,중앙병원 3,1,23,9
32241,4,10,9,중앙병원 3,1,23,9
32252,4,11,9,중앙병원 3,1,23,9
32254,3,11,9,중앙병원 3,1,23,9
32256,3,10,9,중앙병원 3,1,23,9
32257,3,9,9,중앙병원 3,1,23,9
32269,3,7,10,중앙병원 3,1,23,9
32282,5,6,10,중앙병원 3,1,23,10
32304,3,6,10,중앙병원 3,1,23,10
32338,4,6,10,중앙병원 3,1,23,10
32344,3,6,10,중앙병원 3,1,23,11
32346,4,5,10,중앙병원 3,1,23,11
32349,3,6,10,중앙병원 3,1,23,11
32400,3,4,11,중앙병원 3,1,23,12
32406,4,3,11,중앙병원 3,1,23,12
32416,2,3,11,중앙병원 3,1,23,12
32417,4,3,10,중앙병원 3,1,23,12
32417,3,3,10,중앙병원 3,1,23,12
32482,3,3,10,중앙병원 3,1,23,13
32516,3,2,11,중앙병원 3,1,23,13
32553,3,2,11,중앙병원 3,1,23,14
32554,3,1,11,중앙병원 3,1,23,14
32571,3,0,11,중앙병원 3,1,23,14
32596,4,0,11,중앙병원 3,1,23,15
32627,2,1,11,중앙병원 3,1,23,15
32634,2,1,10,중앙병원 3,1,23,15
32639,2,2,9,중앙병원 3,1,23,15
32668,3,3,8,중앙병원 3,1,23,16
32694,3,3,8,중앙병원 3,1,23,16
32704,3,1,9,중앙병원 3,1,23,17
32709,1,1,9,중앙병원 3,1,23,17
32723,3,1,8,중앙병원 3,1,23,17
32742,3,2,8,중앙병원 3,1,23,17
32747,4,1,8,중앙병원 3,1,23,17
32767,3,0,10,중앙병원 3,1,23,18
32820,4,0,10,중앙병원 3,1,23,19
32878,5,1,10,중앙병원 3,1,23,19
32919,3,0,11,중앙병원 3,1,23,20
32922,2,0,11,중앙병원 3,1,23,20
32927,3,0,10,중앙병원 3,1,23,20
32931,3,0,10,중앙병원 3,1,23,20
32933,2,0,10,중앙병원 3,1,23,20
32955,3,0,9,중앙병원 3,1,23,21
33021,2,1,11,중앙병원 3,1,23,22
33030,4,1,10,중앙병원 3,1,23,22
33036,1,1,10,중앙병원 3,1,23,22
33050,3,1,9,중앙병원 3,1,23,22
33113,2,0,9,중앙병원 3,1,23,23
33122,3,0,8,중앙병원 3,2,24,0
33156,3,0,8,중앙병원 3,2,24,0
33202,3,0,10,중앙병원 3,2,24,1
33203,2,0,10,중앙병원 3,2,24,1
33213,3,0,9,중앙병원 3,2,24,1
33263,5,0,10,중앙병원 3,2,24,2
33383,4,2,11,중앙병원 3,2,24,4
33405,2,2,11,중앙병원 3,2,24,4
33573,3,5,11,중앙병원 3,2,24,7
33721,3,7,11,중앙병원 3,2,24,10
33722,3,6,11,중앙병원 3,2,24,10
33723,1,5,11,중앙병원 3,2,24,10
33759,4,6,10,중앙병원 3,2,24,10
33771,2,6,10,중앙병원 3,2,24,10
33845,3,7,9,중앙병원 3,2,24,12
33857,3,6,9,중앙병원 3,2,24,12
33858,3,5,9,중앙병원 3,2,24,12
33881,3,3,10,중앙병원 3,2,24,12
33924,4,1,11,중앙병원 3,2,24,13
33937,2,1,11,중앙병원 3,2,24,13
33954,4,2,10,중앙병원 3,2,24,13
34020,3,4,10,중앙병원 3,2,24,15
34042,3,4,10,중앙병원 3,2,24,15
34060,2,4,10,중앙병원 3,2,24,15
34073,3,3,10,중앙병원 3,2,24,15
34083,3,2,10,중앙병원 3,2,24,16
34098,3,1,10,중앙병원 3,2,24,16
34112,3,1,10,중앙병원 3,2,24,16
34137,3,0,10,중앙병원 3,2,24,16
34137,3,0,10,중앙병원 3,2,24,16
34169,4,0,11,중앙병원 3,2,24,17
34177,4,0,11,중앙병원 3,2,24,17
34205,4,0,11,중앙병원 3,2,24,18
34213,5,0,11,중앙병원 3,2,24,18
34216,3,0,11,중앙병원 3,2,24,18
34244,2,0,11,중앙병원 3,2,24,18
34276,2,2,10,중앙병원 3,2,24,19
34329,5,2,10,중앙병원 3,2,24,20
34338,3,2,10,중앙병원 3,2,24,20
34340,3,1,10,중앙병원 3,2,24,20
34343,3,0,10,중앙병원 3,2,24,20
34373,4,0,10,중앙병원 3,2,24,20
34424,3,0,11,중앙병원 3,2,24,21
34453,5,0,11,중앙병원 3,2,24,22
34454,3,0,11,중앙병원 3,2,24,22
34483,3,0,11,중앙병원 3,2,24,22
34523,1,1,11,중앙병원 3,2,24,23
34531,2,2,10,중앙병원 3,2,24,23
34555,3,3,9,중앙병원 3,2,24,23
34568,5,2,9,중앙병원 3,3,25,0
34684,3,1,11,중앙병원 3,3,25,2
34737,3,3,11,중앙병원 3,3,25,2
34740,3,2,11,중앙병원 3,3,25,3
34872,3,6,11,중앙병원 3,3,25,5
34953,2,6,11,중앙병원 3,3,25,6
35021,2,8,10,중앙병원 3,3,25,7
35286,3,11,11,중앙병원 3,3,25,12
35312,3,10,11,중앙병원 3,3,25,12
35352,1,9,11,중앙병원 3,3,25,13
35401,5,10,10,중앙병원 3,3,25,14
35413,3,10,10,중앙병원 3,3,25,14
35414,3,9,10,중앙병원 3,3,25,14
35430,2,9,10,중앙병원 3,3,25,14
35432,3,9,9,중앙병원 3,3,25,14
35441,4,8,9,중앙병원 3,3,25,14
35476,3,8,9,중앙병원 3,3,25,15
35480,2,7,9,중앙병원 3,3,25,15
35492,2,7,8,중앙병원 3,3,25,15
35499,5,8,7,중앙병원 3,3,25,15
35502,3,8,7,중앙병원 3,3,25,15
35524,3,6,8,중앙병원 3,3,25,16
35555,3,5,8,중앙병원 3,3,25,16
35561,4,3,9,중앙병원 3,3,25,16
35563,2,3,9,중앙병원 3,3,25,16
35579,3,3,8,중앙병원 3,3,25,16
35582,3,2,8,중앙병원 3,3,25,17
35585,2,1,8,중앙병원 3,3,25,17
35600,4,1,7,중앙병원 3,3,25,17
35616,3,1,7,중앙병원 3,3,25,17
35629,4,0,7,중앙병원 3,3,25,17
35629,3,0,7,중앙병원 3,3,25,17
35639,4,0,8,중앙병원 3,3,25,17
35661,3,0,10,중앙병원 3,3,25,18
35704,3,0,10,중앙병원 3,3,25,19
35705,4,0,10,중앙병원 3,3,25,19
35721,4,0,10,중앙병원 3,3,25,19
35760,3,0,11,중앙병원 3,3,25,20
35775,2,0,11,중앙병원 3,3,25,20
35802,4,0,10,중앙병원 3,3,25,20
35850,3,0,10,중앙병원 3,3,25,21
35859,3,0,10,중앙병원 3,3,25,21
35875,4,0,10,중앙병원 3,3,25,21
35884,3,0,10,중앙병원 3,3,25,22
35932,3,0,10,중앙병원 3,3,25,22
35955,5,0,11,중앙병원 3,3,25,23
35968,2,0,11,중앙병원 3,3,25,23
35971,4,0,10,중앙병원 3,3,25,23
35986,3,0,10,중앙병원 3,3,25,23
35992,3,0,10,중앙병원 3,3,25,23
36139,4,0,11,중앙병원 3,4,26,2
36303,4,4,11,중앙병원 3,4,26,5
36385,3,7,11,중앙병원 3,4,26,6
36388,3,6,11,중앙병원 3,4,26,6
36405,4,5,11,중앙병원 3,4,26,6
36522,4,8,11,중앙병원 3,4,26,8
36528,2,8,11,중앙병원 3,4,26,8
36639,4,8,10,중앙병원 3,4,26,10
36646,3,8,10,중앙병원 3,4,26,10
36678,3,9,11,중앙병원 3,4,26,11
36704,3,9,11,중앙병원 3,4,26,11
36733,2,9,11,중앙병원 3,4,26,12
36734,4,9,10,중앙병원 3,4,26,12
36761,3,10,10,중앙병원 3,4,26,12
36804,2,10,10,중앙병원 3,4,26,13
36850,5,10,9,중앙병원 3,4,26,14
36859,3,10,9,중앙병원 3,4,26,14
36873,3,8,10,중앙병원 3,4,26,14
36877,3,7,10,중앙병원 3,4,26,14
36907,4,6,10,중앙병원 3,4,26,15
36933,4,8,10,중앙병원 3,4,26,15
36946,4,8,10,중앙병원 3,4,26,15
36967,3,8,11,중앙병원 3,4,26,16
36982,4,7,11,중앙병원 3,4,26,16
36986,4,7,11,중앙병원 3,4,26,16
37044,4,8,11,중앙병원 3,4,26,17
37123,3,9,11,중앙병원 3,4,26,18
37131,2,8,11,중앙병원 3,4,26,18
37177,4,9,10,중앙병원 3,4,26,19
37245,3,9,11,중앙병원 3,4,26,20
37292,3,10,11,중앙병원 3,4,26,21
37316,2,9,11,중앙병원 3,4,26,21
37338,4,9,10,중앙병원 3,4,26,22
37488,4,9,11,중앙병원 3,5,27,0
37583,3,10,11,중앙병원 3,5,27,2
37708,3,12,11,중앙병원 3,5,27,4
37867,1,13,11,중앙병원 3,5,27,7
37888,2,13,10,중앙병원 3,5,27,7
37901,3,13,9,중앙병원 3,5,27,7
37981,3,13,9,중앙병원 3,5,27,9
37999,4,11,10,중앙병원 3,5,27,9
38021,5,11,10,중앙병원 3,5,27,9
38030,3,11,10,중앙병원 3,5,27,9
38032,3,10,10,중앙병원 3,5,27,9
38043,3,9,10,중앙병원 3,5,27,10
38046,3,8,10,중앙병원 3,5,27,10
38054,3,6,11,중앙병원 3,5,27,10
38069,2,5,11,중앙병원 3,5,27,10
38110,3,5,10,중앙병원 3,5,27,11
38119,1,5,10,중앙병원 3,5,27,11
38135,2,5,9,중앙병원 3,5,27,11
38159,3,4,9,중앙병원 3,5,27,11
38162,5,4,9,중앙병원 3,5,27,12
38165,4,4,9,중앙병원 3,5,27,12
38192,4,3,10,중앙병원 3,5,27,12
38210,3,3,10,중앙병원 3,5,27,12
38210,3,2,10,중앙병원 3,5,27,12
38269,3,0,11,중앙병원 3,5,27,13
38271,3,0,11,중앙병원 3,5,27,13
38280,3,0,11,중앙병원 3,5,27,14
38312,4,0,11,중앙병원 3,5,27,14
38355,3,0,11,중앙병원 3,5,27,15
38382,3,0,11,중앙병원 3,5,27,15
38425,4,0,11,중앙병원 3,5,27,16
38431,5,0,11,중앙병원 3,5,27,16
38439,2,0,11,중앙병원 3,5,27,16
38449,3,0,10,중앙병원 3,5,27,16
38498,4,0,10,중앙병원 3,5,27,17
38502,4,0,10,중앙병원 3,5,27,17
38504,4,0,11,중앙병원 3,5,27,17
38526,4,1,11,중앙병원 3,5,27,18
38598,4,3,11,중앙병원 3,5,27,19
38625,5,5,11,중앙병원 3,5,27,19
38634,3,5,11,중앙병원 3,5,27,19
38667,2,4,11,중앙병원 3,5,27,20
38670,3,5,10,중앙병원 3,5,27,20
38712,3,6,10,중앙병원 3,5,27,21
38715,4,5,10,중앙병원 3,5,27,21
38718,3,5,10,중앙병원 3,5,27,21
38730,3,5,10,중앙병원 3,5,27,21
38737,3,5,10,중앙병원 3,5,27,21
38744,3,4,10,중앙병원 3,5,27,21
38753,3,3,10,중앙병원 3,5,27,21
38753,4,2,10,중앙병원 3,5,27,21
38782,3,5,10,중앙병원 3,5,27,22
38784,3,4,10,중앙병원 3,5,27,22
38802,3,2,11,중앙병원 3,5,27,22
38837,3,1,11,중앙병원 3,5,27,23
38845,5,0,11,중앙병원 3,5,27,23
38849,3,0,11,중앙병원 3,5,27,23
38866,3,0,11,중앙병원 3,5,27,23
38947,2,1,11,중앙병원 3,6,28,1
38965,4,1,10,중앙병원 3,6,28,1
38971,3,1,10,중앙병원 3,6,28,1
38974,4,0,10,중앙병원 3,6,28,1
38997,3,3,10,중앙병원 3,6,28,1
39017,5,2,10,중앙병원 3,6,28,2
39021,3,2,10,중앙병원 3,6,28,2
39091,4,5,10,중앙병원 3,6,28,3
39147,2,5,11,중앙병원 3,6,28,4
39148,3,5,10,중앙병원 3,6,28,4
39171,4,5,10,중앙병원 3,6,28,4
39181,3,5,10,중앙병원 3,6,28,5
39216,3,5,11,중앙병원 3,6,28,5
39254,3,6,11,중앙병원 3,6,28,6
39323,4,7,11,중앙병원 3,6,28,7
39352,4,7,11,중앙병원 3,6,28,7
39358,3,7,11,중앙병원 3,6,28,7
39391,3,7,11,중앙병원 3,6,28,8
39400,4,7,11,중앙병원 3,6,28,8
39440,3,8,11,중앙병원 3,6,28,9
39445,4,7,11,중앙병원 3,6,28,9
39446,5,7,11,중앙병원 3,6,28,9
39463,2,7,11,중앙병원 3,6,28,9
39485,4,7,10,중앙병원 3,6,28,10
39486,2,7,10,중앙병원 3,6,28,10
39491,4,8,9,중앙병원 3,6,28,10
39503,2,8,9,중앙병원 3,6,28,10
39542,3,8,8,중앙병원 3,6,28,11
39550,3,8,8,중앙병원 3,6,28,11
39569,3,7,8,중앙병원 3,6,28,11
39573,3,6,8,중앙병원 3,6,28,11
39593,3,5,8,중앙병원 3,6,28,11
39595,4,3,9,중앙병원 3,6,28,11
39597,3,3,9,중앙병원 3,6,28,11
39601,2,3,9,중앙병원 3,6,28,12
39608,2,3,8,중앙병원 3,6,28,12
39618,3,4,7,중앙병원 3,6,28,12
39630,2,2,8,중앙병원 3,6,28,12
39633,3,2,7,중앙병원 3,6,28,12
39642,3,1,7,중앙병원 3,6,28,12
39651,3,0,8,중앙병원 3,6,28,12
39654,2,0,8,중앙병원 3,6,28,12
39662,2,0,7,중앙병원 3,6,28,13
39682,4,0,6,중앙병원 3,6,28,13
39694,3,0,7,중앙병원 3,6,28,13
39755,3,0,9,중앙병원 3,6,28,14
39779,4,0,9,중앙병원 3,6,28,14
39785,3,0,9,중앙병원 3,6,28,15
39804,3,0,10,중앙병원 3,6,28,15
39820,2,0,10,중앙병원 3,6,28,15
39846,5,0,10,중앙병원 3,6,28,16
39866,3,0,10,중앙병원 3,6,28,16
39875,4,0,10,중앙병원 3,6,28,16
39888,2,0,10,중앙병원 3,6,28,16
39896,4,0,9,중앙병원 3,6,28,16
39903,5,0,9,중앙병원 3,6,28,17
39932,3,0,9,중앙병원 3,6,28,17
39932,3,0,9,중앙병원 3,6,28,17
39941,4,0,9,중앙병원 3,6,28,17
39959,2,1,9,중앙병원 3,6,28,17
39961,3,1,8,중앙병원 3,6,28,18
39986,3,0,9,중앙병원 3,6,28,18
40007,3,0,9,중앙병원 3,6,28,18
40031,2,0,9,중앙병원 3,6,28,19
40041,3,0,8,중앙병원 3,6,28,19
40046,2,0,8,중앙병원 3,6,28,19
40058,2,0,8,중앙병원 3,6,28,19
40087,3,0,8,중앙병원 3,6,28,20
40105,4,0,8,중앙병원 3,6,28,20
40113,3,0,8,중앙병원 3,6,28,20
40117,5,0,8,중앙병원 3,6,28,20
40126,5,0,9,중앙병원 3,6,28,20
40130,5,0,9,중앙병원 3,6,28,20
40147,3,0,9,중앙병원 3,6,28,21
40150,3,0,9,중앙병원 3,6,28,21
40151,4,0,9,중앙병원 3,6,28,21
40165,3,0,9,중앙병원 3,6,28,21
40188,3,0,10,중앙병원 3,6,28,21
40192,3,0,10,중앙병원 3,6,28,21
40196,4,0,10,중앙병원 3,6,28,21
40225,3,0,11,중앙병원 3,6,28,22
40270,3,0,11,중앙병원 3,6,28,23
40275,3,0,11,중앙병원 3,6,28,23
40279,5,0,11,중앙병원 3,6,28,23
40307,3,0,11,중앙병원 3,6,28,23
40310,3,0,11,중앙병원 3,6,28,23
40314,4,0,11,중앙병원 3,6,28,23
40330,3,0,11,중앙병원 3,0,29,0
40379,3,0,11,중앙병원 3,0,29,0
40386,3,0,11,중앙병원 3,0,29,1
40388,4,0,11,중앙병원 3,0,29,1
40388,4,0,11,중앙병원 3,0,29,1
40422,5,0,11,중앙병원 3,0,29,1
40427,4,0,11,중앙병원 3,0,29,1
40431,3,0,11,중앙병원 3,0,29,1
40506,4,0,11,중앙병원 3,0,29,3
40536,4,0,11,중앙병원 3,0,29,3
40561,3,0,11,중앙병원 3,0,29,4
40574,3,0,11,중앙병원 3,0,29,4
40618,3,0,11,중앙병원 3,0,29,4
40618,2,0,11,중앙병원 3,0,29,4
40640,3,0,10,중앙병원 3,0,29,5
40643,5,0,10,중앙병원 3,0,29,5
40787,3,0,11,중앙병원 3,0,29,7
40812,4,0,11,중앙병원 3,0,29,8
40845,3,0,11,중앙병원 3,0,29,8
40861,2,0,11,중앙병원 3,0,29,9
40872,4,0,10,중앙병원 3,0,29,9
40902,3,0,10,중앙병원 3,0,29,9
40934,3,0,10,중앙병원 3,0,29,10
40957,5,0,11,중앙병원 3,0,29,10
40964,3,0,11,중앙병원 3,0,29,10
40966,4,0,11,중앙병원 3,0,29,10
40967,3,0,11,중앙병원 3,0,29,10
40977,3,0,11,중앙병원 3,0,29,10
40979,3,0,11,중앙병원 3,0,29,10
40984,3,0,11,중앙병원 3,0,29,11
41054,3,0,11,중앙병원 3,0,29,12
41056,5,0,11,중앙병원 3,0,29,12
41068,3,0,11,중앙병원 3,0,29,12
41070,2,0,11,중앙병원 3,0,29,12
41088,3,0,10,중앙병원 3,0,29,12
41100,3,0,10,중앙병원 3,0,29,13
41111,3,0,10,중앙병원 3,0,29,13
41155,4,0,10,중앙병원 3,0,29,13
41173,4,0,10,중앙병원 3,0,29,14
41178,3,0,10,중앙병원 3,0,29,14
41185,4,0,10,중앙병원 3,0,29,14
41207,2,0,11,중앙병원 3,0,29,14
41208,4,0,10,중앙병원 3,0,29,14
41231,4,0,10,중앙병원 3,0,29,15
41235,3,0,10,중앙병원 3,0,29,15
41236,3,0,10,중앙병원 3,0,29,15
41281,5,0,10,중앙병원 3,0,29,16
41286,3,0,10,중앙병원 3,0,29,16
41312,3,0,10,중앙병원 3,0,29,16
41338,3,0,11,중앙병원 3,0,29,16
41347,1,0,11,중앙병원 3,0,29,17
41352,5,0,10,중앙병원 3,0,29,17
41360,4,0,10,중앙병원 3,0,29,17
41370,4,0,10,중앙병원 3,0,29,17
41375,4,0,10,중앙병원 3,0,29,17
41380,3,0,10,중앙병원 3,0,29,17
41406,3,0,10,중앙병원 3,0,29,18
41435,3,0,10,중앙병원 3,0,29,18
41453,3,0,10,중앙병원 3,0,29,18
41488,3,0,11,중앙병원 3,0,29,19
41500,3,0,11,중앙병원 3,0,29,19
41517,5,0,11,중앙병원 3,0,29,19
41520,5,0,11,중앙병원 3,0,29,20
41525,3,0,11,중앙병원 3,0,29,20
41526,5,0,11,중앙병원 3,0,29,20
41543,3,0,11,중앙병원 3,0,29,20
41574,3,0,11,중앙병원 3,0,29,20
41586,2,0,11,중앙병원 3,0,29,21
41594,3,0,10,중앙병원 3,0,29,21
41637,4,0,10,중앙병원 3,0,29,21
41641,3,0,10,중앙병원 3,0,29,22
41669,2,0,10,중앙병원 3,0,29,22
41671,3,0,9,중앙병원 3,0,29,22
41679,3,0,9,중앙병원 3,0,29,22
41705,3,0,9,중앙병원 3,0,29,23
41709,3,0,9,중앙병원 3,0,29,23
41723,3,0,9,중앙병원 3,0,29,23
41750,3,0,10,중앙병원 3,0,29,23
41771,3,0,10,중앙병원 3,1,30,0
41790,5,0,10,중앙병원 3,1,30,0
41793,1,0,10,중앙병원 3,1,30,0
41838,3,0,10,중앙병원 3,1,30,1
41917,4,0,10,중앙병원 3,1,30,2
41961,3,0,11,중앙병원 3,1,30,3
41985,3,0,11,중앙병원 3,1,30,3
42017,3,0,11,중앙병원 3,1,30,4
42049,3,0,11,중앙병원 3,1,30,4
42054,2,0,11,중앙병원 3,1,30,4
42168,3,0,10,중앙병원 3,1,30,6
42189,4,0,10,중앙병원 3,1,30,7
42191,3,0,10,중앙병원 3,1,30,7
42224,3,0,11,중앙병원 3,1,30,7
42270,3,0,11,중앙병원 3,1,30,8
42272,3,0,11,중앙병원 3,1,30,8
42280,3,0,11,중앙병원 3,1,30,8
42285,3,0,11,중앙병원 3,1,30,8
42388,4,0,11,중앙병원 3,1,30,10
42422,3,0,11,중앙병원 3,1,30,11
42431,4,0,11,중앙병원 3,1,30,11
42463,3,0,11,중앙병원 3,1,30,11
42479,5,0,11,중앙병원 3,1,30,11
42505,3,0,11,중앙병원 3,1,30,12
42506,3,0,11,중앙병원 3,1,30,12
42513,4,0,11,중앙병원 3,1,30,12
42566,3,1,11,중앙병원 3,1,30,13
42601,3,1,11,중앙병원 3,1,30,14
42623,3,2,11,중앙병원 3,1,30,14
42647,3,2,11,중앙병원 3,1,30,14
42676,3,1,11,중앙병원 3,1,30,15
42687,3,1,11,중앙병원 3,1,30,15
42697,3,0,11,중앙병원 3,1,30,15
42728,3,0,11,중앙병원 3,1,30,16
42733,2,0,11,중앙병원 3,1,30,16
42767,3,1,10,중앙병원 3,1,30,16
42823,5,2,10,중앙병원 3,1,30,17
42837,5,2,10,중앙병원 3,1,30,17
42841,2,2,10,중앙병원 3,1,30,18
42857,4,2,9,중앙병원 3,1,30,18
42868,2,5,9,중앙병원 3,1,30,18
42869,3,5,8,중앙병원 3,1,30,18
42879,4,4,8,중앙병원 3,1,30,18
42884,3,4,8,중앙병원 3,1,30,18
42896,5,3,8,중앙병원 3,1,30,18
42910,3,5,8,중앙병원 3,1,30,19
42919,4,3,9,중앙병원 3,1,30,19
42938,3,3,9,중앙병원 3,1,30,19
42942,4,1,10,중앙병원 3,1,30,19
42952,3,0,11,중앙병원 3,1,30,19
42963,4,0,11,중앙병원 3,1,30,20
42965,4,0,11,중앙병원 3,1,30,20
42968,4,0,11,중앙병원 3,1,30,20
42977,3,1,11,중앙병원 3,1,30,20
43015,3,1,11,중앙병원 3,1,30,20
43054,3,2,11,중앙병원 3,1,30,21
43138,5,3,11,중앙병원 3,1,30,22
43144,5,3,11,중앙병원 3,1,30,23
43177,2,5,11,중앙병원 3,1,30,23
43200,4,5,10,중앙병원 3,2,31,0
43284,3,7,11,중앙병원 3,2,31,1
43293,3,6,11,중앙병원 3,2,31,1
43305,3,6,11,중앙병원 3,2,31,1
43314,4,7,11,중앙병원 3,2,31,1
43372,3,7,11,중앙병원 3,2,31,2
43437,3,8,11,중앙병원 3,2,31,3
43560,3,8,11,중앙병원 3,2,31,6
43587,4,7,11,중앙병원 3,2,31,6
43634,3,10,11,중앙병원 3,2,31,7
43676,5,11,11,중앙병원 3,2,31,7
43677,4,11,11,중앙병원 3,2,31,7
43759,3,12,11,중앙병원 3,2,31,9
43768,3,11,11,중앙병원 3,2,31,9
43776,3,10,11,중앙병원 3,2,31,9
43788,2,10,11,중앙병원 3,2,31,9
43794,5,10,10,중앙병원 3,2,31,9
43802,3,10,10,중앙병원 3,2,31,10
43814,3,9,10,중앙병원 3,2,31,10
43839,2,8,10,중앙병원 3,2,31,10
43841,3,8,9,중앙병원 3,2,31,10
43860,3,7,9,중앙병원 3,2,31,11
43949,4,6,9,중앙병원 3,2,31,12
43988,3,4,11,중앙병원 3,2,31,13
43988,3,3,11,중앙병원 3,2,31,13
44002,4,3,11,중앙병원 3,2,31,13
44007,3,4,11,중앙병원 3,2,31,13
44012,3,3,11,중앙병원 3,2,31,13
44028,4,2,11,중앙병원 3,2,31,13
44052,5,4,11,중앙병원 3,2,31,14
44057,3,4,11,중앙병원 3,2,31,14
44063,3,4,11,중앙병원 3,2,31,14
44065,3,3,11,중앙병원 3,2,31,14
44093,4,3,11,중앙병원 3,2,31,14
44217,5,6,11,중앙병원 3,2,31,16
44252,3,8,11,중앙병원 3,2,31,17
44267,4,7,11,중앙병원 3,2,31,17
44273,3,7,11,중앙병원 3,2,31,17
44354,3,8,11,중앙병원 3,2,31,19
44356,3,7,11,중앙병원 3,2,31,19
44357,3,6,11,중앙병원 3,2,31,19
44383,4,5,11,중앙병원 3,2,31,19
44389,1,6,11,중앙병원 3,2,31,19
44433,2,7,10,중앙병원 3,2,31,20
44450,5,7,9,중앙병원 3,2,31,20
44489,5,9,9,중앙병원 3,2,31,21
44506,3,10,9,중앙병원 3,2,31,21
44535,3,9,9,중앙병원 3,2,31,22
44548,3,7,10,중앙병원 3,2,31,22
44558,4,6,11,중앙병원 3,2,31,22
44562,4,6,11,중앙병원 3,2,31,22
44564,4,6,11,중앙병원 3,2,31,22
44619,3,8,11,중앙병원 3,2,31,23
44643,3,7,11,중앙병원 3,3,32,0
44688,5,6,11,중앙병원 3,3,32,0
44821,4,11,11,중앙병원 3,3,32,3
44927,4,13,11,중앙병원 3,3,32,4
45061,4,13,11,중앙병원 3,3,32,7
45070,3,13,11,중앙병원 3,3,32,7
45080,5,12,11,중앙병원 3,3,32,7
45139,4,13,11,중앙병원 3,3,32,8
45176,4,13,11,중앙병원 3,3,32,8
45219,4,13,11,중앙병원 3,3,32,9
45354,3,14,11,중앙병원 3,3,32,11
45361,4,13,11,중앙병원 3,3,32,12
45362,2,13,11,중앙병원 3,3,32,12
45365,3,13,10,중앙병원 3,3,32,12
45404,3,12,10,중앙병원 3,3,32,12
45430,3,11,10,중앙병원 3,3,32,13
45452,2,10,10,중앙병원 3,3,32,13
45454,3,10,9,중앙병원 3,3,32,13
45493,4,9,9,중앙병원 3,3,32,14
45504,4,9,9,중앙병원 3,3,32,14
45561,3,7,11,중앙병원 3,3,32,15
45573,3,6,11,중앙병원 3,3,32,15
45584,4,5,11,중앙병원 3,3,32,15
45594,3,5,11,중앙병원 3,3,32,15
45657,3,7,11,중앙병원 3,3,32,16
45671,2,7,11,중앙병원 3,3,32,17
45727,3,8,10,중앙병원 3,3,32,18
45732,5,7,10,중앙병원 3,3,32,18
45737,3,7,10,중앙병원 3,3,32,18
45781,3,7,11,중앙병원 3,3,32,19
45815,4,6,11,중앙병원 3,3,32,19
45873,3,8,11,중앙병원 3,3,32,20
45874,2,7,11,중앙병원 3,3,32,20
45903,3,7,10,중앙병원 3,3,32,21
45917,5,6,10,중앙병원 3,3,32,21
45925,4,6,10,중앙병원 3,3,32,21
45954,3,6,10,중앙병원 3,3,32,21
45958,3,5,10,중앙병원 3,3,32,21
45967,4,4,10,중앙병원 3,3,32,22
45971,3,4,10,중앙병원 3,3,32,22
45976,3,3,10,중앙병원 3,3,32,22
46078,3,5,11,중앙병원 3,3,32,23
46090,3,4,11,중앙병원 3,4,33,0
46116,3,3,11,중앙병원 3,4,33,0
46118,3,2,11,중앙병원 3,4,33,0
46119,3,1,11,중앙병원 3,4,33,0
46152,1,1,11,중앙병원 3,4,33,1
46183,2,2,10,중앙병원 3,4,33,1
46201,2,4,9,중앙병원 3,4,33,2
46289,3,4,10,중앙병원 3,4,33,3
46318,3,3,11,중앙병원 3,4,33,3
46414,4,5,11,중앙병원 3,4,33,5
46515,3,8,11,중앙병원 3,4,33,7
46539,3,7,11,중앙병원 3,4,33,7
46549,3,6,11,중앙병원 3,4,33,7
46676,3,7,11,중앙병원 3,4,33,9
46746,5,7,11,중앙병원 3,4,33,11
46795,5,9,11,중앙병원 3,4,33,11
46822,3,10,11,중앙병원 3,4,33,12
46831,3,9,11,중앙병원 3,4,33,12
46837,3,8,11,중앙병원 3,4,33,12
46980,4,8,11,중앙병원 3,4,33,15
46998,4,8,11,중앙병원 3,4,33,15
46999,5,8,11,중앙병원 3,4,33,15
47083,4,12,11,중앙병원 3,4,33,16
47145,3,13,11,중앙병원 3,4,33,17
47166,2,12,11,중앙병원 3,4,33,18
47214,4,12,10,중앙병원 3,4,33,18
47270,4,12,11,중앙병원 3,4,33,19
47298,3,12,11,중앙병원 3,4,33,20
47376,3,12,11,중앙병원 3,4,33,21
47393,4,11,11,중앙병원 3,4,33,21
47410,2,12,11,중앙병원 3,4,33,22
47419,3,12,10,중앙병원 3,4,33,22
47454,3,11,10,중앙병원 3,4,33,22
47458,5,10,10,중앙병원 3,4,33,22
47501,3,10,10,중앙병원 3,4,33,23
47524,3,9,10,중앙병원 3,5,34,0
47562,4,7,11,중앙병원 3,5,34,0
47623,5,8,11,중앙병원 3,5,34,1
47635,3,9,11,중앙병원 3,5,34,1
47649,1,8,11,중앙병원 3,5,34,2
47695,3,9,10,중앙병원 3,5,34,2
47719,3,8,10,중앙병원 3,5,34,3
47791,4,9,10,중앙병원 3,5,34,4
47822,2,8,11,중앙병원 3,5,34,5
47891,5,10,10,중앙병원 3,5,34,6
47897,3,10,10,중앙병원 3,5,34,6
47898,4,9,10,중앙병원 3,5,34,6
47930,3,8,11,중앙병원 3,5,34,6
47938,4,7,11,중앙병원 3,5,34,6
47964,3,8,11,중앙병원 3,5,34,7
48074,3,9,11,중앙병원 3,5,34,9
48079,4,8,11,중앙병원 3,5,34,9
48113,5,9,11,중앙병원 3,5,34,9
48138,4,9,11,중앙병원 3,5,34,10
48154,3,10,11,중앙병원 3,5,34,10
48159,2,9,11,중앙병원 3,5,34,10
48218,3,10,10,중앙병원 3,5,34,11
48235,3,9,10,중앙병원 3,5,34,11
48260,5,9,10,중앙병원 3,5,34,12
48312,3,8,11,중앙병원 3,5,34,13
48316,4,7,11,중앙병원 3,5,34,13
48321,3,7,11,중앙병원 3,5,34,13
48334,4,6,11,중앙병원 3,5,34,13
48340,5,6,11,중앙병원 3,5,34,13
48341,5,6,11,중앙병원 3,5,34,13
48411,4,9,11,중앙병원 3,5,34,14
48446,3,9,11,중앙병원 3,5,34,15
48447,3,8,11,중앙병원 3,5,34,15
48474,4,7,11,중앙병원 3,5,34,15
48494,4,8,11,중앙병원 3,5,34,16
48524,3,8,11,중앙병원 3,5,34,16
48525,3,7,11,중앙병원 3,5,34,16
48560,4,6,11,중앙병원 3,5,34,17
48561,3,6,11,중앙병원 3,5,34,17
48568,4,6,11,중앙병원 3,5,34,17
48576,5,6,11,중앙병원 3,5,34,17
48577,3,6,11,중앙병원 3,5,34,17
48606,4,5,11,중앙병원 3,5,34,18
48628,3,5,11,중앙병원 3,5,34,18
48630,3,5,11,중앙병원 3,5,34,18
48663,4,4,11,중앙병원 3,5,34,19
48680,5,4,11,중앙병원 3,5,34,19
48704,4,5,11,중앙병원 3,5,34,19
48725,3,6,11,중앙병원 3,5,34,20
48752,4,5,11,중앙병원 3,5,34,20
48765,4,5,11,중앙병원 3,5,34,20
48773,5,5,11,중앙병원 3,5,34,20
48776,3,5,11,중앙병원 3,5,34,20
48782,4,4,11,중앙병원 3,5,34,21
48794,4,5,11,중앙병원 3,5,34,21
48804,2,7,11,중앙병원 3,5,34,21
48806,4,7,10,중앙병원 3,5,34,21
48820,3,7,10,중앙병원 3,5,34,21
48822,2,6,10,중앙병원 3,5,34,21
48844,5,7,9,중앙병원 3,5,34,22
48848,2,7,9,중앙병원 3,5,34,22
48850,3,7,8,중앙병원 3,5,34,22
48856,5,6,8,중앙병원 3,5,34,22
48934,3,8,9,중앙병원 3,5,34,23
48948,4,7,9,중앙병원 3,5,34,23
49016,3,9,10,중앙병원 3,6,35,0
49062,3,7,11,중앙병원 3,6,35,1
49117,4,7,11,중앙병원 3,6,35,2
49142,4,7,11,중앙병원 3,6,35,3
49210,4,8,11,중앙병원 3,6,35,4
49282,4,10,11,중앙병원 3,6,35,5
49316,4,11,11,중앙병원 3,6,35,5
49335,3,11,11,중앙병원 3,6,35,6
49344,4,10,11,중앙병원 3,6,35,6
49373,4,10,11,중앙병원 3,6,35,6
49388,4,10,11,중앙병원 3,6,35,7
49403,5,10,11,중앙병원 3,6,35,7
49444,4,10,11,중앙병원 3,6,35,8
49464,3,10,11,중앙병원 3,6,35,8
49481,1,9,11,중앙병원 3,6,35,8
49563,4,11,10,중앙병원 3,6,35,10
49567,4,12,10,중앙병원 3,6,35,10
49586,3,12,10,중앙병원 3,6,35,10
49590,3,11,10,중앙병원 3,6,35,10
49608,4,10,10,중앙병원 3,6,35,10
49609,1,10,10,중앙병원 3,6,35,10
49620,4,10,9,중앙병원 3,6,35,11
49625,1,10,9,중앙병원 3,6,35,11
49627,2,10,8,중앙병원 3,6,35,11
49630,3,10,7,중앙병원 3,6,35,11
49649,2,9,8,중앙병원 3,6,35,11
49675,4,10,7,중앙병원 3,6,35,11
49687,4,10,7,중앙병원 3,6,35,12
49711,3,9,8,중앙병원 3,6,35,12
49736,3,7,9,중앙병원 3,6,35,12
49747,3,6,9,중앙병원 3,6,35,13
49751,3,5,9,중앙병원 3,6,35,13
49766,3,4,9,중앙병원 3,6,35,13
49788,4,2,10,중앙병원 3,6,35,13
49817,3,2,11,중앙병원 3,6,35,14
49837,3,1,11,중앙병원 3,6,35,14
49855,3,1,11,중앙병원 3,6,35,14
49860,3,0,11,중앙병원 3,6,35,15
49870,4,0,11,중앙병원 3,6,35,15
49878,3,0,11,중앙병원 3,6,35,15
49923,3,0,11,중앙병원 3,6,35,16
49927,3,0,11,중앙병원 3,6,35,16
49979,3,0,11,중앙병원 3,6,35,16
49990,3,0,11,중앙병원 3,6,35,17
49992,3,0,11,중앙병원 3,6,35,17
50003,4,0,11,중앙병원 3,6,35,17
50007,4,0,11,중앙병원 3,6,35,17
50020,3,0,11,중앙병원 3,6,35,17
50051,3,0,11,중앙병원 3,6,35,18
50068,2,0,11,중앙병원 3,6,35,18
50086,4,0,10,중앙병원 3,6,35,18
50091,3,0,10,중앙병원 3,6,35,18
50091,3,0,10,중앙병원 3,6,35,18
50114,4,0,10,중앙병원 3,6,35,19
50150,4,0,10,중앙병원 3,6,35,19
50155,3,0,10,중앙병원 3,6,35,19
50168,3,0,10,중앙병원 3,6,35,20
50175,2,0,10,중앙병원 3,6,35,20
50181,3,0,9,중앙병원 3,6,35,20
50189,3,0,9,중앙병원 3,6,35,20
50220,4,0,10,중앙병원 3,6,35,21
50222,4,0,10,중앙병원 3,6,35,21
50231,3,0,10,중앙병원 3,6,35,21
50234,3,0,10,중앙병원 3,6,35,21
50238,3,0,10,중앙병원 3,6,35,21
50244,3,0,10,중앙병원 3,6,35,21
50290,5,0,10,중앙병원 3,6,35,22
50300,3,0,10,중앙병원 3,6,35,22
50307,3,0,10,중앙병원 3,6,35,22
50352,3,0,11,중앙병원 3,6,35,23
50353,5,0,11,중앙병원 3,6,35,23
50375,4,0,11,중앙병원 3,6,35,23
50391,2,0,11,중앙병원 3,6,35,23
50439,3,0,10,중앙병원 3,0,36,0
50456,3,0,10,중앙병원 3,0,36,0
50479,3,0,10,중앙병원 3,0,36,1
50517,4,0,10,중앙병원 3,0,36,1
50539,2,0,11,중앙병원 3,0,36,2
50584,3,0,10,중앙병원 3,0,36,3
50644,3,0,10,중앙병원 3,0,36,4
50645,3,0,10,중앙병원 3,0,36,4
50656,2,0,11,중앙병원 3,0,36,4
50857,3,0,11,중앙병원 3,0,36,7
50862,3,0,11,중앙병원 3,0,36,7
50933,3,2,11,중앙병원 3,0,36,8
50943,3,1,11,중앙병원 3,0,36,9
50967,3,0,11,중앙병원 3,0,36,9
51016,3,1,11,중앙병원 3,0,36,10
51018,3,0,11,중앙병원 3,0,36,10
51026,4,0,11,중앙병원 3,0,36,10
51035,3,0,11,중앙병원 3,0,36,10
51126,3,2,11,중앙병원 3,0,36,12
51127,5,1,11,중앙병원 3,0,36,12
51128,2,1,11,중앙병원 3,0,36,12
51141,2,1,10,중앙병원 3,0,36,12
51144,1,1,9,중앙병원 3,0,36,12
51146,4,1,8,중앙병원 3,0,36,12
51172,2,1,8,중앙병원 3,0,36,12
51181,5,1,7,중앙병원 3,0,36,13
51182,5,2,7,중앙병원 3,0,36,13
51185,4,2,7,중앙병원 3,0,36,13
51196,4,2,7,중앙병원 3,0,36,13
51204,3,2,7,중앙병원 3,0,36,13
51220,5,2,7,중앙병원 3,0,36,13
51220,5,2,7,중앙병원 3,0,36,13
51227,3,1,8,중앙병원 3,0,36,13
51230,4,0,8,중앙병원 3,0,36,13
51252,3,0,9,중앙병원 3,0,36,14
51274,3,0,10,중앙병원 3,0,36,14
51352,3,0,11,중앙병원 3,0,36,15
51355,3,0,11,중앙병원 3,0,36,15
51356,4,0,11,중앙병원 3,0,36,15
51356,4,0,11,중앙병원 3,0,36,15
51359,3,0,11,중앙병원 3,0,36,15
51362,3,0,11,중앙병원 3,0,36,16
51372,3,0,11,중앙병원 3,0,36,16
51373,4,0,11,중앙병원 3,0,36,16
51402,3,0,11,중앙병원 3,0,36,16
51421,3,0,11,중앙병원 3,0,36,17
51421,4,0,11,중앙병원 3,0,36,17
51423,3,0,11,중앙병원 3,0,36,17
51431,3,0,11,중앙병원 3,0,36,17
51432,3,0,11,중앙병원 3,0,36,17
51432,3,0,11,중앙병원 3,0,36,17
51485,4,0,11,중앙병원 3,0,36,18
51494,4,0,11,중앙병원 3,0,36,18
51505,4,0,11,중앙병원 3,0,36,18
51549,4,0,11,중앙병원 3,0,36,19
51560,3,0,11,중앙병원 3,0,36,19
51561,3,0,11,중앙병원 3,0,36,19
51572,1,0,11,중앙병원 3,0,36,19
51581,3,0,10,중앙병원 3,0,36,19
51589,3,0,10,중앙병원 3,0,36,19
51602,3,0,10,중앙병원 3,0,36,20
51624,3,0,10,중앙병원 3,0,36,20
51628,3,0,10,중앙병원 3,0,36,20
51644,3,0,10,중앙병원 3,0,36,20
51649,3,0,10,중앙병원 3,0,36,20
51654,2,0,10,중앙병원 3,0,36,20
51656,3,0,9,중앙병원 3,0,36,20
51695,4,0,9,중앙병원 3,0,36,21
51699,3,0,9,중앙병원 3,0,36,21
51701,4,0,9,중앙병원 3,0,36,21
51704,3,0,9,중앙병원 3,0,36,21
51711,2,0,9,중앙병원 3,0,36,21
51728,3,0,9,중앙병원 3,0,36,22
51764,3,0,9,중앙병원 3,0,36,22
51775,4,0,9,중앙병원 3,0,36,22
51783,3,0,9,중앙병원 3,0,36,23
51793,3,0,9,중앙병원 3,0,36,23
51802,3,0,10,중앙병원 3,0,36,23
51837,4,0,10,중앙병원 3,0,36,23
51843,3,0,10,중앙병원 3,1,37,0
51886,3,0,10,중앙병원 3,1,37,0
51900,3,0,11,중앙병원 3,1,37,1
51915,2,0,11,중앙병원 3,1,37,1
51944,2,0,10,중앙병원 3,1,37,1
51970,3,0,9,중앙병원 3,1,37,2
52008,3,0,9,중앙병원 3,1,37,2
52013,5,0,9,중앙병원 3,1,37,2
52023,3,0,9,중앙병원 3,1,37,3
52066,3,0,9,중앙병원 3,1,37,3
52140,2,0,11,중앙병원 3,1,37,5
52156,5,0,10,중앙병원 3,1,37,5
52181,4,0,10,중앙병원 3,1,37,5
52207,4,0,10,중앙병원 3,1,37,6
52218,4,0,10,중앙병원 3,1,37,6
52241,4,0,10,중앙병원 3,1,37,6
52276,4,0,11,중앙병원 3,1,37,7
52318,2,0,11,중앙병원 3,1,37,7
52360,2,0,10,중앙병원 3,1,37,8
52407,3,0,10,중앙병원 3,1,37,9
52410,3,0,10,중앙병원 3,1,37,9
52494,2,0,11,중앙병원 3,1,37,10
52495,4,0,10,중앙병원 3,1,37,10
52501,3,0,10,중앙병원 3,1,37,11
52510,3,0,10,중앙병원 3,1,37,11
52510,2,0,10,중앙병원 3,1,37,11
52534,4,0,9,중앙병원 3,1,37,11
52535,3,0,9,중앙병원 3,1,37,11
52546,3,0,9,중앙병원 3,1,37,11
52548,3,0,9,중앙병원 3,1,37,11
52584,3,0,9,중앙병원 3,1,37,12
52587,3,0,9,중앙병원 3,1,37,12
52593,3,0,9,중앙병원 3,1,37,12
52609,4,0,10,중앙병원 3,1,37,12
52622,3,0,10,중앙병원 3,1,37,13
52642,3,0,11,중앙병원 3,1,37,13
52648,5,0,11,중앙병원 3,1,37,13
52655,4,0,11,중앙병원 3,1,37,13
52699,4,0,11,중앙병원 3,1,37,14
52705,5,0,11,중앙병원 3,1,37,14
52775,3,0,11,중앙병원 3,1,37,15
52780,2,0,11,중앙병원 3,1,37,15
52783,3,0,10,중앙병원 3,1,37,15
52785,3,0,10,중앙병원 3,1,37,15
52787,3,0,10,중앙병원 3,1,37,15
52807,3,0,10,중앙병원 3,1,37,16
52842,1,0,10,중앙병원 3,1,37,16
52870,4,0,9,중앙병원 3,1,37,17
52879,3,0,9,중앙병원 3,1,37,17
52900,3,0,9,중앙병원 3,1,37,17
52905,5,0,9,중앙병원 3,1,37,17
52967,3,0,10,중앙병원 3,1,37,18
52967,3,0,10,중앙병원 3,1,37,18
52975,3,0,10,중앙병원 3,1,37,18
52977,3,0,10,중앙병원 3,1,37,18
53031,3,0,11,중앙병원 3,1,37,19
53043,3,0,11,중앙병원 3,1,37,20
53048,3,0,11,중앙병원 3,1,37,20
53052,2,0,11,중앙병원 3,1,37,20
53105,3,0,10,중앙병원 3,1,37,21
53139,4,0,10,중앙병원 3,1,37,21
53157,5,0,10,중앙병원 3,1,37,21
53163,4,0,10,중앙병원 3,1,37,22
53176,3,0,10,중앙병원 3,1,37,22
53190,2,0,10,중앙병원 3,1,37,22
53256,3,0,10,중앙병원 3,1,37,23
53271,3,0,10,중앙병원 3,1,37,23
53290,4,0,10,중앙병원 3,2,38,0
53329,4,0,10,중앙병원 3,2,38,0
53339,3,0,10,중앙병원 3,2,38,0
53340,3,0,10,중앙병원 3,2,38,1
53381,3,0,11,중앙병원 3,2,38,1
53387,3,0,11,중앙병원 3,2,38,1
53451,3,0,11,중앙병원 3,2,38,2
53483,2,0,11,중앙병원 3,2,38,3
53759,2,1,11,중앙병원 3,2,38,7
53796,5,5,10,중앙병원 3,2,38,8
53807,3,5,10,중앙병원 3,2,38,8
53841,2,8,10,중앙병원 3,2,38,9
53844,2,8,9,중앙병원 3,2,38,9
53868,5,9,8,중앙병원 3,2,38,9
53919,4,8,9,중앙병원 3,2,38,10
54007,1,9,11,중앙병원 3,2,38,12
54032,3,10,10,중앙병원 3,2,38,12
54068,3,10,10,중앙병원 3,2,38,13
54070,3,9,10,중앙병원 3,2,38,13
54081,3,8,10,중앙병원 3,2,38,13
54086,3,7,10,중앙병원 3,2,38,13
54088,5,6,10,중앙병원 3,2,38,13
54174,3,5,11,중앙병원 3,2,38,14
54177,4,4,11,중앙병원 3,2,38,14
54207,3,4,11,중앙병원 3,2,38,15
54224,5,3,11,중앙병원 3,2,38,15
54226,3,3,11,중앙병원 3,2,38,15
54238,2,2,11,중앙병원 3,2,38,15
54253,5,2,10,중앙병원 3,2,38,16
54288,3,2,10,중앙병원 3,2,38,16
54291,3,1,10,중앙병원 3,2,38,16
54321,3,0,10,중앙병원 3,2,38,17
54322,2,0,10,중앙병원 3,2,38,17
54397,3,0,10,중앙병원 3,2,38,18
54424,4,0,10,중앙병원 3,2,38,19
54427,3,0,11,중앙병원 3,2,38,19
54445,5,0,11,중앙병원 3,2,38,19
54460,3,0,11,중앙병원 3,2,38,19
54465,3,0,11,중앙병원 3,2,38,19
54488,3,0,11,중앙병원 3,2,38,20
54489,3,0,11,중앙병원 3,2,38,20
54493,3,0,11,중앙병원 3,2,38,20
54541,4,0,11,중앙병원 3,2,38,21
54569,2,0,11,중앙병원 3,2,38,21
54572,4,0,10,중앙병원 3,2,38,21
54584,5,0,10,중앙병원 3,2,38,21
54585,1,0,10,중앙병원 3,2,38,21
54593,3,0,9,중앙병원 3,2,38,21
54598,4,0,9,중앙병원 3,2,38,21
54606,4,0,9,중앙병원 3,2,38,22
54620,3,0,9,중앙병원 3,2,38,22
54640,3,0,9,중앙병원 3,2,38,22
54674,3,0,9,중앙병원 3,2,38,23
54678,3,0,9,중앙병원 3,2,38,23
54750,3,0,11,중앙병원 3,3,39,0
54796,4,0,11,중앙병원 3,3,39,1
54839,2,0,11,중앙병원 3,3,39,1
54865,4,0,10,중앙병원 3,3,39,2
54877,5,0,10,중앙병원 3,3,39,2
54892,3,0,10,중앙병원 3,3,39,2
54926,3,0,10,중앙병원 3,3,39,3
55097,3,3,11,중앙병원 3,3,39,6
55180,3,2,11,중앙병원 3,3,39,7
55200,3,2,11,중앙병원 3,3,39,8
55222,3,1,11,중앙병원 3,3,39,8
55276,4,5,11,중앙병원 3,3,39,9
55307,5,6,11,중앙병원 3,3,39,9
55312,2,7,11,중앙병원 3,3,39,9
55328,3,7,10,중앙병원 3,3,39,10
55329,4,6,10,중앙병원 3,3,39,10
55353,5,6,10,중앙병원 3,3,39,10
55372,3,6,10,중앙병원 3,3,39,10
55397,4,6,10,중앙병원 3,3,39,11
55398,3,6,10,중앙병원 3,3,39,11
55399,3,5,10,중앙병원 3,3,39,11
55411,4,4,10,중앙병원 3,3,39,11
55450,3,4,11,중앙병원 3,3,39,12
55470,3,3,11,중앙병원 3,3,39,12
55485,2,3,11,중앙병원 3,3,39,12
55518,5,3,10,중앙병원 3,3,39,13
55529,4,4,10,중앙병원 3,3,39,13
55535,5,4,10,중앙병원 3,3,39,13
55583,3,4,10,중앙병원 3,3,39,14
55599,3,4,10,중앙병원 3,3,39,14
55618,3,3,11,중앙병원 3,3,39,14
55656,3,2,11,중앙병원 3,3,39,15
55660,4,1,11,중앙병원 3,3,39,15
55669,4,3,11,중앙병원 3,3,39,15
55683,4,5,11,중앙병원 3,3,39,16
55692,3,5,11,중앙병원 3,3,39,16
55701,4,4,11,중앙병원 3,3,39,16
55711,2,4,11,중앙병원 3,3,39,16
55741,3,5,10,중앙병원 3,3,39,17
55804,3,4,11,중앙병원 3,3,39,18
55813,3,3,11,중앙병원 3,3,39,18
55975,3,8,11,중앙병원 3,3,39,20
56040,3,8,11,중앙병원 3,3,39,22
56043,3,7,11,중앙병원 3,3,39,22
56069,3,8,11,중앙병원 3,3,39,22
56077,3,8,11,중앙병원 3,3,39,22
56156,1,10,11,중앙병원 3,3,39,23
56201,2,10,10,중앙병원 3,4,40,0
56243,4,10,9,중앙병원 3,4,40,1
56248,3,10,9,중앙병원 3,4,40,1
56400,5,11,11,중앙병원 3,4,40,4
56508,3,13,11,중앙병원 3,4,40,5
56547,3,13,11,중앙병원 3,4,40,6
56614,4,12,11,중앙병원 3,4,40,7
56665,2,12,11,중앙병원 3,4,40,8
56700,3,12,10,중앙병원 3,4,40,9
56742,4,10,11,중앙병원 3,4,40,9
56744,5,10,11,중앙병원 3,4,40,9
56753,5,10,11,중앙병원 3,4,40,9
56757,3,10,11,중앙병원 3,4,40,9
56812,3,10,11,중앙병원 3,4,40,10
56817,3,9,11,중앙병원 3,4,40,10
56897,4,8,11,중앙병원 3,4,40,12
56965,3,9,11,중앙병원 3,4,40,13
56973,4,8,11,중앙병원 3,4,40,13
56974,3,8,11,중앙병원 3,4,40,13
56996,2,7,11,중앙병원 3,4,40,13
57030,3,7,10,중앙병원 3,4,40,14
57035,3,6,10,중앙병원 3,4,40,14
57068,4,5,10,중앙병원 3,4,40,15
57096,3,7,10,중앙병원 3,4,40,15
57097,3,6,10,중앙병원 3,4,40,15
57170,3,5,11,중앙병원 3,4,40,16
57177,3,4,11,중앙병원 3,4,40,16
57181,3,4,11,중앙병원 3,4,40,17
57224,5,4,11,중앙병원 3,4,40,17
57243,3,5,11,중앙병원 3,4,40,18
57265,3,4,11,중앙병원 3,4,40,18
57314,1,3,11,중앙병원 3,4,40,19
57316,4,3,10,중앙병원 3,4,40,19
57352,4,3,10,중앙병원 3,4,40,19
57383,3,5,10,중앙병원 3,4,40,20
57473,3,5,11,중앙병원 3,4,40,21
57558,3,9,11,중앙병원 3,4,40,23
57567,3,8,11,중앙병원 3,4,40,23
57567,3,7,11,중앙병원 3,4,40,23
57615,3,7,11,중앙병원 3,5,41,0
57695,4,8,11,중앙병원 3,5,41,1
57730,3,8,11,중앙병원 3,5,41,2
57733,3,7,11,중앙병원 3,5,41,2
57785,4,6,11,중앙병원 3,5,41,3
57921,2,11,11,중앙병원 3,5,41,5
57930,3,11,10,중앙병원 3,5,41,5
57932,5,10,10,중앙병원 3,5,41,5
58084,3,13,11,중앙병원 3,5,41,8
58158,4,12,11,중앙병원 3,5,41,9
58176,3,12,11,중앙병원 3,5,41,9
58182,4,11,11,중앙병원 3,5,41,9
58237,2,11,11,중앙병원 3,5,41,10
58238,2,11,10,중앙병원 3,5,41,10
58247,5,11,9,중앙병원 3,5,41,10
58275,4,12,9,중앙병원 3,5,41,11
58310,3,13,9,중앙병원 3,5,41,11
58347,4,11,10,중앙병원 3,5,41,12
58444,3,12,11,중앙병원 3,5,41,14
58462,4,11,11,중앙병원 3,5,41,14
58540,3,12,11,중앙병원 3,5,41,15
58563,4,11,11,중앙병원 3,5,41,16
58588,4,11,11,중앙병원 3,5,41,16
58606,4,11,11,중앙병원 3,5,41,16
58606,3,11,11,중앙병원 3,5,41,16
58611,4,10,11,중앙병원 3,5,41,16
58621,4,10,11,중앙병원 3,5,41,17
58628,4,10,11,중앙병원 3,5,41,17
58669,3,10,11,중앙병원 3,5,41,17
58676,4,9,11,중앙병원 3,5,41,17
58723,3,10,11,중앙병원 3,5,41,18
58753,3,9,11,중앙병원 3,5,41,19
58793,3,9,11,중앙병원 3,5,41,19
58794,5,8,11,중앙병원 3,5,41,19
58801,3,8,11,중앙병원 3,5,41,20
58804,4,7,11,중앙병원 3,5,41,20
58824,3,7,11,중앙병원 3,5,41,20
58875,4,7,11,중앙병원 3,5,41,21
58903,3,8,11,중앙병원 3,5,41,21
58914,2,7,11,중앙병원 3,5,41,21
58957,4,7,10,중앙병원 3,5,41,22
58967,4,7,10,중앙병원 3,5,41,22
58969,3,7,10,중앙병원 3,5,41,22
58989,5,6,10,중앙병원 3,5,41,23
59001,3,5,11,중앙병원 3,5,41,23
59029,3,5,11,중앙병원 3,5,41,23
59044,3,4,11,중앙병원 3,6,42,0
59060,2,5,11,중앙병원 3,6,42,0
59070,3,5,10,중앙병원 3,6,42,0
59073,3,4,10,중앙병원 3,6,42,0
59121,3,4,10,중앙병원 3,6,42,1
59152,4,2,11,중앙병원 3,6,42,1
59168,3,2,11,중앙병원 3,6,42,2
59171,4,1,11,중앙병원 3,6,42,2
59213,3,4,11,중앙병원 3,6,42,2
59216,4,3,11,중앙병원 3,6,42,2
59216,3,3,11,중앙병원 3,6,42,2
59238,4,2,11,중앙병원 3,6,42,3
59247,4,3,11,중앙병원 3,6,42,3
59272,3,3,11,중앙병원 3,6,42,3
59317,3,4,11,중앙병원 3,6,42,4
59367,3,4,11,중앙병원 3,6,42,5
59392,4,4,11,중앙병원 3,6,42,5
59448,2,4,11,중앙병원 3,6,42,6
59449,3,4,10,중앙병원 3,6,42,6
59458,2,4,10,중앙병원 3,6,42,6
59502,4,6,9,중앙병원 3,6,42,7
59565,3,7,11,중앙병원 3,6,42,8
59566,5,6,11,중앙병원 3,6,42,8
59568,4,6,11,중앙병원 3,6,42,8
59592,3,7,11,중앙병원 3,6,42,9
59611,3,6,11,중앙병원 3,6,42,9
59650,2,5,11,중앙병원 3,6,42,10
59653,5,5,10,중앙병원 3,6,42,10
59679,3,5,10,중앙병원 3,6,42,10
59685,3,4,10,중앙병원 3,6,42,10
59692,4,3,10,중앙병원 3,6,42,10
59704,4,3,10,중앙병원 3,6,42,11
59707,5,3,10,중앙병원 3,6,42,11
59719,3,3,10,중앙병원 3,6,42,11
59734,4,1,11,중앙병원 3,6,42,11
59743,3,2,11,중앙병원 3,6,42,11
59746,4,1,11,중앙병원 3,6,42,11
59765,5,1,11,중앙병원 3,6,42,12
59769,3,1,11,중앙병원 3,6,42,12
59769,4,0,11,중앙병원 3,6,42,12
59771,1,0,11,중앙병원 3,6,42,12
59801,5,2,10,중앙병원 3,6,42,12
59805,3,2,10,중앙병원 3,6,42,12
59835,3,1,10,중앙병원 3,6,42,13
59835,5,0,10,중앙병원 3,6,42,13
59859,3,3,10,중앙병원 3,6,42,13
59892,2,2,11,중앙병원 3,6,42,14
59905,3,2,10,중앙병원 3,6,42,14
59908,3,1,10,중앙병원 3,6,42,14
59935,1,1,10,중앙병원 3,6,42,14
59947,3,1,9,중앙병원 3,6,42,15
59978,3,1,9,중앙병원 3,6,42,15
59980,3,0,9,중앙병원 3,6,42,15
60015,4,0,10,중앙병원 3,6,42,16
60031,3,0,10,중앙병원 3,6,42,16
60032,3,0,10,중앙병원 3,6,42,16
60039,5,0,10,중앙병원 3,6,42,16
60040,4,0,10,중앙병원 3,6,42,16
60071,4,0,10,중앙병원 3,6,42,17
60081,4,2,10,중앙병원 3,6,42,17
60095,4,1,11,중앙병원 3,6,42,17
60112,4,1,11,중앙병원 3,6,42,17
60145,3,3,11,중앙병원 3,6,42,18
60190,4,2,11,중앙병원 3,6,42,19
60197,3,3,11,중앙병원 3,6,42,19
60205,4,4,11,중앙병원 3,6,42,19
60251,3,7,11,중앙병원 3,6,42,20
60259,4,6,11,중앙병원 3,6,42,20
60306,4,7,11,중앙병원 3,6,42,21
60308,3,7,11,중앙병원 3,6,42,21
60320,3,6,11,중앙병원 3,6,42,21
60322,5,5,11,중앙병원 3,6,42,21
60324,4,5,11,중앙병원 3,6,42,21
60337,4,6,11,중앙병원 3,6,42,21
60339,3,6,11,중앙병원 3,6,42,21
60347,3,5,11,중앙병원 3,6,42,21
60362,3,4,11,중앙병원 3,6,42,22
60394,2,3,11,중앙병원 3,6,42,22
60396,3,3,10,중앙병원 3,6,42,22
60403,2,3,10,중앙병원 3,6,42,22
60410,3,3,9,중앙병원 3,6,42,22
60419,3,2,9,중앙병원 3,6,42,22
60449,3,2,9,중앙병원 3,6,42,23
60468,3,1,9,중앙병원 3,6,42,23
60481,3,0,9,중앙병원 3,0,43,0
60564,3,0,11,중앙병원 3,0,43,1
60697,3,3,11,중앙병원 3,0,43,3
60742,4,5,11,중앙병원 3,0,43,4
60783,3,7,11,중앙병원 3,0,43,5
60954,5,10,11,중앙병원 3,0,43,7
60994,4,11,11,중앙병원 3,0,43,8
61041,3,12,11,중앙병원 3,0,43,9
61074,4,11,11,중앙병원 3,0,43,9
61092,3,11,11,중앙병원 3,0,43,10
61105,3,10,11,중앙병원 3,0,43,10
61122,4,9,11,중앙병원 3,0,43,10
61167,3,10,11,중앙병원 3,0,43,11
61175,3,9,11,중앙병원 3,0,43,11
61218,3,8,11,중앙병원 3,0,43,12
61220,3,7,11,중앙병원 3,0,43,12
61230,3,6,11,중앙병원 3,0,43,12
61243,4,5,11,중앙병원 3,0,43,12
61278,3,6,11,중앙병원 3,0,43,13
61288,4,5,11,중앙병원 3,0,43,13
61294,3,5,11,중앙병원 3,0,43,13
61294,1,4,11,중앙병원 3,0,43,13
61302,3,4,10,중앙병원 3,0,43,13
61306,4,4,10,중앙병원 3,0,43,13
61316,3,4,10,중앙병원 3,0,43,13
61318,3,3,10,중앙병원 3,0,43,13
61328,2,2,10,중앙병원 3,0,43,14
61334,4,2,9,중앙병원 3,0,43,14
61337,4,3,9,중앙병원 3,0,43,14
61348,4,3,9,중앙병원 3,0,43,14
61388,2,3,9,중앙병원 3,0,43,15
61397,3,3,8,중앙병원 3,0,43,15
61425,4,3,9,중앙병원 3,0,43,15
61439,4,3,9,중앙병원 3,0,43,15
61448,3,4,9,중앙병원 3,0,43,16
61449,2,2,10,중앙병원 3,0,43,16
61451,3,2,9,중앙병원 3,0,43,16
61459,4,2,9,중앙병원 3,0,43,16
61460,5,2,9,중앙병원 3,0,43,16
61476,3,2,9,중앙병원 3,0,43,16
61478,3,1,9,중앙병원 3,0,43,16
61516,3,1,9,중앙병원 3,0,43,17
61536,3,0,10,중앙병원 3,0,43,17
61540,4,0,10,중앙병원 3,0,43,17
61558,3,0,10,중앙병원 3,0,43,17
61559,3,0,10,중앙병원 3,0,43,17
61579,3,0,11,중앙병원 3,0,43,18
61592,4,0,11,중앙병원 3,0,43,18
61651,3,0,11,중앙병원 3,0,43,19
61672,3,0,11,중앙병원 3,0,43,19
61672,2,0,11,중앙병원 3,0,43,19
61679,2,0,10,중앙병원 3,0,43,19
61682,3,0,9,중앙병원 3,0,43,20
61712,4,0,9,중앙병원 3,0,43,20
61734,4,1,9,중앙병원 3,0,43,20
61762,5,2,9,중앙병원 3,0,43,21
61765,3,2,9,중앙병원 3,0,43,21
61772,3,2,9,중앙병원 3,0,43,21
61778,3,1,9,중앙병원 3,0,43,21
61786,4,0,9,중앙병원 3,0,43,21
61790,4,0,10,중앙병원 3,0,43,21
61799,4,0,11,중앙병원 3,0,43,21
61806,4,0,11,중앙병원 3,0,43,22
61831,1,0,11,중앙병원 3,0,43,22
61836,3,0,10,중앙병원 3,0,43,22
61858,3,0,10,중앙병원 3,0,43,22
61902,3,1,10,중앙병원 3,0,43,23
61903,4,0,10,중앙병원 3,0,43,23
61904,3,0,10,중앙병원 3,0,43,23
61912,4,0,10,중앙병원 3,0,43,23
61920,4,0,10,중앙병원 3,1,44,0
61952,4,1,10,중앙병원 3,1,44,0
61952,3,1,10,중앙병원 3,1,44,0
61981,3,1,10,중앙병원 3,1,44,1
62024,3,0,11,중앙병원 3,1,44,1
62172,4,4,11,중앙병원 3,1,44,4
62188,3,6,11,중앙병원 3,1,44,4
62282,3,7,11,중앙병원 3,1,44,6
62306,3,7,11,중앙병원 3,1,44,6
62362,2,7,11,중앙병원 3,1,44,7
62400,3,8,10,중앙병원 3,1,44,8
62408,3,7,10,중앙병원 3,1,44,8
62434,3,6,10,중앙병원 3,1,44,8
62476,3,6,10,중앙병원 3,1,44,9
62514,3,6,11,중앙병원 3,1,44,9
62519,3,5,11,중앙병원 3,1,44,9
62535,3,6,11,중앙병원 3,1,44,10
62552,5,5,11,중앙병원 3,1,44,10
62579,3,5,11,중앙병원 3,1,44,10
62579,3,4,11,중앙병원 3,1,44,10
62593,4,3,11,중앙병원 3,1,44,11
62650,4,4,11,중앙병원 3,1,44,12
62658,3,5,11,중앙병원 3,1,44,12
62667,3,4,11,중앙병원 3,1,44,12
62668,5,3,11,중앙병원 3,1,44,12
62677,3,3,11,중앙병원 3,1,44,12
62680,5,2,11,중앙병원 3,1,44,12
62686,4,2,11,중앙병원 3,1,44,12
62727,4,4,11,중앙병원 3,1,44,13
62775,2,6,11,중앙병원 3,1,44,14
62781,3,6,10,중앙병원 3,1,44,14
62785,4,5,10,중앙병원 3,1,44,14
62807,5,6,10,중앙병원 3,1,44,14
62840,3,8,10,중앙병원 3,1,44,15
62858,3,7,11,중앙병원 3,1,44,15
62866,3,6,11,중앙병원 3,1,44,15
62879,3,5,11,중앙병원 3,1,44,15
62892,2,4,11,중앙병원 3,1,44,16
62905,3,4,10,중앙병원 3,1,44,16
62913,4,3,10,중앙병원 3,1,44,16
62940,3,4,10,중앙병원 3,1,44,17
62942,4,3,10,중앙병원 3,1,44,17
62956,4,3,10,중앙병원 3,1,44,17
62965,3,3,10,중앙병원 3,1,44,17
62993,1,3,10,중앙병원 3,1,44,17
62994,3,3,9,중앙병원 3,1,44,17
63025,3,2,10,중앙병원 3,1,44,18
63029,5,1,10,중앙병원 3,1,44,18
63037,4,1,10,중앙병원 3,1,44,18
63046,3,2,10,중앙병원 3,1,44,18
63059,3,1,10,중앙병원 3,1,44,18
63061,4,0,10,중앙병원 3,1,44,19
63065,5,1,10,중앙병원 3,1,44,19
63070,4,1,10,중앙병원 3,1,44,19
63077,5,1,10,중앙병원 3,1,44,19
63098,3,0,11,중앙병원 3,1,44,19
63105,4,0,11,중앙병원 3,1,44,19
63137,4,0,11,중앙병원 3,1,44,20
63164,2,1,11,중앙병원 3,1,44,20
63169,5,1,10,중앙병원 3,1,44,20
63171,3,1,10,중앙병원 3,1,44,20
63183,3,0,10,중앙병원 3,1,44,21
63201,2,0,10,중앙병원 3,1,44,21
63247,4,4,9,중앙병원 3,1,44,22
63310,3,6,9,중앙병원 3,1,44,23
63337,4,6,9,중앙병원 3,1,44,23
63343,3,4,11,중앙병원 3,1,44,23
63377,3,5,11,중앙병원 3,2,45,0
63378,4,4,11,중앙병원 3,2,45,0
63382,4,4,11,중앙병원 3,2,45,0
63385,4,4,11,중앙병원 3,2,45,0
63532,4,7,11,중앙병원 3,2,45,2
63533,5,7,11,중앙병원 3,2,45,2
63542,3,7,11,중앙병원 3,2,45,3
63665,5,11,11,중앙병원 3,2,45,5
63710,5,11,11,중앙병원 3,2,45,5
63723,3,11,11,중앙병원 3,2,45,6
63803,3,10,11,중앙병원 3,2,45,7
63815,3,9,11,중앙병원 3,2,45,7
63870,3,9,11,중앙병원 3,2,45,8
63918,3,8,11,중앙병원 3,2,45,9
63971,3,8,11,중앙병원 3,2,45,10
63972,4,7,11,중앙병원 3,2,45,10
63989,4,7,11,중앙병원 3,2,45,10
63999,3,7,11,중앙병원 3,2,45,10
64000,4,6,11,중앙병원 3,2,45,10
64034,3,6,11,중앙병원 3,2,45,11
64039,4,5,11,중앙병원 3,2,45,11
64088,3,5,11,중앙병원 3,2,45,12
64096,3,4,11,중앙병원 3,2,45,12
64111,3,4,11,중앙병원 3,2,45,12
64173,4,5,11,중앙병원 3,2,45,13
64190,2,5,11,중앙병원 3,2,45,13
64224,5,6,10,중앙병원 3,2,45,14
64226,5,6,10,중앙병원 3,2,45,14
64299,3,11,11,중앙병원 3,2,45,15
64305,3,10,11,중앙병원 3,2,45,15
64324,3,9,11,중앙병원 3,2,45,16
64359,4,8,11,중앙병원 3,2,45,16
64367,3,9,11,중앙병원 3,2,45,16
64381,5,8,11,중앙병원 3,2,45,17
64384,2,8,11,중앙병원 3,2,45,17
64398,2,8,10,중앙병원 3,2,45,17
64420,3,9,9,중앙병원 3,2,45,17
64426,3,8,9,중앙병원 3,2,45,17
64482,3,7,10,중앙병원 3,2,45,18
64515,3,6,10,중앙병원 3,2,45,19
64530,3,6,10,중앙병원 3,2,45,19
64546,4,4,11,중앙병원 3,2,45,19
64559,4,4,11,중앙병원 3,2,45,19
64576,3,4,11,중앙병원 3,2,45,20
64599,4,3,11,중앙병원 3,2,45,20
64607,2,3,11,중앙병원 3,2,45,20
64607,3,3,10,중앙병원 3,2,45,20
64615,4,2,10,중앙병원 3,2,45,20
64632,3,3,10,중앙병원 3,2,45,21
64662,4,3,10,중앙병원 3,2,45,21
64680,3,4,10,중앙병원 3,2,45,22
64694,2,3,10,중앙병원 3,2,45,22
64704,5,5,9,중앙병원 3,2,45,22
64727,4,5,9,중앙병원 3,2,45,22
64745,5,4,10,중앙병원 3,2,45,23
64828,4,7,11,중앙병원 3,3,46,0
64847,3,7,11,중앙병원 3,3,46,0
64924,4,7,11,중앙병원 3,3,46,2
64932,3,8,11,중앙병원 3,3,46,2
64980,2,8,11,중앙병원 3,3,46,3
65167,5,8,11,중앙병원 3,3,46,6
65252,3,8,11,중앙병원 3,3,46,7
65296,5,7,11,중앙병원 3,3,46,8
65324,3,9,11,중앙병원 3,3,46,8
65335,3,8,11,중앙병원 3,3,46,8
65342,3,7,11,중앙병원 3,3,46,9
65371,3,6,11,중앙병원 3,3,46,9
65379,3,5,11,중앙병원 3,3,46,9
65393,3,4,11,중앙병원 3,3,46,9
65422,2,3,11,중앙병원 3,3,46,10
65434,3,3,10,중앙병원 3,3,46,10
65467,3,2,10,중앙병원 3,3,46,11
65470,3,1,10,중앙병원 3,3,46,11
65497,5,0,11,중앙병원 3,3,46,11
65500,2,0,11,중앙병원 3,3,46,11
65505,3,0,10,중앙병원 3,3,46,11
65573,4,1,10,중앙병원 3,3,46,12
65599,3,1,11,중앙병원 3,3,46,13
65610,5,1,11,중앙병원 3,3,46,13
65657,4,2,11,중앙병원 3,3,46,14
65669,3,3,11,중앙병원 3,3,46,14
65680,5,2,11,중앙병원 3,3,46,14
65698,2,3,11,중앙병원 3,3,46,14
65722,4,5,10,중앙병원 3,3,46,15
65723,5,5,10,중앙병원 3,3,46,15
65806,4,7,10,중앙병원 3,3,46,16
65807,3,7,10,중앙병원 3,3,46,16
65811,3,6,10,중앙병원 3,3,46,16
65857,3,8,10,중앙병원 3,3,46,17
65858,2,6,11,중앙병원 3,3,46,17
65860,3,6,10,중앙병원 3,3,46,17
65900,3,7,10,중앙병원 3,3,46,18
65965,4,7,10,중앙병원 3,3,46,19
65979,4,7,10,중앙병원 3,3,46,19
66008,5,8,10,중앙병원 3,3,46,20
66028,3,7,11,중앙병원 3,3,46,20
66033,4,6,11,중앙병원 3,3,46,20
66049,4,6,11,중앙병원 3,3,46,20
66060,4,6,11,중앙병원 3,3,46,21
66071,3,6,11,중앙병원 3,3,46,21
66084,3,6,11,중앙병원 3,3,46,21
66106,1,5,11,중앙병원 3,3,46,21
66142,4,5,10,중앙병원 3,3,46,22
66226,3,7,11,중앙병원 3,3,46,23
66245,4,6,11,중앙병원 3,4,47,0
66254,3,6,11,중앙병원 3,4,47,0
66360,2,8,11,중앙병원 3,4,47,2
66426,3,9,10,중앙병원 3,4,47,3
66471,4,8,10,중앙병원 3,4,47,3
66587,4,9,11,중앙병원 3,4,47,5
66616,4,9,11,중앙병원 3,4,47,6
66619,4,9,11,중앙병원 3,4,47,6
66623,5,9,11,중앙병원 3,4,47,6
66656,3,9,11,중앙병원 3,4,47,6
66686,3,9,11,중앙병원 3,4,47,7
66722,4,9,11,중앙병원 3,4,47,8
66787,3,10,11,중앙병원 3,4,47,9
66828,4,10,11,중앙병원 3,4,47,9
66850,3,10,11,중앙병원 3,4,47,10
66868,3,10,11,중앙병원 3,4,47,10
66872,3,9,11,중앙병원 3,4,47,10
66903,4,9,11,중앙병원 3,4,47,11
66950,4,10,11,중앙병원 3,4,47,11
67004,4,10,11,중앙병원 3,4,47,12
67006,4,10,11,중앙병원 3,4,47,12
67008,3,10,11,중앙병원 3,4,47,12
67010,4,9,11,중앙병원 3,4,47,12
67011,3,9,11,중앙병원 3,4,47,12
67017,4,8,11,중앙병원 3,4,47,12
67026,3,8,11,중앙병원 3,4,47,13
67055,4,7,11,중앙병원 3,4,47,13
67057,3,7,11,중앙병원 3,4,47,13
67078,2,6,11,중앙병원 3,4,47,13
67129,5,7,10,중앙병원 3,4,47,14
67129,4,7,10,중앙병원 3,4,47,14
67159,3,7,10,중앙병원 3,4,47,15
67175,3,7,10,중앙병원 3,4,47,15
67189,3,6,10,중앙병원 3,4,47,15
67215,2,5,11,중앙병원 3,4,47,16
67226,3,7,10,중앙병원 3,4,47,16
67243,3,6,10,중앙병원 3,4,47,16
67248,2,7,10,중앙병원 3,4,47,16
67257,3,7,9,중앙병원 3,4,47,16
67277,4,6,9,중앙병원 3,4,47,17
67292,4,6,9,중앙병원 3,4,47,17
67322,3,7,9,중앙병원 3,4,47,18
67332,3,6,9,중앙병원 3,4,47,18
67341,5,6,9,중앙병원 3,4,47,18
67424,3,6,10,중앙병원 3,4,47,19
67434,4,4,11,중앙병원 3,4,47,19
67439,2,4,11,중앙병원 3,4,47,19
67503,3,7,10,중앙병원 3,4,47,21
67534,3,6,10,중앙병원 3,4,47,21
67589,3,6,11,중앙병원 3,4,47,22
67603,2,5,11,중앙병원 3,4,47,22
67616,5,6,10,중앙병원 3,4,47,22
67624,3,6,10,중앙병원 3,4,47,23
67647,2,5,10,중앙병원 3,4,47,23
67647,2,5,9,중앙병원 3,4,47,23
67649,3,5,8,중앙병원 3,4,47,23
67662,4,4,8,중앙병원 3,4,47,23
67731,3,5,9,중앙병원 3,5,48,0
67757,3,5,9,중앙병원 3,5,48,1
67774,4,2,11,중앙병원 3,5,48,1
67777,3,2,11,중앙병원 3,5,48,1
67777,3,1,11,중앙병원 3,5,48,1
67781,4,0,11,중앙병원 3,5,48,1
67866,4,3,11,중앙병원 3,5,48,3
67968,4,4,11,중앙병원 3,5,48,4
68028,3,4,11,중앙병원 3,5,48,5
68178,2,9,11,중앙병원 3,5,48,8
68226,4,10,10,중앙병원 3,5,48,9
68287,3,12,10,중앙병원 3,5,48,10
68295,5,10,11,중앙병원 3,5,48,10
68336,4,10,11,중앙병원 3,5,48,10
68360,3,10,11,중앙병원 3,5,48,11
68370,3,9,11,중앙병원 3,5,48,11
68421,3,9,11,중앙병원 3,5,48,12
68431,2,8,11,중앙병원 3,5,48,12
68432,4,8,10,중앙병원 3,5,48,12
68470,3,9,10,중앙병원 3,5,48,13
68475,3,8,10,중앙병원 3,5,48,13
68565,4,8,11,중앙병원 3,5,48,14
68604,3,8,11,중앙병원 3,5,48,15
68611,2,7,11,중앙병원 3,5,48,15
68619,3,7,10,중앙병원 3,5,48,15
68624,4,6,10,중앙병원 3,5,48,15
68632,3,6,10,중앙병원 3,5,48,15
68668,3,8,10,중앙병원 3,5,48,16
68685,3,7,10,중앙병원 3,5,48,16
68687,4,6,10,중앙병원 3,5,48,16
68698,3,6,11,중앙병원 3,5,48,16
68740,3,5,11,중앙병원 3,5,48,17
68750,4,4,11,중앙병원 3,5,48,17
68781,4,4,11,중앙병원 3,5,48,18
68786,5,4,11,중앙병원 3,5,48,18
68811,4,5,11,중앙병원 3,5,48,18
68848,4,5,11,중앙병원 3,5,48,19
68867,5,5,11,중앙병원 3,5,48,19
68881,3,5,11,중앙병원 3,5,48,20
68885,4,5,11,중앙병원 3,5,48,20
68937,4,9,11,중앙병원 3,5,48,20
68962,3,9,11,중앙병원 3,5,48,21
68990,2,8,11,중앙병원 3,5,48,21
69029,3,8,10,중앙병원 3,5,48,22
69040,3,8,10,중앙병원 3,5,48,22
69046,3,7,10,중앙병원 3,5,48,22
69050,3,6,10,중앙병원 3,5,48,22
69051,3,5,10,중앙병원 3,5,48,22
69064,5,6,10,중앙병원 3,5,48,23
69120,4,7,10,중앙병원 3,6,49,0
69135,3,7,10,중앙병원 3,6,49,0
69163,4,6,11,중앙병원 3,6,49,0
69198,3,6,11,중앙병원 3,6,49,1
69199,5,5,11,중앙병원 3,6,49,1
69209,3,5,11,중앙병원 3,6,49,1
69233,4,4,11,중앙병원 3,6,49,1
69267,3,5,11,중앙병원 3,6,49,2
69275,1,4,11,중앙병원 3,6,49,2
69295,3,4,10,중앙병원 3,6,49,2
69298,3,3,10,중앙병원 3,6,49,2
69298,3,2,10,중앙병원 3,6,49,2
69325,4,1,10,중앙병원 3,6,49,3
69365,4,2,10,중앙병원 3,6,49,4
69630,3,13,11,중앙병원 3,6,49,8
69632,4,12,11,중앙병원 3,6,49,8
69636,3,12,11,중앙병원 3,6,49,8
69650,3,12,11,중앙병원 3,6,49,8
69655,3,11,11,중앙병원 3,6,49,8
69691,3,10,11,중앙병원 3,6,49,9
69699,3,9,11,중앙병원 3,6,49,9
69702,3,8,11,중앙병원 3,6,49,9
69706,3,7,11,중앙병원 3,6,49,9
69723,3,6,11,중앙병원 3,6,49,10
69751,3,5,11,중앙병원 3,6,49,10
69754,3,4,11,중앙병원 3,6,49,10
69799,4,3,11,중앙병원 3,6,49,11
69824,3,3,11,중앙병원 3,6,49,11
69832,3,2,11,중앙병원 3,6,49,11
69848,3,1,11,중앙병원 3,6,49,12
69878,4,2,11,중앙병원 3,6,49,12
69901,4,2,11,중앙병원 3,6,49,13
69918,3,4,11,중앙병원 3,6,49,13
69926,5,3,11,중앙병원 3,6,49,13
69926,3,3,11,중앙병원 3,6,49,13
69933,4,3,11,중앙병원 3,6,49,13
69935,3,3,11,중앙병원 3,6,49,13
69972,4,4,11,중앙병원 3,6,49,14
69975,4,4,11,중앙병원 3,6,49,14
70001,3,5,11,중앙병원 3,6,49,14
70017,5,4,11,중앙병원 3,6,49,14
70043,2,4,11,중앙병원 3,6,49,15
70052,3,4,10,중앙병원 3,6,49,15
70059,5,3,10,중앙병원 3,6,49,15
70062,5,3,10,중앙병원 3,6,49,15
70083,3,3,10,중앙병원 3,6,49,16
70116,4,3,10,중앙병원 3,6,49,16
70171,3,6,10,중앙병원 3,6,49,17
70186,3,5,10,중앙병원 3,6,49,17
70190,3,4,10,중앙병원 3,6,49,17
70192,2,3,10,중앙병원 3,6,49,17
70207,3,2,10,중앙병원 3,6,49,18
70222,1,2,10,중앙병원 3,6,49,18
70256,4,2,9,중앙병원 3,6,49,18
70257,3,2,9,중앙병원 3,6,49,18
70280,3,0,10,중앙병원 3,6,49,19
70303,4,1,10,중앙병원 3,6,49,19
70318,3,1,10,중앙병원 3,6,49,19
70339,2,0,10,중앙병원 3,6,49,20
70372,3,3,9,중앙병원 3,6,49,20
70398,4,2,10,중앙병원 3,6,49,21
70400,3,2,10,중앙병원 3,6,49,21
70407,4,2,10,중앙병원 3,6,49,21
70422,1,3,10,중앙병원 3,6,49,21
70428,3,4,9,중앙병원 3,6,49,21
70459,4,4,9,중앙병원 3,6,49,22
70460,1,4,9,중앙병원 3,6,49,22
70466,2,4,8,중앙병원 3,6,49,22
70520,4,4,8,중앙병원 3,6,49,23
70522,2,4,8,중앙병원 3,6,49,23
70543,3,4,7,중앙병원 3,6,49,23
70595,3,4,9,중앙병원 3,0,50,0
70650,3,2,11,중앙병원 3,0,50,1
70651,5,1,11,중앙병원 3,0,50,1
70668,3,1,11,중앙병원 3,0,50,1
70703,3,1,11,중앙병원 3,0,50,2
70716,3,0,11,중앙병원 3,0,50,2
70719,5,0,11,중앙병원 3,0,50,2
70737,3,0,11,중앙병원 3,0,50,2
70748,5,0,11,중앙병원 3,0,50,3
70785,3,0,11,중앙병원 3,0,50,3
70792,5,0,11,중앙병원 3,0,50,3
70922,3,3,11,중앙병원 3,0,50,6
70934,4,3,11,중앙병원 3,0,50,6
70935,3,3,11,중앙병원 3,0,50,6
71109,2,7,11,중앙병원 3,0,50,9
71113,3,7,10,중앙병원 3,0,50,9
71152,4,8,10,중앙병원 3,0,50,9
71152,1,8,10,중앙병원 3,0,50,9
71165,1,8,9,중앙병원 3,0,50,10
71182,4,8,8,중앙병원 3,0,50,10
71190,3,8,8,중앙병원 3,0,50,10
71249,5,6,10,중앙병원 3,0,50,11
71262,3,6,10,중앙병원 3,0,50,11
71266,3,5,10,중앙병원 3,0,50,11
71270,4,4,10,중앙병원 3,0,50,11
71280,3,4,10,중앙병원 3,0,50,12
71284,3,3,10,중앙병원 3,0,50,12
71288,3,2,10,중앙병원 3,0,50,12
71313,3,2,10,중앙병원 3,0,50,12
71329,4,0,11,중앙병원 3,0,50,12
71334,3,0,11,중앙병원 3,0,50,12
71378,3,0,11,중앙병원 3,0,50,13
71394,3,0,11,중앙병원 3,0,50,13
71399,3,0,11,중앙병원 3,0,50,13
71399,3,0,11,중앙병원 3,0,50,13
71405,4,0,11,중앙병원 3,0,50,14
71410,3,0,11,중앙병원 3,0,50,14
71415,1,0,11,중앙병원 3,0,50,14
71419,2,0,10,중앙병원 3,0,50,14
71436,3,0,9,중앙병원 3,0,50,14
71439,3,0,9,중앙병원 3,0,50,14
71448,3,0,9,중앙병원 3,0,50,14
71454,5,0,9,중앙병원 3,0,50,14
71460,3,0,9,중앙병원 3,0,50,15
71464,2,0,9,중앙병원 3,0,50,15
71481,4,0,9,중앙병원 3,0,50,15
71490,3,0,9,중앙병원 3,0,50,15
71513,3,0,10,중앙병원 3,0,50,15
71524,3,0,10,중앙병원 3,0,50,16
71546,4,0,10,중앙병원 3,0,50,16
71574,3,0,10,중앙병원 3,0,50,16
71574,3,0,10,중앙병원 3,0,50,16
71580,3,0,10,중앙병원 3,0,50,17
71590,2,0,10,중앙병원 3,0,50,17
71590,2,0,9,중앙병원 3,0,50,17
71600,1,0,9,중앙병원 3,0,50,17
71607,3,0,8,중앙병원 3,0,50,17
71618,4,0,8,중앙병원 3,0,50,17
71619,2,0,8,중앙병원 3,0,50,17
71668,3,0,8,중앙병원 3,0,50,18
71672,3,0,8,중앙병원 3,0,50,18
71680,3,0,8,중앙병원 3,0,50,18
71705,4,0,10,중앙병원 3,0,50,19
71708,4,0,10,중앙병원 3,0,50,19
71734,4,0,10,중앙병원 3,0,50,19
71798,5,0,11,중앙병원 3,0,50,20
71798,2,0,11,중앙병원 3,0,50,20
71817,3,0,10,중앙병원 3,0,50,20
71825,3,0,10,중앙병원 3,0,50,21
71827,4,0,10,중앙병원 3,0,50,21
71832,4,0,10,중앙병원 3,0,50,21
71844,3,0,10,중앙병원 3,0,50,21
71845,3,0,10,중앙병원 3,0,50,21
71854,3,0,10,중앙병원 3,0,50,21
71860,1,0,10,중앙병원 3,0,50,21
71865,5,0,9,중앙병원 3,0,50,21
71878,4,0,9,중앙병원 3,0,50,21
71886,4,0,9,중앙병원 3,0,50,22
71906,4,0,10,중앙병원 3,0,50,22
71908,4,0,10,중앙병원 3,0,50,22
71928,3,0,10,중앙병원 3,0,50,22
71940,3,0,10,중앙병원 3,0,50,23
71963,4,0,11,중앙병원 3,0,50,23
71964,3,0,11,중앙병원 3,0,50,23
71982,3,0,11,중앙병원 3,0,50,23
72021,3,0,11,중앙병원 3,1,51,0
72050,2,0,11,중앙병원 3,1,51,0
72057,5,0,10,중앙병원 3,1,51,0
72083,5,0,10,중앙병원 3,1,51,1
72113,3,0,10,중앙병원 3,1,51,1
72159,4,0,10,중앙병원 3,1,51,2
72231,4,0,11,중앙병원 3,1,51,3
72279,3,0,11,중앙병원 3,1,51,4
72426,3,0,11,중앙병원 3,1,51,7
72456,3,0,11,중앙병원 3,1,51,7
72498,3,0,11,중앙병원 3,1,51,8
72589,3,0,11,중앙병원 3,1,51,9
72590,3,0,11,중앙병원 3,1,51,9
72600,2,0,11,중앙병원 3,1,51,10
72632,3,0,10,중앙병원 3,1,51,10
72649,4,0,10,중앙병원 3,1,51,10
72706,3,0,11,중앙병원 3,1,51,11
72726,3,0,11,중앙병원 3,1,51,12
72744,4,0,11,중앙병원 3,1,51,12
72760,5,0,11,중앙병원 3,1,51,12
72764,4,0,11,중앙병원 3,1,51,12
72767,2,0,11,중앙병원 3,1,51,12
72775,3,0,10,중앙병원 3,1,51,12
72807,4,0,10,중앙병원 3,1,51,13
72847,3,0,11,중앙병원 3,1,51,14
72852,3,0,11,중앙병원 3,1,51,14
72882,4,0,11,중앙병원 3,1,51,14
72892,3,0,11,중앙병원 3,1,51,14
72898,4,0,11,중앙병원 3,1,51,14
72922,4,0,11,중앙병원 3,1,51,15
72936,4,0,11,중앙병원 3,1,51,15
73000,4,0,11,중앙병원 3,1,51,16
73011,4,0,11,중앙병원 3,1,51,16
73020,3,0,11,중앙병원 3,1,51,17
73040,1,0,11,중앙병원 3,1,51,17
73050,3,1,10,중앙병원 3,1,51,17
73065,2,0,10,중앙병원 3,1,51,17
73069,3,0,9,중앙병원 3,1,51,17
73071,1,0,9,중앙병원 3,1,51,17
73112,1,0,8,중앙병원 3,1,51,18
73122,5,3,7,중앙병원 3,1,51,18
73122,4,3,7,중앙병원 3,1,51,18
73129,2,3,8,중앙병원 3,1,51,18
73131,4,3,7,중앙병원 3,1,51,18
73173,3,3,8,중앙병원 3,1,51,19
73233,4,0,11,중앙병원 3,1,51,20
73257,3,0,11,중앙병원 3,1,51,20
73272,4,0,11,중앙병원 3,1,51,21
73291,4,0,11,중앙병원 3,1,51,21
73351,4,1,11,중앙병원 3,1,51,22
73361,4,1,11,중앙병원 3,1,51,22
73369,3,1,11,중앙병원 3,1,51,22
73399,4,1,11,중앙병원 3,1,51,23
73426,2,2,11,중앙병원 3,1,51,23
73435,3,2,10,중앙병원 3,1,51,23
73514,3,3,11,중앙병원 3,2,52,1
73537,4,2,11,중앙병원 3,2,52,1
73546,3,2,11,중앙병원 3,2,52,1
73582,3,3,11,중앙병원 3,2,52,2
73584,4,2,11,중앙병원 3,2,52,2
73588,3,2,11,중앙병원 3,2,52,2
73625,4,3,11,중앙병원 3,2,52,3
73682,4,3,11,중앙병원 3,2,52,4
73762,3,4,11,중앙병원 3,2,52,5
74056,2,10,11,중앙병원 3,2,52,10
74078,5,10,10,중앙병원 3,2,52,10
74122,5,10,10,중앙병원 3,2,52,11
74123,4,10,10,중앙병원 3,2,52,11
74126,3,10,10,중앙병원 3,2,52,11
74134,3,10,10,중앙병원 3,2,52,11
74152,4,10,10,중앙병원 3,2,52,11
74176,4,10,10,중앙병원 3,2,52,12
74178,4,10,10,중앙병원 3,2,52,12
74184,3,10,10,중앙병원 3,2,52,12
74203,5,9,10,중앙병원 3,2,52,12
74214,4,9,10,중앙병원 3,2,52,12
74232,4,9,11,중앙병원 3,2,52,13
74232,4,9,11,중앙병원 3,2,52,13
74237,3,9,11,중앙병원 3,2,52,13
74248,4,8,11,중앙병원 3,2,52,13
74261,3,8,11,중앙병원 3,2,52,13
74261,3,7,11,중앙병원 3,2,52,13
74268,3,6,11,중앙병원 3,2,52,13
74303,3,5,11,중앙병원 3,2,52,14
74333,5,4,11,중앙병원 3,2,52,14
74348,2,4,11,중앙병원 3,2,52,15
74379,3,4,10,중앙병원 3,2,52,15
74385,3,3,10,중앙병원 3,2,52,15
74387,3,2,10,중앙병원 3,2,52,15
74401,3,1,10,중앙병원 3,2,52,16
74575,3,2,11,중앙병원 3,2,52,18
74575,3,1,11,중앙병원 3,2,52,18
74592,2,1,11,중앙병원 3,2,52,19
74629,3,6,10,중앙병원 3,2,52,19
74639,4,6,10,중앙병원 3,2,52,19
74676,3,7,10,중앙병원 3,2,52,20
74688,3,7,10,중앙병원 3,2,52,20
74693,3,7,10,중앙병원 3,2,52,20
74694,4,6,10,중앙병원 3,2,52,20
74695,2,6,10,중앙병원 3,2,52,20
74714,4,7,9,중앙병원 3,2,52,21
74728,2,6,10,중앙병원 3,2,52,21
74746,4,7,9,중앙병원 3,2,52,21
74785,4,7,9,중앙병원 3,2,52,22
74859,3,7,10,중앙병원 3,2,52,23
74866,2,6,10,중앙병원 3,2,52,23
74875,3,5,10,중앙병원 3,2,52,23
74880,3,4,10,중앙병원 3,3,53,0
74924,3,3,10,중앙병원 3,3,53,0
75049,4,4,11,중앙병원 3,3,53,2
75089,3,5,11,중앙병원 3,3,53,3
75116,4,5,11,중앙병원 3,3,53,3
75167,5,6,11,중앙병원 3,3,53,4
75200,4,6,11,중앙병원 3,3,53,5
75319,3,10,11,중앙병원 3,3,53,7
75340,3,10,11,중앙병원 3,3,53,7
75378,3,10,11,중앙병원 3,3,53,8
75379,4,9,11,중앙병원 3,3,53,8
75382,3,9,11,중앙병원 3,3,53,8
75431,5,9,11,중앙병원 3,3,53,9
75452,4,9,11,중앙병원 3,3,53,9
75477,4,9,11,중앙병원 3,3,53,9
75479,3,9,11,중앙병원 3,3,53,9
75518,4,10,11,중앙병원 3,3,53,10
75541,3,10,11,중앙병원 3,3,53,11
75573,2,10,11,중앙병원 3,3,53,11
75582,4,10,10,중앙병원 3,3,53,11
75587,4,10,10,중앙병원 3,3,53,11
75609,4,10,10,중앙병원 3,3,53,12
75635,5,10,10,중앙병원 3,3,53,12
75638,3,10,10,중앙병원 3,3,53,12
75646,4,9,10,중앙병원 3,3,53,12
75729,3,9,11,중앙병원 3,3,53,14
75747,4,10,11,중앙병원 3,3,53,14
75805,4,10,11,중앙병원 3,3,53,15
75808,4,10,11,중앙병원 3,3,53,15
75809,5,10,11,중앙병원 3,3,53,15
75817,4,10,11,중앙병원 3,3,53,15
75839,3,11,11,중앙병원 3,3,53,15
75839,5,10,11,중앙병원 3,3,53,15
75862,3,11,11,중앙병원 3,3,53,16
75927,5,11,11,중앙병원 3,3,53,17
75952,3,11,11,중앙병원 3,3,53,17
76018,2,12,11,중앙병원 3,3,53,18
76021,4,12,10,중앙병원 3,3,53,19
76031,3,12,10,중앙병원 3,3,53,19
76037,3,11,10,중앙병원 3,3,53,19
76053,5,10,10,중앙병원 3,3,53,19
76085,5,9,11,중앙병원 3,3,53,20
76091,3,9,11,중앙병원 3,3,53,20
76102,4,8,11,중앙병원 3,3,53,20
76106,3,8,11,중앙병원 3,3,53,20
76115,3,7,11,중앙병원 3,3,53,20
76152,3,6,11,중앙병원 3,3,53,21
76198,3,6,11,중앙병원 3,3,53,21
76208,3,5,11,중앙병원 3,3,53,22
76225,3,5,11,중앙병원 3,3,53,22
76231,3,4,11,중앙병원 3,3,53,22
76237,3,3,11,중앙병원 3,3,53,22
76257,3,3,11,중앙병원 3,3,53,22
76291,1,4,11,중앙병원 3,3,53,23
76347,4,4,10,중앙병원 3,4,54,0
76393,4,4,11,중앙병원 3,4,54,1
76440,3,8,11,중앙병원 3,4,54,2
76473,4,7,11,중앙병원 3,4,54,2
76545,3,9,11,중앙병원 3,4,54,3
76564,5,8,11,중앙병원 3,4,54,4
76592,4,10,11,중앙병원 3,4,54,4
76632,3,10,11,중앙병원 3,4,54,5
76734,5,12,11,중앙병원 3,4,54,6
76806,4,13,11,중앙병원 3,4,54,8
76838,2,13,11,중앙병원 3,4,54,8
76878,3,14,10,중앙병원 3,4,54,9
76897,4,13,10,중앙병원 3,4,54,9
76914,3,13,10,중앙병원 3,4,54,9
76971,3,12,10,중앙병원 3,4,54,10
77112,2,11,11,중앙병원 3,4,54,13
77119,5,11,10,중앙병원 3,4,54,13
77134,3,11,10,중앙병원 3,4,54,13
77161,4,10,10,중앙병원 3,4,54,14
77224,4,10,10,중앙병원 3,4,54,15
77233,5,9,11,중앙병원 3,4,54,15
77298,3,10,11,중앙병원 3,4,54,16
77337,4,11,11,중앙병원 3,4,54,16
77338,3,11,11,중앙병원 3,4,54,16
77355,4,10,11,중앙병원 3,4,54,17
77364,3,10,11,중앙병원 3,4,54,17
77403,2,9,11,중앙병원 3,4,54,18
77408,4,9,10,중앙병원 3,4,54,18
77423,4,9,10,중앙병원 3,4,54,18
77436,4,9,10,중앙병원 3,4,54,18
77444,4,9,10,중앙병원 3,4,54,18
77485,4,9,11,중앙병원 3,4,54,19
77491,4,10,11,중앙병원 3,4,54,19
77549,4,11,11,중앙병원 3,4,54,20
77570,3,11,11,중앙병원 3,4,54,20
77587,5,10,11,중앙병원 3,4,54,21
77591,3,10,11,중앙병원 3,4,54,21
77615,2,9,11,중앙병원 3,4,54,21
77620,3,9,10,중앙병원 3,4,54,21
77624,4,8,10,중앙병원 3,4,54,21
77638,3,8,10,중앙병원 3,4,54,21
77647,4,8,10,중앙병원 3,4,54,22
77687,2,8,10,중앙병원 3,4,54,22
77696,5,8,9,중앙병원 3,4,54,22
77725,3,7,10,중앙병원 3,4,54,23
77730,3,6,10,중앙병원 3,4,54,23
77734,3,5,10,중앙병원 3,4,54,23
77758,2,4,10,중앙병원 3,4,54,23
77768,2,5,9,중앙병원 3,5,55,0
77926,4,4,11,중앙병원 3,5,55,2
77943,3,4,11,중앙병원 3,5,55,3
77958,3,4,11,중앙병원 3,5,55,3
78014,5,4,11,중앙병원 3,5,55,4
78183,3,8,11,중앙병원 3,5,55,7
78211,3,7,11,중앙병원 3,5,55,7
78249,3,6,11,중앙병원 3,5,55,8
78271,4,6,11,중앙병원 3,5,55,8
78279,4,6,11,중앙병원 3,5,55,8
78284,4,6,11,중앙병원 3,5,55,8
78366,4,8,11,중앙병원 3,5,55,10
78379,3,9,11,중앙병원 3,5,55,10
78385,3,8,11,중앙병원 3,5,55,10
78407,4,7,11,중앙병원 3,5,55,10
78432,4,7,11,중앙병원 3,5,55,11
78444,4,7,11,중앙병원 3,5,55,11
78445,3,7,11,중앙병원 3,5,55,11
78452,4,6,11,중앙병원 3,5,55,11
78476,2,7,11,중앙병원 3,5,55,11
78477,3,8,10,중앙병원 3,5,55,11
78489,2,7,10,중앙병원 3,5,55,12
78500,4,8,9,중앙병원 3,5,55,12
78501,4,8,9,중앙병원 3,5,55,12
78530,3,9,9,중앙병원 3,5,55,12
78554,4,8,9,중앙병원 3,5,55,13
78559,5,8,9,중앙병원 3,5,55,13
78561,4,8,9,중앙병원 3,5,55,13
78563,3,8,9,중앙병원 3,5,55,13
78591,2,7,10,중앙병원 3,5,55,13
78594,4,7,9,중앙병원 3,5,55,13
78597,2,7,9,중앙병원 3,5,55,13
78608,4,6,9,중앙병원 3,5,55,14
78639,4,6,9,중앙병원 3,5,55,14
78687,4,5,11,중앙병원 3,5,55,15
78700,4,6,11,중앙병원 3,5,55,15
78769,4,8,11,중앙병원 3,5,55,16
78773,3,8,11,중앙병원 3,5,55,16
78826,3,7,11,중앙병원 3,5,55,17
78854,3,7,11,중앙병원 3,5,55,18
78920,3,7,11,중앙병원 3,5,55,19
78958,3,6,11,중앙병원 3,5,55,19
79005,4,5,11,중앙병원 3,5,55,20
79005,3,5,11,중앙병원 3,5,55,20
79019,4,4,11,중앙병원 3,5,55,20
79021,3,4,11,중앙병원 3,5,55,21
79046,3,4,11,중앙병원 3,5,55,21
79049,2,3,11,중앙병원 3,5,55,21
79051,3,3,10,중앙병원 3,5,55,21
79063,3,2,10,중앙병원 3,5,55,21
79075,3,1,10,중앙병원 3,5,55,21
79081,3,1,10,중앙병원 3,5,55,22
79082,2,0,10,중앙병원 3,5,55,22
79153,3,2,10,중앙병원 3,5,55,23
79176,3,1,10,중앙병원 3,5,55,23
79184,3,0,10,중앙병원 3,5,55,23
79211,4,0,10,중앙병원 3,6,56,0
79306,2,0,11,중앙병원 3,6,56,1
79321,3,0,10,중앙병원 3,6,56,2
79345,3,3,10,중앙병원 3,6,56,2
79359,4,3,10,중앙병원 3,6,56,2
79411,5,3,11,중앙병원 3,6,56,3
79554,4,8,11,중앙병원 3,6,56,5
79673,5,10,11,중앙병원 3,6,56,7
79749,3,11,11,중앙병원 3,6,56,9
79751,5,10,11,중앙병원 3,6,56,9
79769,3,10,11,중앙병원 3,6,56,9
79773,4,9,11,중앙병원 3,6,56,9
79789,3,9,11,중앙병원 3,6,56,9
79805,2,8,11,중앙병원 3,6,56,10
79817,3,8,10,중앙병원 3,6,56,10
79848,3,8,10,중앙병원 3,6,56,10
79854,3,7,10,중앙병원 3,6,56,10
79861,4,6,10,중앙병원 3,6,56,11
79867,4,6,10,중앙병원 3,6,56,11
79871,4,6,10,중앙병원 3,6,56,11
79890,3,6,10,중앙병원 3,6,56,11
79925,2,5,10,중앙병원 3,6,56,12
79981,4,8,10,중앙병원 3,6,56,13
79993,3,8,10,중앙병원 3,6,56,13
80000,3,7,10,중앙병원 3,6,56,13
80000,4,6,10,중앙병원 3,6,56,13
80034,3,5,11,중앙병원 3,6,56,13
80036,5,4,11,중앙병원 3,6,56,13
80075,5,4,11,중앙병원 3,6,56,14
80171,3,6,11,중앙병원 3,6,56,16
80172,5,5,11,중앙병원 3,6,56,16
80191,3,6,11,중앙병원 3,6,56,16
80194,3,5,11,중앙병원 3,6,56,16
80210,3,4,11,중앙병원 3,6,56,16
80263,3,3,11,중앙병원 3,6,56,17
80279,1,2,11,중앙병원 3,6,56,17
80290,3,2,10,중앙병원 3,6,56,18
80290,3,1,10,중앙병원 3,6,56,18
80294,3,0,10,중앙병원 3,6,56,18
80301,2,0,10,중앙병원 3,6,56,18
80309,3,0,9,중앙병원 3,6,56,18
80315,3,0,9,중앙병원 3,6,56,18
80332,3,0,9,중앙병원 3,6,56,18
80346,2,0,9,중앙병원 3,6,56,19
80391,3,0,9,중앙병원 3,6,56,19
80399,3,0,9,중앙병원 3,6,56,19
80406,3,0,9,중앙병원 3,6,56,20
80424,3,0,9,중앙병원 3,6,56,20
80455,3,0,9,중앙병원 3,6,56,20
80457,3,0,9,중앙병원 3,6,56,20
80481,3,0,10,중앙병원 3,6,56,21
80519,3,0,11,중앙병원 3,6,56,21
80527,3,0,11,중앙병원 3,6,56,22
80566,4,0,11,중앙병원 3,6,56,22
80605,3,0,11,중앙병원 3,6,56,23
80607,3,0,11,중앙병원 3,6,56,23
80611,3,0,11,중앙병원 3,6,56,23
80620,3,0,11,중앙병원 3,6,56,23
80630,3,0,11,중앙병원 3,6,56,23
80637,3,0,11,중앙병원 3,6,56,23
80656,3,0,11,중앙병원 3,0,57,0
80695,3,0,11,중앙병원 3,0,57,0
80720,3,0,11,중앙병원 3,0,57,1
80758,4,0,11,중앙병원 3,0,57,1
80767,5,0,11,중앙병원 3,0,57,2
80768,4,0,11,중앙병원 3,0,57,2
80774,3,0,11,중앙병원 3,0,57,2
80801,5,0,11,중앙병원 3,0,57,2
80841,4,0,11,중앙병원 3,0,57,3
80864,3,0,11,중앙병원 3,0,57,3
80878,5,0,11,중앙병원 3,0,57,3
80886,3,0,11,중앙병원 3,0,57,4
80929,4,0,11,중앙병원 3,0,57,4
80958,3,0,11,중앙병원 3,0,57,5
81021,3,2,11,중앙병원 3,0,57,6
81039,4,2,11,중앙병원 3,0,57,6
81065,3,3,11,중앙병원 3,0,57,7
81082,5,2,11,중앙병원 3,0,57,7
81113,3,3,11,중앙병원 3,0,57,7
81123,5,3,11,중앙병원 3,0,57,8
81125,3,3,11,중앙병원 3,0,57,8
81155,3,2,11,중앙병원 3,0,57,8
81156,3,1,11,중앙병원 3,0,57,8
81158,3,0,11,중앙병원 3,0,57,8
81233,2,5,11,중앙병원 3,0,57,9
81241,2,6,10,중앙병원 3,0,57,10
81247,4,6,9,중앙병원 3,0,57,10
81271,5,7,9,중앙병원 3,0,57,10
81280,3,7,9,중앙병원 3,0,57,10
81290,2,6,9,중앙병원 3,0,57,10
81296,3,6,8,중앙병원 3,0,57,10
81322,4,7,8,중앙병원 3,0,57,11
81331,5,7,8,중앙병원 3,0,57,11
81336,4,7,8,중앙병원 3,0,57,11
81345,3,7,8,중앙병원 3,0,57,11
81361,4,6,8,중앙병원 3,0,57,12
81375,3,5,9,중앙병원 3,0,57,12
81456,3,3,11,중앙병원 3,0,57,13
81468,3,2,11,중앙병원 3,0,57,13
81471,3,2,11,중앙병원 3,0,57,13
81471,4,1,11,중앙병원 3,0,57,13
81476,3,1,11,중앙병원 3,0,57,13
81480,3,0,11,중앙병원 3,0,57,14
81490,2,1,11,중앙병원 3,0,57,14
81497,3,1,10,중앙병원 3,0,57,14
81511,4,0,10,중앙병원 3,0,57,14
81526,3,0,10,중앙병원 3,0,57,14
81532,5,0,10,중앙병원 3,0,57,14
81552,4,0,10,중앙병원 3,0,57,15
81567,4,0,10,중앙병원 3,0,57,15
81573,2,0,10,중앙병원 3,0,57,15
81591,3,1,10,중앙병원 3,0,57,15
81611,2,0,10,중앙병원 3,0,57,16
81629,3,0,9,중앙병원 3,0,57,16
81638,5,0,9,중앙병원 3,0,57,16
81642,5,0,9,중앙병원 3,0,57,16
81672,2,0,9,중앙병원 3,0,57,17
81679,4,0,8,중앙병원 3,0,57,17
81680,4,0,8,중앙병원 3,0,57,17
81686,4,0,8,중앙병원 3,0,57,17
81701,5,2,8,중앙병원 3,0,57,17
81712,2,3,8,중앙병원 3,0,57,17
81739,4,2,9,중앙병원 3,0,57,18
81747,4,3,9,중앙병원 3,0,57,18
81762,5,3,9,중앙병원 3,0,57,18
81763,3,3,9,중앙병원 3,0,57,18
81775,3,2,9,중앙병원 3,0,57,18
81805,4,0,10,중앙병원 3,0,57,19
81818,3,0,10,중앙병원 3,0,57,19
81833,3,0,10,중앙병원 3,0,57,19
81834,3,0,10,중앙병원 3,0,57,19
81848,3,0,10,중앙병원 3,0,57,20
81848,4,0,10,중앙병원 3,0,57,20
81884,5,0,11,중앙병원 3,0,57,20
81888,3,0,11,중앙병원 3,0,57,20
81897,3,0,11,중앙병원 3,0,57,20
81971,3,0,11,중앙병원 3,0,57,22
81993,3,0,11,중앙병원 3,0,57,22
82021,3,0,11,중앙병원 3,0,57,23
82022,3,0,11,중앙병원 3,0,57,23
82023,3,0,11,중앙병원 3,0,57,23
82039,3,0,11,중앙병원 3,0,57,23
82050,3,0,11,중앙병원 3,0,57,23
82051,3,0,11,중앙병원 3,0,57,23
82051,5,0,11,중앙병원 3,0,57,23
82078,4,0,11,중앙병원 3,0,57,23
82079,3,0,11,중앙병원 3,0,57,23
82093,2,0,11,중앙병원 3,1,58,0
82137,3,0,10,중앙병원 3,1,58,0
82164,3,0,10,중앙병원 3,1,58,1
82220,4,0,11,중앙병원 3,1,58,2
82248,3,0,11,중앙병원 3,1,58,2
82255,3,0,11,중앙병원 3,1,58,2
82266,5,0,11,중앙병원 3,1,58,3
82270,4,0,11,중앙병원 3,1,58,3
82482,3,5,11,중앙병원 3,1,58,6
82543,4,8,11,중앙병원 3,1,58,7
82616,5,10,11,중앙병원 3,1,58,8
82622,4,10,11,중앙병원 3,1,58,9
82649,3,11,11,중앙병원 3,1,58,9
82683,4,13,11,중앙병원 3,1,58,10
82732,4,13,11,중앙병원 3,1,58,10
82735,4,13,11,중앙병원 3,1,58,10
82749,1,13,11,중앙병원 3,1,58,11
82780,4,13,10,중앙병원 3,1,58,11
82797,4,14,10,중앙병원 3,1,58,11
82860,3,14,10,중앙병원 3,1,58,13
82908,4,13,10,중앙병원 3,1,58,13
82911,3,13,10,중앙병원 3,1,58,13
82948,5,11,11,중앙병원 3,1,58,14
82972,4,11,11,중앙병원 3,1,58,14
83027,3,12,11,중앙병원 3,1,58,15
83058,4,11,11,중앙병원 3,1,58,16
83081,4,11,11,중앙병원 3,1,58,16
83082,4,11,11,중앙병원 3,1,58,16
83092,3,11,11,중앙병원 3,1,58,16
83107,2,10,11,중앙병원 3,1,58,17
83191,1,9,11,중앙병원 3,1,58,18
83232,5,10,10,중앙병원 3,1,58,19
83254,4,10,10,중앙병원 3,1,58,19
83255,3,10,10,중앙병원 3,1,58,19
83272,3,9,10,중앙병원 3,1,58,19
83283,3,8,10,중앙병원 3,1,58,20
83306,4,7,10,중앙병원 3,1,58,20
83335,4,8,10,중앙병원 3,1,58,20
83374,3,7,11,중앙병원 3,1,58,21
83420,3,8,11,중앙병원 3,1,58,22
83422,3,7,11,중앙병원 3,1,58,22
83426,1,6,11,중앙병원 3,1,58,22
83437,3,6,10,중앙병원 3,1,58,22
83441,3,5,10,중앙병원 3,1,58,22
83454,2,4,10,중앙병원 3,1,58,22
83493,3,6,9,중앙병원 3,1,58,23
83494,4,5,9,중앙병원 3,1,58,23
83503,2,5,9,중앙병원 3,1,58,23
83504,3,5,8,중앙병원 3,1,58,23
83508,3,4,8,중앙병원 3,1,58,23
83608,3,1,10,중앙병원 3,2,59,1
83621,2,0,10,중앙병원 3,2,59,1
83636,5,2,9,중앙병원 3,2,59,1
83660,5,1,10,중앙병원 3,2,59,2
83662,3,1,10,중앙병원 3,2,59,2
83669,3,0,10,중앙병원 3,2,59,2
83669,4,0,10,중앙병원 3,2,59,2
83685,3,0,10,중앙병원 3,2,59,2
83697,4,0,10,중앙병원 3,2,59,2
83718,4,0,11,중앙병원 3,2,59,3
83729,3,0,11,중앙병원 3,2,59,3
83733,5,0,11,중앙병원 3,2,59,3
83847,2,4,11,중앙병원 3,2,59,5
83891,2,4,10,중앙병원 3,2,59,6
83966,3,5,9,중앙병원 3,2,59,7
83972,4,4,9,중앙병원 3,2,59,7
83973,3,4,9,중앙병원 3,2,59,7
83976,4,3,9,중앙병원 3,2,59,7
83993,3,2,10,중앙병원 3,2,59,7
84020,4,2,10,중앙병원 3,2,59,8
84027,4,2,10,중앙병원 3,2,59,8
84050,5,4,10,중앙병원 3,2,59,8
84178,3,9,11,중앙병원 3,2,59,10
84242,3,9,11,중앙병원 3,2,59,12
84280,2,10,11,중앙병원 3,2,59,12
84284,3,10,10,중앙병원 3,2,59,12
84331,3,9,10,중앙병원 3,2,59,13
84353,3,8,10,중앙병원 3,2,59,13
84364,4,7,10,중앙병원 3,2,59,14
84390,4,6,11,중앙병원 3,2,59,14
84393,3,6,11,중앙병원 3,2,59,14
84434,5,7,11,중앙병원 3,2,59,15
84457,4,7,11,중앙병원 3,2,59,15
84462,4,7,11,중앙병원 3,2,59,15
84470,3,7,11,중앙병원 3,2,59,15
84474,5,6,11,중앙병원 3,2,59,15
84572,3,7,11,중앙병원 3,2,59,17
84577,4,6,11,중앙병원 3,2,59,17
84604,3,7,11,중앙병원 3,2,59,18
84616,5,6,11,중앙병원 3,2,59,18
84669,3,7,11,중앙병원 3,2,59,19
84688,5,6,11,중앙병원 3,2,59,19
84703,3,6,11,중앙병원 3,2,59,19
84708,5,6,11,중앙병원 3,2,59,19
84710,3,6,11,중앙병원 3,2,59,19
84738,2,6,11,중앙병원 3,2,59,20
84760,5,7,10,중앙병원 3,2,59,20
84763,5,7,10,중앙병원 3,2,59,20
84780,4,7,10,중앙병원 3,2,59,21
84802,1,8,10,중앙병원 3,2,59,21
84805,3,8,9,중앙병원 3,2,59,21
84812,3,7,9,중앙병원 3,2,59,21
84841,4,6,9,중앙병원 3,2,59,22
84859,3,6,9,중앙병원 3,2,59,22
84877,3,5,9,중앙병원 3,2,59,22
84886,3,4,9,중앙병원 3,2,59,22
84900,3,3,9,중앙병원 3,2,59,23
84919,4,3,10,중앙병원 3,2,59,23
84957,3,3,10,중앙병원 3,2,59,23
84958,3,2,10,중앙병원 3,2,59,23
84984,3,1,11,중앙병원 3,3,60,0
85071,2,4,11,중앙병원 3,3,60,1
85076,3,4,10,중앙병원 3,3,60,1
85089,4,3,10,중앙병원 3,3,60,2
85108,4,4,10,중앙병원 3,3,60,2
85109,3,4,10,중앙병원 3,3,60,2
85167,4,7,10,중앙병원 3,3,60,3
85236,4,9,11,중앙병원 3,3,60,4
85326,3,14,11,중앙병원 3,3,60,6
85355,3,13,11,중앙병원 3,3,60,6
85377,3,12,11,중앙병원 3,3,60,6
85439,3,12,11,중앙병원 3,3,60,7
85451,5,11,11,중앙병원 3,3,60,8
85463,5,11,11,중앙병원 3,3,60,8
85491,3,11,11,중앙병원 3,3,60,8
85583,3,10,11,중앙병원 3,3,60,10
85596,3,9,11,중앙병원 3,3,60,10
85614,4,8,11,중앙병원 3,3,60,10
85644,4,10,11,중앙병원 3,3,60,11
85705,3,11,11,중앙병원 3,3,60,12
85710,4,11,11,중앙병원 3,3,60,12
85735,3,12,11,중앙병원 3,3,60,12
85776,3,11,11,중앙병원 3,3,60,13
85783,4,11,11,중앙병원 3,3,60,13
85795,3,11,11,중앙병원 3,3,60,13
85807,2,10,11,중앙병원 3,3,60,14
85869,3,11,10,중앙병원 3,3,60,15
85877,4,10,10,중앙병원 3,3,60,15
85892,3,9,11,중앙병원 3,3,60,15
85911,1,8,11,중앙병원 3,3,60,15
85933,4,8,10,중앙병원 3,3,60,16
85957,3,8,10,중앙병원 3,3,60,16
85972,4,7,10,중앙병원 3,3,60,16
85980,3,7,10,중앙병원 3,3,60,17
86027,4,8,10,중앙병원 3,3,60,17
86046,3,8,10,중앙병원 3,3,60,18
86064,3,6,11,중앙병원 3,3,60,18
86079,3,5,11,중앙병원 3,3,60,18
86113,4,6,11,중앙병원 3,3,60,19
86126,3,7,11,중앙병원 3,3,60,19
86138,2,6,11,중앙병원 3,3,60,19
86167,3,6,10,중앙병원 3,3,60,20
86172,3,6,10,중앙병원 3,3,60,20
86210,3,6,10,중앙병원 3,3,60,20
86212,3,5,10,중앙병원 3,3,60,20
86241,3,6,10,중앙병원 3,3,60,21
86266,2,5,10,중앙병원 3,3,60,21
86288,4,6,10,중앙병원 3,3,60,22
86308,4,8,10,중앙병원 3,3,60,22
86317,4,8,10,중앙병원 3,3,60,22
86343,2,8,10,중앙병원 3,3,60,23
86392,4,9,9,중앙병원 3,3,60,23
86443,4,7,11,중앙병원 3,4,61,0
86446,4,7,11,중앙병원 3,4,61,0
86500,5,9,11,중앙병원 3,4,61,1
86566,4,11,11,중앙병원 3,4,61,2
86654,3,12,11,중앙병원 3,4,61,4
86657,3,11,11,중앙병원 3,4,61,4
86776,3,11,11,중앙병원 3,4,61,6
86810,3,10,11,중앙병원 3,4,61,6
86879,4,9,11,중앙병원 3,4,61,7
86879,4,9,11,중앙병원 3,4,61,7
86898,2,10,11,중앙병원 3,4,61,8
86911,3,10,10,중앙병원 3,4,61,8
86956,3,9,10,중앙병원 3,4,61,9
86958,4,8,10,중앙병원 3,4,61,9
87006,3,8,10,중앙병원 3,4,61,10
87057,2,7,10,중앙병원 3,4,61,10
87110,4,6,10,중앙병원 3,4,61,11
87142,4,6,11,중앙병원 3,4,61,12
87155,4,6,11,중앙병원 3,4,61,12
87156,5,6,11,중앙병원 3,4,61,12
87157,5,6,11,중앙병원 3,4,61,12
87168,3,7,11,중앙병원 3,4,61,12
87176,3,7,11,중앙병원 3,4,61,12
87200,3,6,11,중앙병원 3,4,61,13
87211,4,5,11,중앙병원 3,4,61,13
87212,3,5,11,중앙병원 3,4,61,13
87233,4,4,11,중앙병원 3,4,61,13
87358,3,7,11,중앙병원 3,4,61,15
87358,3,6,11,중앙병원 3,4,61,15
87383,5,5,11,중앙병원 3,4,61,16
87398,3,5,11,중앙병원 3,4,61,16
87418,4,7,11,중앙병원 3,4,61,16
87435,3,7,11,중앙병원 3,4,61,17
87439,4,6,11,중앙병원 3,4,61,17
87457,5,7,11,중앙병원 3,4,61,17
87507,3,8,11,중앙병원 3,4,61,18
87529,5,7,11,중앙병원 3,4,61,18
87534,3,7,11,중앙병원 3,4,61,18
87557,3,6,11,중앙병원 3,4,61,19
87598,3,6,11,중앙병원 3,4,61,19
87610,2,6,11,중앙병원 3,4,61,20
87637,3,6,10,중앙병원 3,4,61,20
87661,3,5,10,중앙병원 3,4,61,21
87668,3,4,10,중앙병원 3,4,61,21
87691,3,3,10,중앙병원 3,4,61,21
87759,4,6,11,중앙병원 3,4,61,22
87785,3,6,11,중앙병원 3,4,61,23
87834,3,7,11,중앙병원 3,4,61,23
87933,3,9,11,중앙병원 3,5,62,1
87966,3,9,11,중앙병원 3,5,62,2
88024,4,10,11,중앙병원 3,5,62,3
88040,4,10,11,중앙병원 3,5,62,3
88066,4,11,11,중앙병원 3,5,62,3
88114,3,11,11,중앙병원 3,5,62,4
88439,3,15,11,중앙병원 3,5,62,9
88457,3,14,11,중앙병원 3,5,62,10
88481,4,13,11,중앙병원 3,5,62,10
88492,3,13,11,중앙병원 3,5,62,10
88515,3,12,11,중앙병원 3,5,62,11
88590,3,11,11,중앙병원 3,5,62,12
88599,4,10,11,중앙병원 3,5,62,12
88616,3,10,11,중앙병원 3,5,62,12
88641,3,9,11,중앙병원 3,5,62,13
88678,3,8,11,중앙병원 3,5,62,13
88682,2,7,11,중앙병원 3,5,62,14
88683,3,7,10,중앙병원 3,5,62,14
88694,3,6,10,중앙병원 3,5,62,14
88704,4,5,10,중앙병원 3,5,62,14
88707,3,5,10,중앙병원 3,5,62,14
88712,2,4,10,중앙병원 3,5,62,14
88716,2,4,9,중앙병원 3,5,62,14
88747,3,5,8,중앙병원 3,5,62,15
88752,3,4,8,중앙병원 3,5,62,15
88759,3,3,8,중앙병원 3,5,62,15
88765,3,2,8,중앙병원 3,5,62,15
88769,3,1,8,중앙병원 3,5,62,15
88774,2,0,8,중앙병원 3,5,62,15
88828,3,0,9,중앙병원 3,5,62,16
88844,5,0,9,중앙병원 3,5,62,16
88896,3,0,10,중앙병원 3,5,62,17
88912,3,0,10,중앙병원 3,5,62,17
88918,4,0,10,중앙병원 3,5,62,17
88920,4,0,10,중앙병원 3,5,62,18
88939,4,0,10,중앙병원 3,5,62,18
88959,3,0,11,중앙병원 3,5,62,18
88991,4,0,11,중앙병원 3,5,62,19
89021,4,0,11,중앙병원 3,5,62,19
89039,5,1,11,중앙병원 3,5,62,19
89047,2,1,11,중앙병원 3,5,62,20
89084,3,5,10,중앙병원 3,5,62,20
89102,3,5,10,중앙병원 3,5,62,21
89122,3,3,11,중앙병원 3,5,62,21
89156,4,4,11,중앙병원 3,5,62,21
89171,3,5,11,중앙병원 3,5,62,22
89173,3,4,11,중앙병원 3,5,62,22
89184,4,4,11,중앙병원 3,5,62,22
89226,3,5,11,중앙병원 3,5,62,23
89233,4,4,11,중앙병원 3,5,62,23
89237,3,4,11,중앙병원 3,5,62,23
89246,3,3,11,중앙병원 3,5,62,23
89271,4,2,11,중앙병원 3,5,62,23
89289,2,3,11,중앙병원 3,6,63,0
89334,3,3,10,중앙병원 3,6,63,0
89350,5,3,10,중앙병원 3,6,63,1
89352,3,3,10,중앙병원 3,6,63,1
89386,2,2,10,중앙병원 3,6,63,1
89427,4,3,9,중앙병원 3,6,63,2
89449,3,3,9,중앙병원 3,6,63,2
89450,3,2,9,중앙병원 3,6,63,2
89465,3,1,10,중앙병원 3,6,63,3
89566,5,4,10,중앙병원 3,6,63,4
89592,3,3,11,중앙병원 3,6,63,5
89663,3,4,11,중앙병원 3,6,63,6
89688,3,3,11,중앙병원 3,6,63,6
89709,3,2,11,중앙병원 3,6,63,7
89713,4,1,11,중앙병원 3,6,63,7
89749,4,1,11,중앙병원 3,6,63,7
89754,3,1,11,중앙병원 3,6,63,7
89803,4,3,11,중앙병원 3,6,63,8
89820,4,3,11,중앙병원 3,6,63,9
89834,2,4,11,중앙병원 3,6,63,9
89855,4,4,10,중앙병원 3,6,63,9
89861,3,4,10,중앙병원 3,6,63,9
89865,2,3,10,중앙병원 3,6,63,9
89874,3,4,9,중앙병원 3,6,63,9
89878,3,3,9,중앙병원 3,6,63,9
89883,4,2,9,중앙병원 3,6,63,10
89916,3,3,9,중앙병원 3,6,63,10
89918,3,2,9,중앙병원 3,6,63,10
89958,3,0,11,중앙병원 3,6,63,11
89961,4,0,11,중앙병원 3,6,63,11
89968,3,0,11,중앙병원 3,6,63,11
89981,5,0,11,중앙병원 3,6,63,11
89981,2,0,11,중앙병원 3,6,63,11
90004,3,0,10,중앙병원 3,6,63,12
90009,2,0,10,중앙병원 3,6,63,12
90017,3,0,9,중앙병원 3,6,63,12
90053,4,0,10,중앙병원 3,6,63,12
90070,2,0,10,중앙병원 3,6,63,13
90086,3,0,9,중앙병원 3,6,63,13
90087,3,0,9,중앙병원 3,6,63,13
90106,5,0,9,중앙병원 3,6,63,13
90119,3,0,9,중앙병원 3,6,63,13
90144,4,0,9,중앙병원 3,6,63,14
90159,4,0,9,중앙병원 3,6,63,14
90162,3,0,10,중앙병원 3,6,63,14
90166,4,0,10,중앙병원 3,6,63,14
90167,2,0,10,중앙병원 3,6,63,14
90208,4,0,10,중앙병원 3,6,63,15
90248,5,1,10,중앙병원 3,6,63,16
90249,5,1,10,중앙병원 3,6,63,16
90260,3,1,10,중앙병원 3,6,63,16
90302,3,3,10,중앙병원 3,6,63,17
90310,4,2,10,중앙병원 3,6,63,17
90317,3,2,10,중앙병원 3,6,63,17
90346,3,0,11,중앙병원 3,6,63,17
90346,2,0,11,중앙병원 3,6,63,17
90350,3,0,10,중앙병원 3,6,63,17
90355,4,0,10,중앙병원 3,6,63,17
90357,3,0,10,중앙병원 3,6,63,17
90369,3,0,10,중앙병원 3,6,63,18
90395,3,0,10,중앙병원 3,6,63,18
90410,5,0,10,중앙병원 3,6,63,18
90416,4,0,10,중앙병원 3,6,63,18
90426,2,0,10,중앙병원 3,6,63,19
90434,3,0,9,중앙병원 3,6,63,19
90443,3,0,9,중앙병원 3,6,63,19
90466,4,0,9,중앙병원 3,6,63,19
90508,5,0,9,중앙병원 3,6,63,20
90513,3,0,9,중앙병원 3,6,63,20
90516,4,0,10,중앙병원 3,6,63,20
90522,2,0,10,중앙병원 3,6,63,20
90575,3,0,10,중앙병원 3,6,63,21
90608,3,0,10,중앙병원 3,6,63,22
90610,3,0,10,중앙병원 3,6,63,22
90618,3,0,10,중앙병원 3,6,63,22
90626,4,0,10,중앙병원 3,6,63,22
90661,2,0,10,중앙병원 3,6,63,23
90678,5,0,10,중앙병원 3,6,63,23
90699,1,0,10,중앙병원 3,6,63,23
90701,3,0,9,중앙병원 3,6,63,23
90724,3,0,9,중앙병원 3,0,64,0
90757,4,0,9,중앙병원 3,0,64,0
90764,3,0,9,중앙병원 3,0,64,0
90770,5,0,9,중앙병원 3,0,64,0
90777,3,0,10,중앙병원 3,0,64,0
90790,3,0,10,중앙병원 3,0,64,1
90793,3,0,10,중앙병원 3,0,64,1
90833,4,0,10,중앙병원 3,0,64,1
90851,3,0,11,중앙병원 3,0,64,2
90865,5,0,11,중앙병원 3,0,64,2
90916,3,0,11,중앙병원 3,0,64,3
90967,3,0,11,중앙병원 3,0,64,4
91008,3,0,11,중앙병원 3,0,64,4
91039,2,2,11,중앙병원 3,0,64,5
91094,2,3,10,중앙병원 3,0,64,6
91116,3,3,9,중앙병원 3,0,64,6
91125,3,2,9,중앙병원 3,0,64,6
91127,3,1,9,중앙병원 3,0,64,6
91145,2,1,9,중앙병원 3,0,64,7
91162,3,1,8,중앙병원 3,0,64,7
91173,4,1,8,중앙병원 3,0,64,7
91217,2,3,9,중앙병원 3,0,64,8
91320,4,6,10,중앙병원 3,0,64,10
91365,3,5,11,중앙병원 3,0,64,10
91376,2,4,11,중앙병원 3,0,64,10
91416,5,5,10,중앙병원 3,0,64,11
91430,3,5,10,중앙병원 3,0,64,11
91445,3,4,10,중앙병원 3,0,64,12
91449,3,3,10,중앙병원 3,0,64,12
91452,5,2,10,중앙병원 3,0,64,12
91469,3,3,11,중앙병원 3,0,64,12
91505,3,2,11,중앙병원 3,0,64,13
91508,3,1,11,중앙병원 3,0,64,13
91520,3,0,11,중앙병원 3,0,64,13
91520,2,0,11,중앙병원 3,0,64,13
91532,3,0,10,중앙병원 3,0,64,13
91538,3,0,10,중앙병원 3,0,64,13
91542,5,0,10,중앙병원 3,0,64,13
91562,4,0,10,중앙병원 3,0,64,14
91580,3,0,10,중앙병원 3,0,64,14
91588,2,0,10,중앙병원 3,0,64,14
91602,3,0,9,중앙병원 3,0,64,14
91615,3,0,9,중앙병원 3,0,64,14
91618,5,0,9,중앙병원 3,0,64,14
91620,3,0,9,중앙병원 3,0,64,15
91630,3,0,9,중앙병원 3,0,64,15
91643,2,0,9,중앙병원 3,0,64,15
91654,4,0,9,중앙병원 3,0,64,15
91661,5,0,9,중앙병원 3,0,64,15
91667,3,0,9,중앙병원 3,0,64,15
91697,2,0,10,중앙병원 3,0,64,16
91698,5,0,9,중앙병원 3,0,64,16
91742,3,0,10,중앙병원 3,0,64,17
91745,1,0,10,중앙병원 3,0,64,17
91745,3,0,9,중앙병원 3,0,64,17
91752,2,0,9,중앙병원 3,0,64,17
91767,4,0,8,중앙병원 3,0,64,17
91782,3,0,8,중앙병원 3,0,64,17
91786,2,0,8,중앙병원 3,0,64,17
91791,4,0,7,중앙병원 3,0,64,17
91801,4,0,7,중앙병원 3,0,64,18
91806,4,0,7,중앙병원 3,0,64,18
91844,2,0,9,중앙병원 3,0,64,18
91848,3,0,8,중앙병원 3,0,64,18
91872,5,0,9,중앙병원 3,0,64,19
91889,1,0,9,중앙병원 3,0,64,19
91893,3,0,8,중앙병원 3,0,64,19
91910,3,0,9,중앙병원 3,0,64,19
91962,2,0,9,중앙병원 3,0,64,20
91969,3,0,8,중앙병원 3,0,64,20
92003,4,0,9,중앙병원 3,0,64,21
92028,4,0,9,중앙병원 3,0,64,21
92050,4,0,10,중앙병원 3,0,64,22
92079,4,0,10,중앙병원 3,0,64,22
92081,3,0,10,중앙병원 3,0,64,22
92086,5,0,10,중앙병원 3,0,64,22
92088,4,0,10,중앙병원 3,0,64,22
92092,5,0,10,중앙병원 3,0,64,22
92100,4,0,10,중앙병원 3,0,64,23
92118,3,0,11,중앙병원 3,0,64,23
92174,2,0,11,중앙병원 3,1,65,0
92356,3,0,11,중앙병원 3,1,65,3
92364,4,0,11,중앙병원 3,1,65,3
92402,5,0,11,중앙병원 3,1,65,4
92441,3,1,11,중앙병원 3,1,65,4
92484,3,1,11,중앙병원 3,1,65,5
92560,3,2,11,중앙병원 3,1,65,6
92565,4,1,11,중앙병원 3,1,65,6
92607,3,3,11,중앙병원 3,1,65,7
92625,3,2,11,중앙병원 3,1,65,7
92630,4,1,11,중앙병원 3,1,65,7
92632,4,1,11,중앙병원 3,1,65,7
92651,4,1,11,중앙병원 3,1,65,8
92672,3,3,11,중앙병원 3,1,65,8
92674,3,2,11,중앙병원 3,1,65,8
92694,4,2,11,중앙병원 3,1,65,8
92773,4,5,11,중앙병원 3,1,65,10
92786,1,5,11,중앙병원 3,1,65,10
92793,4,5,10,중앙병원 3,1,65,10
92813,3,6,10,중앙병원 3,1,65,10
92842,3,6,10,중앙병원 3,1,65,11
92867,3,5,10,중앙병원 3,1,65,11
92884,5,4,10,중앙병원 3,1,65,12
92901,4,4,10,중앙병원 3,1,65,12
92918,4,4,10,중앙병원 3,1,65,12
92927,4,4,10,중앙병원 3,1,65,12
92958,5,4,11,중앙병원 3,1,65,13
92970,3,6,11,중앙병원 3,1,65,13
92982,4,5,11,중앙병원 3,1,65,13
92994,3,5,11,중앙병원 3,1,65,13
93003,3,4,11,중앙병원 3,1,65,14
93019,3,5,11,중앙병원 3,1,65,14
93022,3,4,11,중앙병원 3,1,65,14
93032,3,3,11,중앙병원 3,1,65,14
93040,4,2,11,중앙병원 3,1,65,14
93057,4,2,11,중앙병원 3,1,65,14
93134,3,3,11,중앙병원 3,1,65,16
93152,3,2,11,중앙병원 3,1,65,16
93208,2,4,11,중앙병원 3,1,65,17
93219,3,6,10,중앙병원 3,1,65,17
93237,4,6,10,중앙병원 3,1,65,17
93273,3,8,10,중앙병원 3,1,65,18
93317,5,10,10,중앙병원 3,1,65,19
93320,4,10,10,중앙병원 3,1,65,19
93328,3,10,10,중앙병원 3,1,65,19
93331,3,9,10,중앙병원 3,1,65,19
93345,5,9,10,중앙병원 3,1,65,19
93382,4,9,11,중앙병원 3,1,65,20
93404,3,9,11,중앙병원 3,1,65,20
93407,4,8,11,중앙병원 3,1,65,20
93438,2,8,11,중앙병원 3,1,65,21
93481,4,9,10,중앙병원 3,1,65,22
93499,2,9,10,중앙병원 3,1,65,22
93531,4,10,9,중앙병원 3,1,65,22
93538,3,10,9,중앙병원 3,1,65,22
93567,5,11,9,중앙병원 3,1,65,23
93571,3,11,9,중앙병원 3,1,65,23
93605,4,10,11,중앙병원 3,2,66,0
93612,4,10,11,중앙병원 3,2,66,0
93620,3,10,11,중앙병원 3,2,66,0
93631,3,9,11,중앙병원 3,2,66,0
93658,3,8,11,중앙병원 3,2,66,0
93666,5,7,11,중앙병원 3,2,66,1
93690,3,7,11,중앙병원 3,2,66,1
93707,3,6,11,중앙병원 3,2,66,1
93721,4,6,11,중앙병원 3,2,66,2
93731,5,6,11,중앙병원 3,2,66,2
93790,3,6,11,중앙병원 3,2,66,3
93854,4,5,11,중앙병원 3,2,66,4
93879,3,6,11,중앙병원 3,2,66,4
93895,3,5,11,중앙병원 3,2,66,4
93964,4,6,11,중앙병원 3,2,66,6
94013,3,8,11,중앙병원 3,2,66,6
94048,3,8,11,중앙병원 3,2,66,7
94081,3,10,11,중앙병원 3,2,66,8
94083,5,9,11,중앙병원 3,2,66,8
94312,3,13,11,중앙병원 3,2,66,11
94333,4,12,11,중앙병원 3,2,66,12
94356,3,12,11,중앙병원 3,2,66,12
94372,4,11,11,중앙병원 3,2,66,12
94392,2,12,11,중앙병원 3,2,66,13
94414,3,13,10,중앙병원 3,2,66,13
94456,3,12,10,중앙병원 3,2,66,14
94469,3,11,10,중앙병원 3,2,66,14
94514,3,9,11,중앙병원 3,2,66,15
94535,4,8,11,중앙병원 3,2,66,15
94550,5,8,11,중앙병원 3,2,66,15
94569,3,8,11,중앙병원 3,2,66,16
94581,4,7,11,중앙병원 3,2,66,16
94619,3,7,11,중앙병원 3,2,66,16
94633,4,6,11,중앙병원 3,2,66,17
94641,3,9,11,중앙병원 3,2,66,17
94655,2,8,11,중앙병원 3,2,66,17
94664,4,8,10,중앙병원 3,2,66,17
94672,2,8,10,중앙병원 3,2,66,17
94673,4,8,9,중앙병원 3,2,66,17
94766,3,9,9,중앙병원 3,2,66,19
94774,3,8,9,중앙병원 3,2,66,19
94783,3,7,9,중앙병원 3,2,66,19
94810,2,4,11,중앙병원 3,2,66,20
94814,4,4,10,중앙병원 3,2,66,20
94817,3,4,10,중앙병원 3,2,66,20
94831,3,3,10,중앙병원 3,2,66,20
94840,3,2,10,중앙병원 3,2,66,20
94861,3,2,10,중앙병원 3,2,66,21
94885,3,2,11,중앙병원 3,2,66,21
94912,3,1,11,중앙병원 3,2,66,21
94967,1,2,11,중앙병원 3,2,66,22
94979,4,4,10,중앙병원 3,2,66,22
95022,3,5,10,중앙병원 3,2,66,23
95027,3,4,10,중앙병원 3,2,66,23
95038,3,3,10,중앙병원 3,2,66,23
95040,4,2,10,중앙병원 3,3,67,0
95041,4,2,10,중앙병원 3,3,67,0
95138,4,5,10,중앙병원 3,3,67,1
95202,3,5,11,중앙병원 3,3,67,2
95203,3,4,11,중앙병원 3,3,67,2
95235,4,4,11,중앙병원 3,3,67,3
95386,5,11,11,중앙병원 3,3,67,5
95409,4,11,11,중앙병원 3,3,67,6
95421,4,11,11,중앙병원 3,3,67,6
95460,3,12,11,중앙병원 3,3,67,7
95465,5,12,11,중앙병원 3,3,67,7
95508,2,13,11,중앙병원 3,3,67,7
95560,4,13,10,중앙병원 3,3,67,8
95603,4,13,10,중앙병원 3,3,67,9
95607,4,13,10,중앙병원 3,3,67,9
95639,4,12,11,중앙병원 3,3,67,9
95675,4,13,11,중앙병원 3,3,67,10
95683,3,13,11,중앙병원 3,3,67,10
95686,3,12,11,중앙병원 3,3,67,10
95692,3,11,11,중앙병원 3,3,67,10
95723,3,10,11,중앙병원 3,3,67,11
95736,4,9,11,중앙병원 3,3,67,11
95784,4,9,11,중앙병원 3,3,67,12
95796,2,9,11,중앙병원 3,3,67,12
95816,3,9,10,중앙병원 3,3,67,12
95836,5,8,10,중앙병원 3,3,67,13
95858,5,8,10,중앙병원 3,3,67,13
95878,2,8,10,중앙병원 3,3,67,13
95892,2,7,10,중앙병원 3,3,67,14
95893,2,7,9,중앙병원 3,3,67,14
95933,3,8,8,중앙병원 3,3,67,14
95949,2,7,8,중앙병원 3,3,67,15
95973,5,6,9,중앙병원 3,3,67,15
95975,4,6,9,중앙병원 3,3,67,15
95981,3,6,9,중앙병원 3,3,67,15
95988,4,5,9,중앙병원 3,3,67,15
96070,3,6,10,중앙병원 3,3,67,17
96076,3,5,10,중앙병원 3,3,67,17
96087,5,3,11,중앙병원 3,3,67,17
96126,3,3,11,중앙병원 3,3,67,18
96133,3,2,11,중앙병원 3,3,67,18
96152,5,2,11,중앙병원 3,3,67,18
96155,4,2,11,중앙병원 3,3,67,18
96170,3,4,11,중앙병원 3,3,67,18
96185,3,4,11,중앙병원 3,3,67,19
96196,3,3,11,중앙병원 3,3,67,19
96224,3,2,11,중앙병원 3,3,67,19
96246,3,2,11,중앙병원 3,3,67,20
96259,4,1,11,중앙병원 3,3,67,20
96271,4,2,11,중앙병원 3,3,67,20
96276,3,2,11,중앙병원 3,3,67,20
96339,3,1,11,중앙병원 3,3,67,21
96363,5,1,11,중앙병원 3,3,67,22
96367,3,1,11,중앙병원 3,3,67,22
96380,3,0,11,중앙병원 3,3,67,22
96387,5,0,11,중앙병원 3,3,67,22
96418,3,0,11,중앙병원 3,3,67,22
96434,4,2,11,중앙병원 3,3,67,23
96444,3,3,11,중앙병원 3,3,67,23
96456,3,3,11,중앙병원 3,3,67,23
96465,3,2,11,중앙병원 3,3,67,23
96476,3,2,11,중앙병원 3,3,67,23
96574,4,3,11,중앙병원 3,4,68,1
96578,4,3,11,중앙병원 3,4,68,1
96636,3,4,11,중앙병원 3,4,68,2
96682,4,6,11,중앙병원 3,4,68,3
96716,2,8,11,중앙병원 3,4,68,3
96835,1,10,10,중앙병원 3,4,68,5
96941,4,11,11,중앙병원 3,4,68,7
97030,5,12,11,중앙병원 3,4,68,9
97056,5,12,11,중앙병원 3,4,68,9
97060,4,12,11,중앙병원 3,4,68,9
97073,3,12,11,중앙병원 3,4,68,9
97084,3,11,11,중앙병원 3,4,68,10
97103,3,10,11,중앙병원 3,4,68,10
97118,5,9,11,중앙병원 3,4,68,10
97186,3,10,11,중앙병원 3,4,68,11
97210,3,9,11,중앙병원 3,4,68,12
97211,3,8,11,중앙병원 3,4,68,12
97233,3,7,11,중앙병원 3,4,68,12
97248,3,6,11,중앙병원 3,4,68,12
97258,2,5,11,중앙병원 3,4,68,12
97294,3,6,10,중앙병원 3,4,68,13
97389,4,5,11,중앙병원 3,4,68,15
97405,3,5,11,중앙병원 3,4,68,15
97405,3,4,11,중앙병원 3,4,68,15
97425,3,4,11,중앙병원 3,4,68,15
97454,3,4,11,중앙병원 3,4,68,16
97489,3,4,11,중앙병원 3,4,68,16
97536,4,4,11,중앙병원 3,4,68,17
97641,3,7,11,중앙병원 3,4,68,19
97657,3,7,11,중앙병원 3,4,68,19
97690,3,8,11,중앙병원 3,4,68,20
97733,3,7,11,중앙병원 3,4,68,20
97736,3,6,11,중앙병원 3,4,68,20
97760,2,6,11,중앙병원 3,4,68,21
97774,3,6,10,중앙병원 3,4,68,21
97801,4,6,10,중앙병원 3,4,68,22
97823,5,6,10,중앙병원 3,4,68,22
97833,3,6,11,중앙병원 3,4,68,22
97974,5,7,11,중앙병원 3,5,69,0
98080,4,9,11,중앙병원 3,5,69,2
98099,3,9,11,중앙병원 3,5,69,2
98182,2,11,11,중앙병원 3,5,69,4
98342,4,13,11,중앙병원 3,5,69,7
98355,3,14,11,중앙병원 3,5,69,7
98368,2,14,11,중앙병원 3,5,69,7
98411,3,14,10,중앙병원 3,5,69,8
98436,4,12,11,중앙병원 3,5,69,8
98480,2,12,11,중앙병원 3,5,69,9
98530,4,12,10,중앙병원 3,5,69,10
98559,3,12,10,중앙병원 3,5,69,10
98601,4,10,11,중앙병원 3,5,69,11
98633,2,10,11,중앙병원 3,5,69,11
98656,3,10,10,중앙병원 3,5,69,12
98674,1,9,10,중앙병원 3,5,69,12
98679,4,10,9,중앙병원 3,5,69,12
98686,3,10,9,중앙병원 3,5,69,12
98693,3,9,9,중앙병원 3,5,69,12
98708,3,8,9,중앙병원 3,5,69,13
98730,4,7,9,중앙병원 3,5,69,13
98771,5,6,10,중앙병원 3,5,69,14
98813,4,8,10,중앙병원 3,5,69,14
98814,3,8,10,중앙병원 3,5,69,14
98816,3,7,10,중앙병원 3,5,69,14
98838,3,7,10,중앙병원 3,5,69,15
98929,4,6,11,중앙병원 3,5,69,16
98987,1,7,11,중앙병원 3,5,69,17
98993,3,7,10,중앙병원 3,5,69,17
99005,3,6,10,중앙병원 3,5,69,18
99020,4,5,10,중앙병원 3,5,69,18
99025,4,5,10,중앙병원 3,5,69,18
99041,3,6,10,중앙병원 3,5,69,18
99057,3,5,10,중앙병원 3,5,69,18
99066,3,4,10,중앙병원 3,5,69,19
99074,3,3,10,중앙병원 3,5,69,19
99201,4,5,11,중앙병원 3,5,69,21
99219,3,6,11,중앙병원 3,5,69,21
99236,2,5,11,중앙병원 3,5,69,21
99241,5,5,10,중앙병원 3,5,69,22
99277,3,6,10,중앙병원 3,5,69,22
99324,4,6,10,중앙병원 3,5,69,23
99339,3,7,10,중앙병원 3,5,69,23
99346,2,6,10,중앙병원 3,5,69,23
99359,4,7,9,중앙병원 3,5,69,23
99364,3,7,9,중앙병원 3,6,70,0
99382,3,7,9,중앙병원 3,6,70,0
99408,2,6,9,중앙병원 3,6,70,0
99437,2,6,9,중앙병원 3,6,70,1
99450,5,5,9,중앙병원 3,6,70,1
99456,4,5,9,중앙병원 3,6,70,1
99462,5,5,9,중앙병원 3,6,70,1
99464,3,5,9,중앙병원 3,6,70,1
99497,4,6,9,중앙병원 3,6,70,2
99506,3,7,9,중앙병원 3,6,70,2
99513,3,6,9,중앙병원 3,6,70,2
99526,3,5,9,중앙병원 3,6,70,2
99548,4,3,11,중앙병원 3,6,70,3
99652,3,6,11,중앙병원 3,6,70,4
99657,3,5,11,중앙병원 3,6,70,4
99726,3,4,11,중앙병원 3,6,70,6
99726,4,3,11,중앙병원 3,6,70,6
99788,3,6,11,중앙병원 3,6,70,7
99908,1,8,11,중앙병원 3,6,70,9
99922,4,9,10,중앙병원 3,6,70,9
99938,3,10,10,중앙병원 3,6,70,9
99944,4,10,10,중앙병원 3,6,70,9
99945,2,10,10,중앙병원 3,6,70,9
99947,4,10,9,중앙병원 3,6,70,9
99966,4,11,9,중앙병원 3,6,70,10
99972,3,11,9,중앙병원 3,6,70,10
99973,4,10,9,중앙병원 3,6,70,10
99975,4,10,9,중앙병원 3,6,70,10
99980,3,10,9,중앙병원 3,6,70,10
99980,3,9,9,중앙병원 3,6,70,10
99986,3,8,9,중앙병원 3,6,70,10
99989,3,7,9,중앙병원 3,6,70,10
100006,3,7,9,중앙병원 3,6,70,10
100019,2,5,10,중앙병원 3,6,70,10
100020,3,5,9,중앙병원 3,6,70,11
100036,3,4,9,중앙병원 3,6,70,11
100038,3,3,9,중앙병원 3,6,70,11
100039,4,2,9,중앙병원 3,6,70,11
100042,3,2,9,중앙병원 3,6,70,11
100054,3,0,10,중앙병원 3,6,70,11
100056,3,0,10,중앙병원 3,6,70,11
100059,3,0,10,중앙병원 3,6,70,11
100060,4,0,10,중앙병원 3,6,70,11
100090,3,0,10,중앙병원 3,6,70,12
100091,3,0,10,중앙병원 3,6,70,12
100099,2,0,10,중앙병원 3,6,70,12
100118,5,0,10,중앙병원 3,6,70,12
100136,5,0,10,중앙병원 3,6,70,12
100174,3,0,10,중앙병원 3,6,70,13
100178,3,0,10,중앙병원 3,6,70,13
100187,3,0,10,중앙병원 3,6,70,13
100202,3,0,10,중앙병원 3,6,70,14
100215,3,0,10,중앙병원 3,6,70,14
100235,2,0,10,중앙병원 3,6,70,14
100252,3,0,10,중앙병원 3,6,70,14
100260,3,0,10,중앙병원 3,6,70,15
100269,2,0,10,중앙병원 3,6,70,15
100283,3,0,9,중앙병원 3,6,70,15
100283,3,0,9,중앙병원 3,6,70,15
100291,3,0,9,중앙병원 3,6,70,15
100334,5,0,10,중앙병원 3,6,70,16
100349,2,0,10,중앙병원 3,6,70,16
100351,3,0,9,중앙병원 3,6,70,16
100380,2,0,9,중앙병원 3,6,70,17
100381,3,0,9,중앙병원 3,6,70,17
100404,1,0,9,중앙병원 3,6,70,17
100416,2,0,8,중앙병원 3,6,70,17
100426,5,0,7,중앙병원 3,6,70,17
100450,4,0,7,중앙병원 3,6,70,18
100459,3,0,7,중앙병원 3,6,70,18
100501,3,0,8,중앙병원 3,6,70,19
100517,3,0,10,중앙병원 3,6,70,19
100522,3,0,10,중앙병원 3,6,70,19
100524,3,0,10,중앙병원 3,6,70,19
100531,3,0,10,중앙병원 3,6,70,19
100534,2,0,10,중앙병원 3,6,70,19
100559,5,0,9,중앙병원 3,6,70,19
100568,3,0,9,중앙병원 3,6,70,20
100578,4,0,9,중앙병원 3,6,70,20
100607,4,0,10,중앙병원 3,6,70,20
100616,3,0,10,중앙병원 3,6,70,20
100618,3,0,10,중앙병원 3,6,70,20
100624,4,0,10,중앙병원 3,6,70,21
100629,3,0,10,중앙병원 3,6,70,21
100660,5,0,11,중앙병원 3,6,70,21
100668,3,0,11,중앙병원 3,6,70,21
100669,4,0,11,중앙병원 3,6,70,21
100675,4,0,11,중앙병원 3,6,70,21
100681,2,0,11,중앙병원 3,6,70,22
100703,3,0,10,중앙병원 3,6,70,22
100717,4,0,10,중앙병원 3,6,70,22
100742,3,0,10,중앙병원 3,6,70,23
100752,5,0,10,중앙병원 3,6,70,23
100790,4,0,10,중앙병원 3,6,70,23
100794,2,0,10,중앙병원 3,6,70,23
100795,4,0,9,중앙병원 3,6,70,23
100802,3,0,9,중앙병원 3,0,71,0
100890,5,0,10,중앙병원 3,0,71,1
100924,3,0,11,중앙병원 3,0,71,2
100944,3,0,11,중앙병원 3,0,71,2
100949,3,0,11,중앙병원 3,0,71,2
101078,2,0,11,중앙병원 3,0,71,4
101188,2,0,11,중앙병원 3,0,71,6
101207,4,0,10,중앙병원 3,0,71,6
101234,3,0,10,중앙병원 3,0,71,7
101265,3,0,10,중앙병원 3,0,71,7
101266,5,0,10,중앙병원 3,0,71,7
101349,5,0,10,중앙병원 3,0,71,9
101361,4,0,10,중앙병원 3,0,71,9
101361,4,0,10,중앙병원 3,0,71,9
101437,4,0,11,중앙병원 3,0,71,10
101459,5,0,11,중앙병원 3,0,71,10
101469,4,0,11,중앙병원 3,0,71,11
101479,2,0,11,중앙병원 3,0,71,11
101500,4,0,10,중앙병원 3,0,71,11
101512,3,1,10,중앙병원 3,0,71,11
101521,5,0,10,중앙병원 3,0,71,12
101526,2,1,10,중앙병원 3,0,71,12
101528,3,1,9,중앙병원 3,0,71,12
101532,3,1,9,중앙병원 3,0,71,12
101535,1,0,9,중앙병원 3,0,71,12
101548,2,0,8,중앙병원 3,0,71,12
101554,4,0,7,중앙병원 3,0,71,12
101556,4,0,7,중앙병원 3,0,71,12
101581,3,0,7,중앙병원 3,0,71,13
101597,3,0,7,중앙병원 3,0,71,13
101607,4,0,8,중앙병원 3,0,71,13
101608,3,0,8,중앙병원 3,0,71,13
101612,4,0,8,중앙병원 3,0,71,13
101613,3,0,8,중앙병원 3,0,71,13
101650,4,0,8,중앙병원 3,0,71,14
101655,3,0,8,중앙병원 3,0,71,14
101682,4,0,10,중앙병원 3,0,71,14
101692,3,0,10,중앙병원 3,0,71,14
101727,3,0,11,중앙병원 3,0,71,15
101754,4,0,11,중앙병원 3,0,71,15
101763,3,0,11,중앙병원 3,0,71,16
101765,5,0,11,중앙병원 3,0,71,16
101774,3,0,11,중앙병원 3,0,71,16
101781,1,0,11,중앙병원 3,0,71,16
101782,3,0,10,중앙병원 3,0,71,16
101784,3,0,10,중앙병원 3,0,71,16
101812,4,0,10,중앙병원 3,0,71,16
101813,2,0,10,중앙병원 3,0,71,16
101814,3,0,9,중앙병원 3,0,71,16
101819,5,0,9,중앙병원 3,0,71,16
101822,3,0,9,중앙병원 3,0,71,17
101822,3,0,9,중앙병원 3,0,71,17
101827,3,0,9,중앙병원 3,0,71,17
101829,4,0,9,중앙병원 3,0,71,17
101833,2,0,9,중앙병원 3,0,71,17
101846,3,0,8,중앙병원 3,0,71,17
101850,3,0,8,중앙병원 3,0,71,17
101866,4,0,9,중앙병원 3,0,71,17
101870,3,0,9,중앙병원 3,0,71,17
101878,3,0,9,중앙병원 3,0,71,17
101888,3,0,9,중앙병원 3,0,71,18
101894,4,0,9,중앙병원 3,0,71,18
101904,2,0,9,중앙병원 3,0,71,18
101907,5,0,8,중앙병원 3,0,71,18
101912,5,0,8,중앙병원 3,0,71,18
101925,5,0,8,중앙병원 3,0,71,18
101942,2,0,8,중앙병원 3,0,71,19
101970,3,0,8,중앙병원 3,0,71,19
101981,4,0,8,중앙병원 3,0,71,19
102000,2,0,9,중앙병원 3,0,71,20
102014,4,0,8,중앙병원 3,0,71,20
102051,4,0,8,중앙병원 3,0,71,20
102052,3,0,8,중앙병원 3,0,71,20
102057,2,0,8,중앙병원 3,0,71,20
102076,3,0,8,중앙병원 3,0,71,21
102109,2,0,9,중앙병원 3,0,71,21
102116,4,0,8,중앙병원 3,0,71,21
102120,2,0,8,중앙병원 3,0,71,22
102122,3,0,7,중앙병원 3,0,71,22
102137,3,0,9,중앙병원 3,0,71,22
102158,3,0,9,중앙병원 3,0,71,22
102158,3,0,9,중앙병원 3,0,71,22
102183,3,0,9,중앙병원 3,0,71,23
102184,4,0,9,중앙병원 3,0,71,23
102232,5,0,9,중앙병원 3,0,71,23
102246,3,0,10,중앙병원 3,1,72,0
102269,4,0,11,중앙병원 3,1,72,0
102273,3,0,11,중앙병원 3,1,72,0
102275,5,0,11,중앙병원 3,1,72,0
102281,3,0,11,중앙병원 3,1,72,0
102291,4,0,11,중앙병원 3,1,72,0
102308,3,0,11,중앙병원 3,1,72,1
102311,4,0,11,중앙병원 3,1,72,1
102330,3,0,11,중앙병원 3,1,72,1
102346,3,0,11,중앙병원 3,1,72,1
102390,3,0,11,중앙병원 3,1,72,2
102395,4,0,11,중앙병원 3,1,72,2
102509,4,0,11,중앙병원 3,1,72,4
102614,3,0,11,중앙병원 3,1,72,6
102653,4,0,11,중앙병원 3,1,72,6
102698,3,0,11,중앙병원 3,1,72,7
102745,3,0,11,중앙병원 3,1,72,8
102783,4,0,11,중앙병원 3,1,72,9
102813,4,0,11,중앙병원 3,1,72,9
102827,3,0,11,중앙병원 3,1,72,9
102837,3,0,11,중앙병원 3,1,72,9
102857,3,0,11,중앙병원 3,1,72,10
102879,2,0,11,중앙병원 3,1,72,10
102885,3,0,10,중앙병원 3,1,72,10
102887,3,0,10,중앙병원 3,1,72,10
102889,3,0,10,중앙병원 3,1,72,10
102891,4,0,10,중앙병원 3,1,72,10
102907,4,0,10,중앙병원 3,1,72,11
102926,3,0,10,중앙병원 3,1,72,11
102926,5,0,10,중앙병원 3,1,72,11
102949,3,0,11,중앙병원 3,1,72,11
102979,3,0,11,중앙병원 3,1,72,12
103073,5,0,11,중앙병원 3,1,72,13
103074,4,0,11,중앙병원 3,1,72,13
103083,3,0,11,중앙병원 3,1,72,14
103088,3,0,11,중앙병원 3,1,72,14
103101,4,0,11,중앙병원 3,1,72,14
103114,3,0,11,중앙병원 3,1,72,14
103169,3,0,11,중앙병원 3,1,72,15
103182,3,0,11,중앙병원 3,1,72,15
103189,4,0,11,중앙병원 3,1,72,15
103224,5,0,11,중앙병원 3,1,72,16
103235,3,0,11,중앙병원 3,1,72,16
103236,3,0,11,중앙병원 3,1,72,16
103238,2,0,11,중앙병원 3,1,72,16
103239,3,0,10,중앙병원 3,1,72,16
103243,4,0,10,중앙병원 3,1,72,16
103274,3,0,10,중앙병원 3,1,72,17
103287,4,0,10,중앙병원 3,1,72,17
103291,3,0,10,중앙병원 3,1,72,17
103294,4,0,10,중앙병원 3,1,72,17
103299,3,0,10,중앙병원 3,1,72,17
103314,3,0,10,중앙병원 3,1,72,17
103347,5,0,11,중앙병원 3,1,72,18
103352,3,0,11,중앙병원 3,1,72,18
103357,3,0,11,중앙병원 3,1,72,18
103361,4,0,11,중앙병원 3,1,72,18
103380,3,0,11,중앙병원 3,1,72,19
103385,3,0,11,중앙병원 3,1,72,19
103414,3,0,11,중앙병원 3,1,72,19
103439,3,0,11,중앙병원 3,1,72,19
103447,3,0,11,중앙병원 3,1,72,20
103455,5,0,11,중앙병원 3,1,72,20
103466,5,0,11,중앙병원 3,1,72,20
103470,3,0,11,중앙병원 3,1,72,20
103477,3,0,11,중앙병원 3,1,72,20
103497,4,0,11,중앙병원 3,1,72,20
103515,3,0,11,중앙병원 3,1,72,21
103542,2,0,11,중앙병원 3,1,72,21
103553,3,0,10,중앙병원 3,1,72,21
103561,3,0,10,중앙병원 3,1,72,22
103573,1,0,10,중앙병원 3,1,72,22
103581,3,0,9,중앙병원 3,1,72,22
103581,3,0,9,중앙병원 3,1,72,22
103588,3,0,9,중앙병원 3,1,72,22
103618,4,0,10,중앙병원 3,1,72,22
103649,3,0,10,중앙병원 3,1,72,23
103658,3,0,10,중앙병원 3,1,72,23
103673,4,0,10,중앙병원 3,1,72,23
103679,4,0,10,중앙병원 3,1,72,23
103704,3,0,11,중앙병원 3,2,73,0
103715,4,0,11,중앙병원 3,2,73,0
103721,3,0,11,중앙병원 3,2,73,0
103764,3,0,11,중앙병원 3,2,73,1
103809,3,0,11,중앙병원 3,2,73,2
103885,4,0,11,중앙병원 3,2,73,3
103892,5,0,11,중앙병원 3,2,73,3
103932,4,0,11,중앙병원 3,2,73,4
103934,2,0,11,중앙병원 3,2,73,4
103990,4,0,10,중앙병원 3,2,73,5
104121,4,0,11,중앙병원 3,2,73,7
104163,4,0,11,중앙병원 3,2,73,8
104249,3,0,11,중앙병원 3,2,73,9
104270,4,0,11,중앙병원 3,2,73,9
104290,3,0,11,중앙병원 3,2,73,10
104303,3,0,11,중앙병원 3,2,73,10
104303,3,0,11,중앙병원 3,2,73,10
104306,4,0,11,중앙병원 3,2,73,10
104323,3,0,11,중앙병원 3,2,73,10
104326,3,0,11,중앙병원 3,2,73,10
104336,3,0,11,중앙병원 3,2,73,10
104337,3,0,11,중앙병원 3,2,73,10
104338,4,0,11,중앙병원 3,2,73,10
104386,3,0,11,중앙병원 3,2,73,11
104405,3,0,11,중앙병원 3,2,73,12
104420,3,0,11,중앙병원 3,2,73,12
104441,3,0,11,중앙병원 3,2,73,12
104449,2,0,11,중앙병원 3,2,73,12
104480,3,0,10,중앙병원 3,2,73,13
104540,3,0,11,중앙병원 3,2,73,14
104549,3,0,11,중앙병원 3,2,73,14
104574,4,0,11,중앙병원 3,2,73,14
104577,5,0,11,중앙병원 3,2,73,14
104591,3,0,11,중앙병원 3,2,73,15
104598,5,0,11,중앙병원 3,2,73,15
104608,5,0,11,중앙병원 3,2,73,15
104635,4,0,11,중앙병원 3,2,73,15
104674,3,0,11,중앙병원 3,2,73,16
104677,2,0,11,중앙병원 3,2,73,16
104687,3,0,10,중앙병원 3,2,73,16
104741,4,0,10,중앙병원 3,2,73,17
104778,3,0,10,중앙병원 3,2,73,18
104805,4,0,10,중앙병원 3,2,73,18
104821,3,0,10,중앙병원 3,2,73,19
104826,5,0,10,중앙병원 3,2,73,19
104830,4,0,10,중앙병원 3,2,73,19
104855,4,0,11,중앙병원 3,2,73,19
104856,4,0,11,중앙병원 3,2,73,19
104861,4,0,11,중앙병원 3,2,73,19
104863,3,0,11,중앙병원 3,2,73,19
104864,3,0,11,중앙병원 3,2,73,19
104899,4,0,11,중앙병원 3,2,73,20
104912,4,0,11,중앙병원 3,2,73,20
104920,3,0,11,중앙병원 3,2,73,20
104942,5,0,11,중앙병원 3,2,73,21
104973,3,0,11,중앙병원 3,2,73,21
104981,3,0,11,중앙병원 3,2,73,21
105024,2,0,11,중앙병원 3,2,73,22
105068,3,0,10,중앙병원 3,2,73,23
105081,4,0,10,중앙병원 3,2,73,23
105086,4,0,10,중앙병원 3,2,73,23
105103,4,0,10,중앙병원 3,2,73,23
105109,5,0,11,중앙병원 3,2,73,23
105116,5,1,11,중앙병원 3,2,73,23
105128,4,1,11,중앙병원 3,3,74,0
105130,3,1,11,중앙병원 3,3,74,0
105147,4,0,11,중앙병원 3,3,74,0
105218,4,5,11,중앙병원 3,3,74,1
105330,3,9,11,중앙병원 3,3,74,3
105415,3,10,11,중앙병원 3,3,74,4
105456,3,10,11,중앙병원 3,3,74,5
105487,3,9,11,중앙병원 3,3,74,6
105535,3,9,11,중앙병원 3,3,74,6
105606,4,9,11,중앙병원 3,3,74,8
105712,3,11,11,중앙병원 3,3,74,9
105731,3,11,11,중앙병원 3,3,74,10
105773,5,11,11,중앙병원 3,3,74,10
105835,3,12,11,중앙병원 3,3,74,11
105837,2,11,11,중앙병원 3,3,74,11
105845,3,11,10,중앙병원 3,3,74,12
105853,3,10,10,중앙병원 3,3,74,12
105867,3,9,10,중앙병원 3,3,74,12
105869,2,8,10,중앙병원 3,3,74,12
105894,3,8,9,중앙병원 3,3,74,12
105899,3,7,9,중앙병원 3,3,74,12
105923,4,7,9,중앙병원 3,3,74,13
105925,4,7,9,중앙병원 3,3,74,13
105984,3,5,11,중앙병원 3,3,74,14
105985,3,4,11,중앙병원 3,3,74,14
105990,3,4,11,중앙병원 3,3,74,14
106038,2,3,11,중앙병원 3,3,74,15
106065,3,3,10,중앙병원 3,3,74,15
106077,3,3,10,중앙병원 3,3,74,15
106090,5,3,10,중앙병원 3,3,74,16
106105,3,3,10,중앙병원 3,3,74,16
106118,3,3,10,중앙병원 3,3,74,16
106132,3,3,10,중앙병원 3,3,74,16
106151,3,4,10,중앙병원 3,3,74,17
106191,4,2,11,중앙병원 3,3,74,17
106204,4,2,11,중앙병원 3,3,74,18
106215,3,3,11,중앙병원 3,3,74,18
106232,3,2,11,중앙병원 3,3,74,18
106248,3,1,11,중앙병원 3,3,74,18
106334,5,3,11,중앙병원 3,3,74,20
106335,4,3,11,중앙병원 3,3,74,20
106337,5,3,11,중앙병원 3,3,74,20
106346,2,3,11,중앙병원 3,3,74,20
106356,3,3,10,중앙병원 3,3,74,20
106401,4,3,10,중앙병원 3,3,74,21
106448,3,5,10,중앙병원 3,3,74,22
106488,2,5,11,중앙병원 3,3,74,22
106507,2,7,10,중앙병원 3,3,74,23
106521,5,7,9,중앙병원 3,3,74,23
106556,1,7,9,중앙병원 3,3,74,23
106594,4,8,9,중앙병원 3,4,75,0
106600,3,9,9,중앙병원 3,4,75,0
106604,4,8,9,중앙병원 3,4,75,0
106611,4,8,9,중앙병원 3,4,75,0
106627,2,7,10,중앙병원 3,4,75,1
106638,3,7,9,중앙병원 3,4,75,1
106740,2,7,11,중앙병원 3,4,75,3
106753,2,7,10,중앙병원 3,4,75,3
106783,4,7,9,중앙병원 3,4,75,3
106843,3,7,9,중앙병원 3,4,75,4
106989,3,7,11,중앙병원 3,4,75,7
106996,4,6,11,중앙병원 3,4,75,7
107000,3,6,11,중앙병원 3,4,75,7
107007,3,5,11,중앙병원 3,4,75,7
107030,3,4,11,중앙병원 3,4,75,7
107082,4,4,11,중앙병원 3,4,75,8
107116,3,5,11,중앙병원 3,4,75,9
107149,4,4,11,중앙병원 3,4,75,9
107191,3,4,11,중앙병원 3,4,75,10
107197,3,3,11,중앙병원 3,4,75,10
107203,4,2,11,중앙병원 3,4,75,10
107262,3,4,11,중앙병원 3,4,75,11
107301,4,4,11,중앙병원 3,4,75,12
107320,1,5,11,중앙병원 3,4,75,12
107332,5,5,10,중앙병원 3,4,75,12
107333,3,5,10,중앙병원 3,4,75,12
107350,4,5,10,중앙병원 3,4,75,13
107352,3,5,10,중앙병원 3,4,75,13
107368,4,4,10,중앙병원 3,4,75,13
107373,3,4,10,중앙병원 3,4,75,13
107407,3,5,10,중앙병원 3,4,75,14
107416,3,4,10,중앙병원 3,4,75,14
107480,3,3,11,중앙병원 3,4,75,15
107507,2,2,11,중앙병원 3,4,75,15
107509,4,2,10,중앙병원 3,4,75,15
107518,3,2,10,중앙병원 3,4,75,15
107526,3,1,10,중앙병원 3,4,75,16
107587,3,2,10,중앙병원 3,4,75,17
107623,2,2,10,중앙병원 3,4,75,17
107635,4,3,9,중앙병원 3,4,75,17
107639,2,3,9,중앙병원 3,4,75,17
107662,3,3,8,중앙병원 3,4,75,18
107683,3,2,9,중앙병원 3,4,75,18
107705,4,1,9,중앙병원 3,4,75,19
107717,5,0,10,중앙병원 3,4,75,19
107766,3,1,11,중앙병원 3,4,75,20
107782,3,0,11,중앙병원 3,4,75,20
107819,4,1,11,중앙병원 3,4,75,20
107845,3,3,11,중앙병원 3,4,75,21
107869,3,2,11,중앙병원 3,4,75,21
107903,3,1,11,중앙병원 3,4,75,22
107952,3,1,11,중앙병원 3,4,75,23
107972,4,2,11,중앙병원 3,4,75,23
108008,5,3,11,중앙병원 3,5,76,0
108018,4,3,11,중앙병원 3,5,76,0
108088,5,6,11,중앙병원 3,5,76,1
108178,3,10,11,중앙병원 3,5,76,2
108183,3,9,11,중앙병원 3,5,76,3
108279,1,10,11,중앙병원 3,5,76,4
108283,3,10,10,중앙병원 3,5,76,4
108317,3,11,10,중앙병원 3,5,76,5
108463,3,9,11,중앙병원 3,5,76,7
108500,1,8,11,중앙병원 3,5,76,8
108544,3,9,10,중앙병원 3,5,76,9
108564,3,8,10,중앙병원 3,5,76,9
108597,4,8,10,중앙병원 3,5,76,9
108630,4,10,10,중앙병원 3,5,76,10
108663,5,10,10,중앙병원 3,5,76,11
108696,2,10,11,중앙병원 3,5,76,11
108707,3,11,10,중앙병원 3,5,76,11
108722,3,10,10,중앙병원 3,5,76,12
108727,3,9,10,중앙병원 3,5,76,12
108740,5,8,10,중앙병원 3,5,76,12
108745,4,8,10,중앙병원 3,5,76,12
108764,3,8,11,중앙병원 3,5,76,12
108766,4,7,11,중앙병원 3,5,76,12
108787,3,7,11,중앙병원 3,5,76,13
108837,4,7,11,중앙병원 3,5,76,13
108841,3,7,11,중앙병원 3,5,76,14
108842,4,6,11,중앙병원 3,5,76,14
108859,3,6,11,중앙병원 3,5,76,14
108862,3,5,11,중앙병원 3,5,76,14
108870,4,4,11,중앙병원 3,5,76,14
108883,4,4,11,중앙병원 3,5,76,14
108902,3,5,11,중앙병원 3,5,76,15
108910,5,4,11,중앙병원 3,5,76,15
108920,3,4,11,중앙병원 3,5,76,15
108931,2,3,11,중앙병원 3,5,76,15
108978,4,3,10,중앙병원 3,5,76,16
109005,3,4,10,중앙병원 3,5,76,16
109035,2,3,11,중앙병원 3,5,76,17
109085,3,5,10,중앙병원 3,5,76,18
109125,5,6,10,중앙병원 3,5,76,18
109137,3,7,10,중앙병원 3,5,76,18
109161,3,6,10,중앙병원 3,5,76,19
109181,4,4,11,중앙병원 3,5,76,19
109200,3,4,11,중앙병원 3,5,76,20
109242,3,5,11,중앙병원 3,5,76,20
109265,3,7,11,중앙병원 3,5,76,21
109345,4,6,11,중앙병원 3,5,76,22
109365,5,6,11,중앙병원 3,5,76,22
109368,2,6,11,중앙병원 3,5,76,22
109376,4,6,10,중앙병원 3,5,76,22
109387,4,6,10,중앙병원 3,5,76,23
109439,3,7,10,중앙병원 3,5,76,23
109487,3,6,10,중앙병원 3,6,77,0
109506,4,5,11,중앙병원 3,6,77,1
109591,3,8,11,중앙병원 3,6,77,2
109603,3,7,11,중앙병원 3,6,77,2
109636,5,7,11,중앙병원 3,6,77,3
109741,5,11,11,중앙병원 3,6,77,5
109818,3,12,11,중앙병원 3,6,77,6
109857,5,11,11,중앙병원 3,6,77,6
109863,3,11,11,중앙병원 3,6,77,7
109904,3,11,11,중앙병원 3,6,77,7
109912,2,10,11,중앙병원 3,6,77,7
109933,2,10,10,중앙병원 3,6,77,8
109958,2,10,9,중앙병원 3,6,77,8
109959,4,10,8,중앙병원 3,6,77,8
109979,2,10,8,중앙병원 3,6,77,8
110028,3,7,10,중앙병원 3,6,77,9
110064,4,7,10,중앙병원 3,6,77,10
110102,4,7,10,중앙병원 3,6,77,11
110148,1,6,11,중앙병원 3,6,77,11
110160,3,6,10,중앙병원 3,6,77,12
110174,3,5,10,중앙병원 3,6,77,12
110181,2,5,10,중앙병원 3,6,77,12
110208,4,6,9,중앙병원 3,6,77,12
110226,3,5,10,중앙병원 3,6,77,13
110229,3,4,10,중앙병원 3,6,77,13
110231,4,3,10,중앙병원 3,6,77,13
110239,4,3,10,중앙병원 3,6,77,13
110245,4,3,10,중앙병원 3,6,77,13
110277,4,3,10,중앙병원 3,6,77,13
110279,3,3,10,중앙병원 3,6,77,13
110284,5,2,10,중앙병원 3,6,77,14
110303,4,2,10,중앙병원 3,6,77,14
110332,2,2,11,중앙병원 3,6,77,14
110369,4,2,10,중앙병원 3,6,77,15
110378,4,2,10,중앙병원 3,6,77,15
110384,3,2,10,중앙병원 3,6,77,15
110403,3,2,10,중앙병원 3,6,77,16
110406,3,1,10,중앙병원 3,6,77,16
110407,3,0,10,중앙병원 3,6,77,16
110411,3,0,10,중앙병원 3,6,77,16
110452,4,0,10,중앙병원 3,6,77,16
110487,3,0,11,중앙병원 3,6,77,17
110491,3,0,11,중앙병원 3,6,77,17
110501,3,0,11,중앙병원 3,6,77,17
110540,4,0,11,중앙병원 3,6,77,18
110543,3,0,11,중앙병원 3,6,77,18
110545,3,0,11,중앙병원 3,6,77,18
110546,3,0,11,중앙병원 3,6,77,18
110547,3,0,11,중앙병원 3,6,77,18
110563,3,0,11,중앙병원 3,6,77,18
110565,4,0,11,중앙병원 3,6,77,18
110568,2,0,11,중앙병원 3,6,77,18
110621,4,0,10,중앙병원 3,6,77,19
110623,3,0,10,중앙병원 3,6,77,19
110626,3,0,10,중앙병원 3,6,77,19
110636,3,0,10,중앙병원 3,6,77,19
110660,3,0,10,중앙병원 3,6,77,20
110732,5,0,11,중앙병원 3,6,77,21
110738,3,0,11,중앙병원 3,6,77,21
110797,2,0,11,중앙병원 3,6,77,22
110813,1,0,10,중앙병원 3,6,77,22
110816,3,0,9,중앙병원 3,6,77,22
110821,3,0,9,중앙병원 3,6,77,23
110838,4,0,9,중앙병원 3,6,77,23
110842,4,0,9,중앙병원 3,6,77,23
110853,2,0,9,중앙병원 3,6,77,23
110857,4,0,8,중앙병원 3,6,77,23
110857,3,0,8,중앙병원 3,6,77,23
110890,3,0,10,중앙병원 3,0,78,0
110893,3,0,10,중앙병원 3,0,78,0
110925,2,0,10,중앙병원 3,0,78,0
110948,5,0,9,중앙병원 3,0,78,1
110951,4,0,9,중앙병원 3,0,78,1
110960,3,0,9,중앙병원 3,0,78,1
110971,5,0,9,중앙병원 3,0,78,1
111084,3,0,11,중앙병원 3,0,78,3
111128,3,0,11,중앙병원 3,0,78,4
111220,5,0,11,중앙병원 3,0,78,5
111225,4,0,11,중앙병원 3,0,78,5
111316,4,0,11,중앙병원 3,0,78,7
111344,3,2,11,중앙병원 3,0,78,7
111430,3,3,11,중앙병원 3,0,78,9
111463,5,2,11,중앙병원 3,0,78,9
111476,4,3,11,중앙병원 3,0,78,9
111477,3,4,11,중앙병원 3,0,78,9
111554,3,4,11,중앙병원 3,0,78,11
111559,3,3,11,중앙병원 3,0,78,11
111568,3,2,11,중앙병원 3,0,78,11
111615,1,2,11,중앙병원 3,0,78,12
111632,3,3,10,중앙병원 3,0,78,12
111639,3,3,10,중앙병원 3,0,78,12
111643,4,2,10,중앙병원 3,0,78,12
111645,4,2,10,중앙병원 3,0,78,12
111682,3,3,10,중앙병원 3,0,78,13
111683,3,2,10,중앙병원 3,0,78,13
111690,3,1,10,중앙병원 3,0,78,13
111694,4,0,10,중앙병원 3,0,78,13
111696,5,0,10,중앙병원 3,0,78,13
111734,3,0,11,중앙병원 3,0,78,14
111760,4,0,11,중앙병원 3,0,78,14
111766,3,0,11,중앙병원 3,0,78,14
111784,3,0,11,중앙병원 3,0,78,15
111795,3,0,11,중앙병원 3,0,78,15
111813,3,0,11,중앙병원 3,0,78,15
111865,3,0,11,중앙병원 3,0,78,16
111884,4,0,11,중앙병원 3,0,78,16
111885,3,0,11,중앙병원 3,0,78,16
111895,5,0,11,중앙병원 3,0,78,16
111934,3,0,11,중앙병원 3,0,78,17
111941,3,0,11,중앙병원 3,0,78,17
111953,5,0,11,중앙병원 3,0,78,17
111965,5,0,11,중앙병원 3,0,78,18
111969,4,0,11,중앙병원 3,0,78,18
111984,3,1,11,중앙병원 3,0,78,18
111999,3,1,11,중앙병원 3,0,78,18
112008,3,0,11,중앙병원 3,0,78,18
112034,4,0,11,중앙병원 3,0,78,19
112044,3,0,11,중앙병원 3,0,78,19
112087,3,1,11,중앙병원 3,0,78,20
112093,4,1,11,중앙병원 3,0,78,20
112128,3,1,11,중앙병원 3,0,78,20
112131,1,0,11,중앙병원 3,0,78,20
112157,3,2,10,중앙병원 3,0,78,21
112177,3,1,10,중앙병원 3,0,78,21
112182,4,0,10,중앙병원 3,0,78,21
112202,3,0,10,중앙병원 3,0,78,22
112226,2,0,11,중앙병원 3,0,78,22
112244,4,0,10,중앙병원 3,0,78,22
112251,4,0,10,중앙병원 3,0,78,22
112265,3,0,10,중앙병원 3,0,78,23
112281,3,0,10,중앙병원 3,0,78,23
112290,3,0,10,중앙병원 3,0,78,23
112290,5,0,11,중앙병원 3,0,78,23
112297,3,0,11,중앙병원 3,0,78,23
112335,5,0,11,중앙병원 3,1,79,0
112385,3,2,11,중앙병원 3,1,79,1
112398,3,1,11,중앙병원 3,1,79,1
112399,3,1,11,중앙병원 3,1,79,1
112427,3,1,11,중앙병원 3,1,79,1
112493,4,4,11,중앙병원 3,1,79,2
112592,4,4,11,중앙병원 3,1,79,4
112622,3,6,11,중앙병원 3,1,79,5
112689,3,6,11,중앙병원 3,1,79,6
112700,2,6,11,중앙병원 3,1,79,6
112707,2,6,10,중앙병원 3,1,79,6
112719,3,6,9,중앙병원 3,1,79,6
112786,3,10,9,중앙병원 3,1,79,7
112854,3,8,10,중앙병원 3,1,79,8
112862,2,8,10,중앙병원 3,1,79,9
112921,3,7,10,중앙병원 3,1,79,10
112924,4,6,10,중앙병원 3,1,79,10
112957,3,7,10,중앙병원 3,1,79,10
112972,4,6,10,중앙병원 3,1,79,10
112979,3,6,10,중앙병원 3,1,79,10
113015,3,6,10,중앙병원 3,1,79,11
113028,5,5,10,중앙병원 3,1,79,11
113044,2,4,11,중앙병원 3,1,79,12
113046,4,4,10,중앙병원 3,1,79,12
113056,3,4,10,중앙병원 3,1,79,12
113058,3,3,10,중앙병원 3,1,79,12
113067,3,2,10,중앙병원 3,1,79,12
113088,3,1,10,중앙병원 3,1,79,12
113094,4,0,10,중앙병원 3,1,79,12
113100,5,1,10,중앙병원 3,1,79,13
113137,3,1,10,중앙병원 3,1,79,13
113139,3,0,10,중앙병원 3,1,79,13
113146,4,0,10,중앙병원 3,1,79,13
113156,4,0,10,중앙병원 3,1,79,13
113187,3,0,11,중앙병원 3,1,79,14
113202,3,0,11,중앙병원 3,1,79,14
113210,3,0,11,중앙병원 3,1,79,14
113218,4,0,11,중앙병원 3,1,79,14
113271,5,0,11,중앙병원 3,1,79,15
113273,3,0,11,중앙병원 3,1,79,15
113306,3,0,11,중앙병원 3,1,79,16
113319,2,0,11,중앙병원 3,1,79,16
113332,4,0,10,중앙병원 3,1,79,16
113353,4,1,10,중앙병원 3,1,79,17
113369,3,3,10,중앙병원 3,1,79,17
113402,3,3,11,중앙병원 3,1,79,18
113434,3,3,11,중앙병원 3,1,79,18
113467,3,4,11,중앙병원 3,1,79,19
113474,2,3,11,중앙병원 3,1,79,19
113482,3,3,10,중앙병원 3,1,79,19
113536,3,3,10,중앙병원 3,1,79,20
113564,3,3,10,중앙병원 3,1,79,20
113566,3,2,10,중앙병원 3,1,79,20
113591,3,1,10,중앙병원 3,1,79,21
113618,4,0,10,중앙병원 3,1,79,21
113634,2,0,11,중앙병원 3,1,79,21
113635,5,0,10,중앙병원 3,1,79,21
113646,4,0,10,중앙병원 3,1,79,22
113674,4,2,10,중앙병원 3,1,79,22
113687,3,2,10,중앙병원 3,1,79,22
113700,4,2,10,중앙병원 3,1,79,23
113708,4,2,10,중앙병원 3,1,79,23
113727,3,3,10,중앙병원 3,1,79,23
113742,4,2,10,중앙병원 3,1,79,23
113804,5,6,11,중앙병원 3,2,80,0
113840,5,7,11,중앙병원 3,2,80,1
113896,3,9,11,중앙병원 3,2,80,2
113899,4,8,11,중앙병원 3,2,80,2
113913,3,8,11,중앙병원 3,2,80,2
113949,1,8,11,중앙병원 3,2,80,3
113999,4,9,10,중앙병원 3,2,80,3
114131,3,10,11,중앙병원 3,2,80,6
114159,4,10,11,중앙병원 3,2,80,6
114225,5,12,11,중앙병원 3,2,80,7
114254,4,12,11,중앙병원 3,2,80,8
114280,4,12,11,중앙병원 3,2,80,8
114289,4,12,11,중앙병원 3,2,80,8
114332,4,12,11,중앙병원 3,2,80,9
114336,3,12,11,중앙병원 3,2,80,9
114338,5,11,11,중앙병원 3,2,80,9
114348,3,11,11,중앙병원 3,2,80,9
114381,5,10,11,중앙병원 3,2,80,10
114416,2,10,11,중앙병원 3,2,80,10
114429,2,10,10,중앙병원 3,2,80,11
114453,3,11,9,중앙병원 3,2,80,11
114487,2,12,9,중앙병원 3,2,80,12
114493,3,12,8,중앙병원 3,2,80,12
114501,3,11,8,중앙병원 3,2,80,12
114503,5,10,8,중앙병원 3,2,80,12
114519,5,10,8,중앙병원 3,2,80,12
114600,3,7,11,중앙병원 3,2,80,14
114616,4,6,11,중앙병원 3,2,80,14
114630,4,6,11,중앙병원 3,2,80,14
114637,3,6,11,중앙병원 3,2,80,14
114638,4,5,11,중앙병원 3,2,80,14
114649,3,6,11,중앙병원 3,2,80,14
114670,3,5,11,중앙병원 3,2,80,15
114674,2,4,11,중앙병원 3,2,80,15
114681,4,4,10,중앙병원 3,2,80,15
114683,3,4,10,중앙병원 3,2,80,15
114690,5,3,10,중앙병원 3,2,80,15
114714,4,3,10,중앙병원 3,2,80,15
114728,3,4,10,중앙병원 3,2,80,16
114731,3,3,10,중앙병원 3,2,80,16
114834,3,3,11,중앙병원 3,2,80,17
114846,3,2,11,중앙병원 3,2,80,18
114861,5,1,11,중앙병원 3,2,80,18
114891,3,3,11,중앙병원 3,2,80,18
114964,4,4,11,중앙병원 3,2,80,20
114992,3,4,11,중앙병원 3,2,80,20
115001,4,3,11,중앙병원 3,2,80,20
115003,4,3,11,중앙병원 3,2,80,20
115020,4,3,11,중앙병원 3,2,80,21
115038,4,4,11,중앙병원 3,2,80,21
115040,3,4,11,중앙병원 3,2,80,21
115045,5,5,11,중앙병원 3,2,80,21
115131,4,9,11,중앙병원 3,2,80,22
115193,5,9,11,중앙병원 3,2,80,23
115202,3,9,11,중앙병원 3,3,81,0
115212,3,8,11,중앙병원 3,3,81,0
115287,3,9,11,중앙병원 3,3,81,1
115320,4,9,11,중앙병원 3,3,81,2
115349,3,9,11,중앙병원 3,3,81,2
115380,4,8,11,중앙병원 3,3,81,3
115440,3,9,11,중앙병원 3,3,81,4
115518,3,9,11,중앙병원 3,3,81,5
115551,3,8,11,중앙병원 3,3,81,5
115617,3,8,11,중앙병원 3,3,81,6
115698,2,8,11,중앙병원 3,3,81,8
115723,3,9,10,중앙병원 3,3,81,8
115919,4,14,11,중앙병원 3,3,81,11
115938,4,14,11,중앙병원 3,3,81,12
115941,3,15,11,중앙병원 3,3,81,12
115950,4,14,11,중앙병원 3,3,81,12
115952,2,14,11,중앙병원 3,3,81,12
116017,4,14,10,중앙병원 3,3,81,13
116030,3,14,10,중앙병원 3,3,81,13
116033,3,13,10,중앙병원 3,3,81,13
116035,3,12,10,중앙병원 3,3,81,13
116055,3,10,11,중앙병원 3,3,81,14
116082,5,9,11,중앙병원 3,3,81,14
116106,3,9,11,중앙병원 3,3,81,15
116124,3,8,11,중앙병원 3,3,81,15
116139,3,7,11,중앙병원 3,3,81,15
116153,3,6,11,중앙병원 3,3,81,15
116235,4,6,11,중앙병원 3,3,81,17
116257,3,6,11,중앙병원 3,3,81,17
116309,3,6,11,중앙병원 3,3,81,18
116346,3,5,11,중앙병원 3,3,81,19
116354,3,4,11,중앙병원 3,3,81,19
116372,4,5,11,중앙병원 3,3,81,19
116424,3,7,11,중앙병원 3,3,81,20
116425,3,6,11,중앙병원 3,3,81,20
116433,3,5,11,중앙병원 3,3,81,20
116455,3,4,11,중앙병원 3,3,81,20
116465,4,3,11,중앙병원 3,3,81,21
116502,5,5,11,중앙병원 3,3,81,21
116513,3,6,11,중앙병원 3,3,81,21
116525,5,5,11,중앙병원 3,3,81,22
116525,4,5,11,중앙병원 3,3,81,22
116584,3,7,11,중앙병원 3,3,81,23
116626,5,8,11,중앙병원 3,3,81,23
116655,3,8,11,중앙병원 3,4,82,0
116928,3,16,11,중앙병원 3,4,82,4
117082,4,15,11,중앙병원 3,4,82,7
117160,4,15,11,중앙병원 3,4,82,8
117167,3,15,11,중앙병원 3,4,82,8
117270,2,15,11,중앙병원 3,4,82,10
117299,3,15,10,중앙병원 3,4,82,10
117305,5,14,10,중앙병원 3,4,82,11
117319,3,14,10,중앙병원 3,4,82,11
117394,4,12,11,중앙병원 3,4,82,12
117400,4,12,11,중앙병원 3,4,82,12
117447,3,12,11,중앙병원 3,4,82,13
117508,4,12,11,중앙병원 3,4,82,14
117585,3,12,11,중앙병원 3,4,82,15
117595,3,11,11,중앙병원 3,4,82,15
117648,3,12,11,중앙병원 3,4,82,16
117661,4,11,11,중앙병원 3,4,82,17
117690,3,11,11,중앙병원 3,4,82,17
117702,4,10,11,중앙병원 3,4,82,17
117751,5,10,11,중앙병원 3,4,82,18
117809,2,11,11,중앙병원 3,4,82,19
117824,3,11,10,중앙병원 3,4,82,19
117825,3,10,10,중앙병원 3,4,82,19
117837,3,9,10,중앙병원 3,4,82,19
117871,4,9,10,중앙병원 3,4,82,20
117904,3,10,10,중앙병원 3,4,82,21
117931,4,9,10,중앙병원 3,4,82,21
117944,3,8,11,중앙병원 3,4,82,21
118000,3,7,11,중앙병원 3,4,82,22
118056,4,7,11,중앙병원 3,4,82,23
118065,5,7,11,중앙병원 3,4,82,23
118071,3,7,11,중앙병원 3,4,82,23
118078,3,6,11,중앙병원 3,4,82,23
118166,4,9,11,중앙병원 3,5,83,1
118167,3,9,11,중앙병원 3,5,83,1
118276,3,10,11,중앙병원 3,5,83,3
118383,4,9,11,중앙병원 3,5,83,5
118428,3,12,11,중앙병원 3,5,83,5
118534,3,14,11,중앙병원 3,5,83,7
118577,3,13,11,중앙병원 3,5,83,8
118603,4,12,11,중앙병원 3,5,83,8
118635,3,12,11,중앙병원 3,5,83,9
118710,3,11,11,중앙병원 3,5,83,10
118841,4,10,11,중앙병원 3,5,83,12
118843,3,11,11,중앙병원 3,5,83,12
118862,3,10,11,중앙병원 3,5,83,13
118866,3,9,11,중앙병원 3,5,83,13
118889,3,10,11,중앙병원 3,5,83,13
118891,5,9,11,중앙병원 3,5,83,13
118901,3,9,11,중앙병원 3,5,83,13
119003,4,9,11,중앙병원 3,5,83,15
119031,4,10,11,중앙병원 3,5,83,15
119049,4,11,11,중앙병원 3,5,83,16
119078,4,12,11,중앙병원 3,5,83,16
119083,5,12,11,중앙병원 3,5,83,16
119087,3,12,11,중앙병원 3,5,83,16
119089,3,11,11,중앙병원 3,5,83,16
119116,5,10,11,중앙병원 3,5,83,17
119119,3,10,11,중앙병원 3,5,83,17
119133,3,9,11,중앙병원 3,5,83,17
119136,4,8,11,중앙병원 3,5,83,17
119136,2,8,11,중앙병원 3,5,83,17
119142,3,8,10,중앙병원 3,5,83,17
119146,3,7,10,중앙병원 3,5,83,17
119155,2,6,10,중앙병원 3,5,83,17
119210,3,8,10,중앙병원 3,5,83,18
119218,3,7,10,중앙병원 3,5,83,18
119232,3,6,10,중앙병원 3,5,83,19
119236,5,5,10,중앙병원 3,5,83,19
119265,5,6,10,중앙병원 3,5,83,19
119283,3,5,11,중앙병원 3,5,83,20
119298,4,4,11,중앙병원 3,5,83,20
119303,3,4,11,중앙병원 3,5,83,20
119334,3,3,11,중앙병원 3,5,83,20
119341,4,2,11,중앙병원 3,5,83,21
119355,5,2,11,중앙병원 3,5,83,21
119364,5,2,11,중앙병원 3,5,83,21
119410,3,2,11,중앙병원 3,5,83,22
119414,3,1,11,중앙병원 3,5,83,22
119448,3,1,11,중앙병원 3,5,83,22
119450,3,0,11,중앙병원 3,5,83,22
119471,3,0,11,중앙병원 3,5,83,23
119494,4,2,11,중앙병원 3,5,83,23
119566,3,4,11,중앙병원 3,6,84,0
119620,3,5,11,중앙병원 3,6,84,1
119634,2,5,11,중앙병원 3,6,84,1
119638,3,6,10,중앙병원 3,6,84,1
119679,3,6,10,중앙병원 3,6,84,2
119680,3,5,10,중앙병원 3,6,84,2
119682,3,4,10,중앙병원 3,6,84,2
119688,4,3,10,중앙병원 3,6,84,2
119701,4,3,10,중앙병원 3,6,84,3
119784,3,4,11,중앙병원 3,6,84,4
119797,5,4,11,중앙병원 3,6,84,4
119837,3,5,11,중앙병원 3,6,84,5
119843,3,5,11,중앙병원 3,6,84,5
119924,3,5,11,중앙병원 3,6,84,6
119943,3,5,11,중앙병원 3,6,84,7
120000,3,5,11,중앙병원 3,6,84,8
120024,2,5,11,중앙병원 3,6,84,8
120027,3,5,10,중앙병원 3,6,84,8
120052,3,4,10,중앙병원 3,6,84,8
120071,2,3,10,중앙병원 3,6,84,9
120075,5,3,9,중앙병원 3,6,84,9
120087,2,3,9,중앙병원 3,6,84,9
120089,3,3,8,중앙병원 3,6,84,9
120093,3,3,8,중앙병원 3,6,84,9
120108,3,2,8,중앙병원 3,6,84,9
120138,2,3,8,중앙병원 3,6,84,10
120153,3,3,8,중앙병원 3,6,84,10
120174,5,3,8,중앙병원 3,6,84,10
120191,2,5,8,중앙병원 3,6,84,11
120204,3,5,7,중앙병원 3,6,84,11
120218,3,4,7,중앙병원 3,6,84,11
120234,4,2,8,중앙병원 3,6,84,11
120260,5,3,9,중앙병원 3,6,84,12
120294,3,2,10,중앙병원 3,6,84,12
120305,4,2,10,중앙병원 3,6,84,13
120378,4,2,11,중앙병원 3,6,84,14
120379,3,2,11,중앙병원 3,6,84,14
120409,3,3,11,중앙병원 3,6,84,14
120415,4,2,11,중앙병원 3,6,84,14
120422,5,2,11,중앙병원 3,6,84,15
120436,3,2,11,중앙병원 3,6,84,15
120476,3,2,11,중앙병원 3,6,84,15
120494,2,2,11,중앙병원 3,6,84,16
120507,2,3,10,중앙병원 3,6,84,16
120516,3,3,9,중앙병원 3,6,84,16
120534,3,2,9,중앙병원 3,6,84,16
120597,4,1,10,중앙병원 3,6,84,17
120603,5,1,10,중앙병원 3,6,84,18
120607,3,1,10,중앙병원 3,6,84,18
120613,2,0,10,중앙병원 3,6,84,18
120622,4,0,9,중앙병원 3,6,84,18
120633,2,1,9,중앙병원 3,6,84,18
120670,4,2,9,중앙병원 3,6,84,19
120672,4,2,9,중앙병원 3,6,84,19
120675,3,2,9,중앙병원 3,6,84,19
120698,3,1,9,중앙병원 3,6,84,19
120710,5,0,10,중앙병원 3,6,84,19
120721,3,0,11,중앙병원 3,6,84,20
120723,4,0,11,중앙병원 3,6,84,20
120724,5,0,11,중앙병원 3,6,84,20
120725,3,0,11,중앙병원 3,6,84,20
120729,3,0,11,중앙병원 3,6,84,20
120740,2,0,11,중앙병원 3,6,84,20
120753,3,0,10,중앙병원 3,6,84,20
120755,5,0,10,중앙병원 3,6,84,20
120767,4,0,10,중앙병원 3,6,84,20
120826,3,0,10,중앙병원 3,6,84,21
120862,3,0,11,중앙병원 3,6,84,22
120876,3,0,11,중앙병원 3,6,84,22
120892,2,0,11,중앙병원 3,6,84,22
120935,4,0,10,중앙병원 3,6,84,23
120937,3,0,10,중앙병원 3,6,84,23
120941,2,0,10,중앙병원 3,6,84,23
120984,5,0,9,중앙병원 3,0,85,0
121002,5,0,9,중앙병원 3,0,85,0
121072,3,0,11,중앙병원 3,0,85,1
121105,3,0,11,중앙병원 3,0,85,2
121127,3,0,11,중앙병원 3,0,85,2
121140,3,0,11,중앙병원 3,0,85,3
121272,3,0,11,중앙병원 3,0,85,5
121297,4,0,11,중앙병원 3,0,85,5
121334,3,0,11,중앙병원 3,0,85,6
121358,3,0,11,중앙병원 3,0,85,6
121390,2,0,11,중앙병원 3,0,85,7
121433,3,0,10,중앙병원 3,0,85,7
121454,5,2,10,중앙병원 3,0,85,8
121465,4,3,10,중앙병원 3,0,85,8
121515,3,4,11,중앙병원 3,0,85,9
121537,1,3,11,중앙병원 3,0,85,9
121550,3,4,10,중앙병원 3,0,85,9
121615,3,5,11,중앙병원 3,0,85,10
121643,2,4,11,중앙병원 3,0,85,11
121661,3,4,10,중앙병원 3,0,85,11
121672,5,3,10,중앙병원 3,0,85,11
121680,5,3,10,중앙병원 3,0,85,12
121686,4,3,10,중앙병원 3,0,85,12
121687,4,3,10,중앙병원 3,0,85,12
121699,4,4,10,중앙병원 3,0,85,12
121738,4,4,11,중앙병원 3,0,85,12
121741,1,4,11,중앙병원 3,0,85,13
121742,4,4,10,중앙병원 3,0,85,13
121749,3,4,10,중앙병원 3,0,85,13
121759,3,3,10,중앙병원 3,0,85,13
121762,3,2,10,중앙병원 3,0,85,13
121809,3,3,10,중앙병원 3,0,85,14
121820,3,2,11,중앙병원 3,0,85,14
121822,3,2,11,중앙병원 3,0,85,14
121831,3,1,11,중앙병원 3,0,85,14
121865,3,0,11,중앙병원 3,0,85,15
121882,2,0,11,중앙병원 3,0,85,15
121906,3,2,10,중앙병원 3,0,85,15
121922,3,1,10,중앙병원 3,0,85,16
121960,3,1,10,중앙병원 3,0,85,16
121963,5,0,10,중앙병원 3,0,85,16
121976,4,0,10,중앙병원 3,0,85,16
121987,5,0,11,중앙병원 3,0,85,17
121992,3,0,11,중앙병원 3,0,85,17
122001,3,0,11,중앙병원 3,0,85,17
122003,3,0,11,중앙병원 3,0,85,17
122009,4,0,11,중앙병원 3,0,85,17
122013,5,0,11,중앙병원 3,0,85,17
122029,5,0,11,중앙병원 3,0,85,17
122030,3,0,11,중앙병원 3,0,85,17
122056,3,0,11,중앙병원 3,0,85,18
122074,3,0,11,중앙병원 3,0,85,18
122093,3,0,11,중앙병원 3,0,85,18
122115,3,0,11,중앙병원 3,0,85,19
122118,3,0,11,중앙병원 3,0,85,19
122123,3,0,11,중앙병원 3,0,85,19
122125,4,0,11,중앙병원 3,0,85,19
122131,4,0,11,중앙병원 3,0,85,19
122134,4,0,11,중앙병원 3,0,85,19
122136,3,0,11,중앙병원 3,0,85,19
122173,3,0,11,중앙병원 3,0,85,20
122193,4,0,11,중앙병원 3,0,85,20
122209,3,0,11,중앙병원 3,0,85,20
122209,3,0,11,중앙병원 3,0,85,20
122220,4,0,11,중앙병원 3,0,85,21
122236,2,0,11,중앙병원 3,0,85,21
122279,3,0,10,중앙병원 3,0,85,21
122284,4,0,10,중앙병원 3,0,85,22
122334,3,0,10,중앙병원 3,0,85,22
122365,5,0,10,중앙병원 3,0,85,23
122392,3,1,10,중앙병원 3,0,85,23
122449,3,2,11,중앙병원 3,1,86,0
122489,2,2,11,중앙병원 3,1,86,1
122517,3,2,10,중앙병원 3,1,86,1
122519,3,2,10,중앙병원 3,1,86,1
122583,3,3,10,중앙병원 3,1,86,3
122625,3,5,10,중앙병원 3,1,86,3
122671,2,4,11,중앙병원 3,1,86,4
122740,3,8,10,중앙병원 3,1,86,5
122747,4,7,10,중앙병원 3,1,86,5
122785,5,9,10,중앙병원 3,1,86,6
122797,3,8,11,중앙병원 3,1,86,6
122844,4,8,11,중앙병원 3,1,86,7
122925,4,10,11,중앙병원 3,1,86,8
123088,2,13,11,중앙병원 3,1,86,11
123094,3,13,10,중앙병원 3,1,86,11
123100,4,12,10,중앙병원 3,1,86,11
123119,4,12,10,중앙병원 3,1,86,11
123151,4,12,10,중앙병원 3,1,86,12
123154,3,12,10,중앙병원 3,1,86,12
123263,4,10,11,중앙병원 3,1,86,14
123267,3,10,11,중앙병원 3,1,86,14
123276,4,9,11,중앙병원 3,1,86,14
123281,3,9,11,중앙병원 3,1,86,14
123289,3,8,11,중앙병원 3,1,86,14
123381,3,9,11,중앙병원 3,1,86,16
123434,3,8,11,중앙병원 3,1,86,17
123472,3,7,11,중앙병원 3,1,86,17
123516,3,6,11,중앙병원 3,1,86,18
123610,5,8,11,중앙병원 3,1,86,20
123679,3,9,11,중앙병원 3,1,86,21
123699,4,9,11,중앙병원 3,1,86,21
123716,5,10,11,중앙병원 3,1,86,21
123776,4,12,11,중앙병원 3,1,86,22
123784,3,12,11,중앙병원 3,1,86,23
123884,3,12,11,중앙병원 3,2,87,0
123885,5,11,11,중앙병원 3,2,87,0
123899,5,11,11,중앙병원 3,2,87,0
123942,3,13,11,중앙병원 3,2,87,1
123948,4,12,11,중앙병원 3,2,87,1
123984,4,13,11,중앙병원 3,2,87,2
124001,3,13,11,중앙병원 3,2,87,2
124009,3,12,11,중앙병원 3,2,87,2
124054,2,11,11,중앙병원 3,2,87,3
124056,2,11,10,중앙병원 3,2,87,3
124118,4,12,9,중앙병원 3,2,87,4
124133,3,12,9,중앙병원 3,2,87,4
124151,3,11,9,중앙병원 3,2,87,5
124159,4,10,9,중앙병원 3,2,87,5
124226,5,9,11,중앙병원 3,2,87,6
124301,5,11,11,중앙병원 3,2,87,7
124378,2,12,11,중앙병원 3,2,87,8
124394,5,12,10,중앙병원 3,2,87,9
124398,4,12,10,중앙병원 3,2,87,9
124400,3,12,10,중앙병원 3,2,87,9
124492,3,11,11,중앙병원 3,2,87,10
124495,5,10,11,중앙병원 3,2,87,10
124540,4,10,11,중앙병원 3,2,87,11
124546,2,10,11,중앙병원 3,2,87,11
124568,4,10,10,중앙병원 3,2,87,12
124577,3,11,10,중앙병원 3,2,87,12
124598,4,10,10,중앙병원 3,2,87,12
124603,3,10,10,중앙병원 3,2,87,12
124612,3,9,10,중앙병원 3,2,87,12
124640,3,8,10,중앙병원 3,2,87,13
124678,3,7,10,중앙병원 3,2,87,13
124721,3,5,11,중앙병원 3,2,87,14
124721,3,4,11,중앙병원 3,2,87,14
124728,3,3,11,중앙병원 3,2,87,14
124804,3,4,11,중앙병원 3,2,87,16
124827,2,3,11,중앙병원 3,2,87,16
124864,4,4,10,중앙병원 3,2,87,17
124868,5,4,10,중앙병원 3,2,87,17
124887,3,4,10,중앙병원 3,2,87,17
124887,4,3,10,중앙병원 3,2,87,17
124888,4,3,10,중앙병원 3,2,87,17
124907,3,3,10,중앙병원 3,2,87,17
124936,3,3,10,중앙병원 3,2,87,18
124950,3,2,10,중앙병원 3,2,87,18
124973,5,1,10,중앙병원 3,2,87,18
124994,2,0,11,중앙병원 3,2,87,19
125014,4,0,10,중앙병원 3,2,87,19
125021,5,1,10,중앙병원 3,2,87,19
125028,2,1,10,중앙병원 3,2,87,19
125065,4,1,10,중앙병원 3,2,87,20
125071,3,2,10,중앙병원 3,2,87,20
125074,4,1,10,중앙병원 3,2,87,20
125101,3,3,10,중앙병원 3,2,87,21
125104,4,2,10,중앙병원 3,2,87,21
125117,1,2,10,중앙병원 3,2,87,21
125119,2,2,9,중앙병원 3,2,87,21
125163,3,5,8,중앙병원 3,2,87,22
125180,5,6,8,중앙병원 3,2,87,22
125199,3,5,9,중앙병원 3,2,87,22
125204,4,4,9,중앙병원 3,2,87,22
125249,3,4,10,중앙병원 3,2,87,23
125266,3,2,11,중앙병원 3,2,87,23
125269,3,1,11,중앙병원 3,2,87,23
125269,3,0,11,중앙병원 3,2,87,23
125302,2,0,11,중앙병원 3,3,88,0
125413,3,2,10,중앙병원 3,3,88,2
125587,5,6,11,중앙병원 3,3,88,5
125738,3,11,11,중앙병원 3,3,88,7
125834,3,10,11,중앙병원 3,3,88,9
125838,4,9,11,중앙병원 3,3,88,9
125859,3,9,11,중앙병원 3,3,88,9
125897,4,8,11,중앙병원 3,3,88,10
125908,1,9,11,중앙병원 3,3,88,10
125945,3,9,10,중앙병원 3,3,88,11
125947,3,8,10,중앙병원 3,3,88,11
125972,3,7,10,중앙병원 3,3,88,11
125973,4,6,10,중앙병원 3,3,88,11
125982,2,6,10,중앙병원 3,3,88,11
126014,4,6,9,중앙병원 3,3,88,12
126027,2,7,9,중앙병원 3,3,88,12
126028,3,7,8,중앙병원 3,3,88,12
126029,3,6,8,중앙병원 3,3,88,12
126056,2,5,8,중앙병원 3,3,88,12
126059,4,5,7,중앙병원 3,3,88,12
126092,3,4,8,중앙병원 3,3,88,13
126113,3,3,9,중앙병원 3,3,88,13
126126,3,2,9,중앙병원 3,3,88,14
126143,3,2,9,중앙병원 3,3,88,14
126215,3,3,11,중앙병원 3,3,88,15
126271,3,2,11,중앙병원 3,3,88,16
126272,4,1,11,중앙병원 3,3,88,16
126294,5,2,11,중앙병원 3,3,88,16
126321,3,4,11,중앙병원 3,3,88,17
126348,4,3,11,중앙병원 3,3,88,17
126356,2,4,11,중앙병원 3,3,88,17
126358,4,4,10,중앙병원 3,3,88,17
126378,3,4,10,중앙병원 3,3,88,18
126403,4,4,10,중앙병원 3,3,88,18
126423,3,5,10,중앙병원 3,3,88,19
126423,3,4,10,중앙병원 3,3,88,19
126446,5,3,10,중앙병원 3,3,88,19
126482,5,3,11,중앙병원 3,3,88,20
126489,3,3,11,중앙병원 3,3,88,20
126494,3,2,11,중앙병원 3,3,88,20
126525,3,2,11,중앙병원 3,3,88,20
126529,5,1,11,중앙병원 3,3,88,20
126537,4,1,11,중앙병원 3,3,88,20
126560,3,3,11,중앙병원 3,3,88,21
126561,3,2,11,중앙병원 3,3,88,21
126575,4,1,11,중앙병원 3,3,88,21
126645,3,2,11,중앙병원 3,3,88,22
126647,3,1,11,중앙병원 3,3,88,22
126648,2,0,11,중앙병원 3,3,88,22
126661,3,0,10,중앙병원 3,3,88,23
126708,2,2,10,중앙병원 3,3,88,23
126721,3,2,9,중앙병원 3,4,89,0
126725,4,1,9,중앙병원 3,4,89,0
126763,3,3,10,중앙병원 3,4,89,0
126794,5,2,10,중앙병원 3,4,89,1
126890,3,5,11,중앙병원 3,4,89,2
126968,3,6,11,중앙병원 3,4,89,4
126974,3,5,11,중앙병원 3,4,89,4
127046,4,4,11,중앙병원 3,4,89,5
127450,4,16,11,중앙병원 3,4,89,12
127599,4,16,11,중앙병원 3,4,89,14
127608,1,16,11,중앙병원 3,4,89,14
127612,1,16,10,중앙병원 3,4,89,14
127629,4,16,9,중앙병원 3,4,89,15
127644,5,16,9,중앙병원 3,4,89,15
127645,4,16,9,중앙병원 3,4,89,15
127646,3,16,9,중앙병원 3,4,89,15
127679,3,15,9,중앙병원 3,4,89,15
127727,3,13,10,중앙병원 3,4,89,16
127777,3,12,10,중앙병원 3,4,89,17
127782,3,10,11,중앙병원 3,4,89,17
127784,4,9,11,중앙병원 3,4,89,17
127807,5,9,11,중앙병원 3,4,89,18
127834,3,9,11,중앙병원 3,4,89,18
127843,3,8,11,중앙병원 3,4,89,18
127873,3,7,11,중앙병원 3,4,89,19
127904,5,6,11,중앙병원 3,4,89,19
127923,4,6,11,중앙병원 3,4,89,20
127941,4,6,11,중앙병원 3,4,89,20
127966,3,6,11,중앙병원 3,4,89,20
128050,3,5,11,중앙병원 3,4,89,22
128073,3,4,11,중앙병원 3,4,89,22
128113,3,7,11,중앙병원 3,4,89,23
128213,3,9,11,중앙병원 3,5,90,0
128216,3,8,11,중앙병원 3,5,90,0
128282,2,11,11,중앙병원 3,5,90,2
128335,4,11,10,중앙병원 3,5,90,2
128341,5,11,10,중앙병원 3,5,90,3
128575,4,14,11,중앙병원 3,5,90,6
128631,3,15,11,중앙병원 3,5,90,7
128666,3,14,11,중앙병원 3,5,90,8
128745,3,13,11,중앙병원 3,5,90,9
128751,3,12,11,중앙병원 3,5,90,9
128764,4,11,11,중앙병원 3,5,90,10
128809,3,11,11,중앙병원 3,5,90,10
128839,3,10,11,중앙병원 3,5,90,11
128841,3,9,11,중앙병원 3,5,90,11
128843,3,8,11,중앙병원 3,5,90,11
128843,4,7,11,중앙병원 3,5,90,11
128866,4,8,11,중앙병원 3,5,90,11
128904,4,8,11,중앙병원 3,5,90,12
128909,3,8,11,중앙병원 3,5,90,12
128928,4,7,11,중앙병원 3,5,90,12
128939,4,7,11,중앙병원 3,5,90,12
128949,4,7,11,중앙병원 3,5,90,13
128965,3,7,11,중앙병원 3,5,90,13
129038,1,6,11,중앙병원 3,5,90,14
129043,2,6,10,중앙병원 3,5,90,14
129051,2,6,9,중앙병원 3,5,90,14
129067,3,8,8,중앙병원 3,5,90,15
129072,5,7,8,중앙병원 3,5,90,15
129082,4,7,8,중앙병원 3,5,90,15
129111,5,6,9,중앙병원 3,5,90,15
129114,3,6,9,중앙병원 3,5,90,15
129126,3,5,9,중앙병원 3,5,90,16
129143,4,7,9,중앙병원 3,5,90,16
129181,4,5,11,중앙병원 3,5,90,17
129187,4,6,11,중앙병원 3,5,90,17
129219,4,6,11,중앙병원 3,5,90,17
129221,4,6,11,중앙병원 3,5,90,17
129239,3,6,11,중앙병원 3,5,90,17
129242,3,6,11,중앙병원 3,5,90,18
129247,2,5,11,중앙병원 3,5,90,18
129274,3,6,10,중앙병원 3,5,90,18
129285,2,5,10,중앙병원 3,5,90,18
129298,5,5,9,중앙병원 3,5,90,18
129321,4,5,9,중앙병원 3,5,90,19
129354,3,4,10,중앙병원 3,5,90,19
129363,4,3,10,중앙병원 3,5,90,20
129379,5,2,11,중앙병원 3,5,90,20
129439,3,3,11,중앙병원 3,5,90,21
129497,5,6,11,중앙병원 3,5,90,22
129504,2,6,11,중앙병원 3,5,90,22
129508,4,6,10,중앙병원 3,5,90,22
129560,2,8,10,중앙병원 3,5,90,23
129588,4,8,10,중앙병원 3,5,90,23
129601,3,8,10,중앙병원 3,6,91,0
129657,4,8,10,중앙병원 3,6,91,0
129664,3,8,10,중앙병원 3,6,91,1
129717,3,8,10,중앙병원 3,6,91,1
129736,3,6,11,중앙병원 3,6,91,2
129764,3,5,11,중앙병원 3,6,91,2
129768,3,4,11,중앙병원 3,6,91,2
129786,3,3,11,중앙병원 3,6,91,3
129822,3,3,11,중앙병원 3,6,91,3
129843,4,3,11,중앙병원 3,6,91,4
129872,4,3,11,중앙병원 3,6,91,4
129875,3,3,11,중앙병원 3,6,91,4
129948,3,2,11,중앙병원 3,6,91,5
130002,4,1,11,중앙병원 3,6,91,6
130002,3,1,11,중앙병원 3,6,91,6
130088,4,5,11,중앙병원 3,6,91,8
130095,3,5,11,중앙병원 3,6,91,8
130120,4,4,11,중앙병원 3,6,91,8
130207,3,9,11,중앙병원 3,6,91,10
130217,4,9,11,중앙병원 3,6,91,10
130221,4,9,11,중앙병원 3,6,91,10
130228,3,9,11,중앙병원 3,6,91,10
130258,3,8,11,중앙병원 3,6,91,10
130279,3,7,11,중앙병원 3,6,91,11
130339,4,9,11,중앙병원 3,6,91,12
130359,3,9,11,중앙병원 3,6,91,12
130374,3,8,11,중앙병원 3,6,91,12
130385,4,7,11,중앙병원 3,6,91,13
130386,2,7,11,중앙병원 3,6,91,13
130409,1,7,10,중앙병원 3,6,91,13
130461,4,8,9,중앙병원 3,6,91,14
130469,4,9,9,중앙병원 3,6,91,14
130492,3,10,9,중앙병원 3,6,91,14
130494,3,9,9,중앙병원 3,6,91,14
130541,4,8,11,중앙병원 3,6,91,15
130559,3,8,11,중앙병원 3,6,91,15
130584,2,7,11,중앙병원 3,6,91,16
130593,4,7,10,중앙병원 3,6,91,16
130632,3,9,10,중앙병원 3,6,91,17
130645,3,8,10,중앙병원 3,6,91,17
130683,3,7,10,중앙병원 3,6,91,18
130726,4,6,10,중앙병원 3,6,91,18
130733,4,7,10,중앙병원 3,6,91,18
130754,3,7,10,중앙병원 3,6,91,19
130784,3,6,11,중앙병원 3,6,91,19
130786,5,5,11,중앙병원 3,6,91,19
130799,5,5,11,중앙병원 3,6,91,19
130804,2,5,11,중앙병원 3,6,91,20
130808,3,5,10,중앙병원 3,6,91,20
130823,2,5,10,중앙병원 3,6,91,20
130838,3,5,9,중앙병원 3,6,91,20
130843,3,4,9,중앙병원 3,6,91,20
130870,3,3,10,중앙병원 3,6,91,21
130921,2,1,11,중앙병원 3,6,91,22
130943,3,2,10,중앙병원 3,6,91,22
130952,4,1,10,중앙병원 3,6,91,22
131005,4,1,10,중앙병원 3,6,91,23
131030,3,3,10,중앙병원 3,6,91,23
131054,2,4,10,중앙병원 3,0,92,0
131061,4,3,10,중앙병원 3,0,92,0
131105,3,4,10,중앙병원 3,0,92,1
131148,2,5,10,중앙병원 3,0,92,1
131177,3,6,10,중앙병원 3,0,92,2
131209,4,6,11,중앙병원 3,0,92,2
131225,3,6,11,중앙병원 3,0,92,3
131307,3,6,11,중앙병원 3,0,92,4
131487,4,8,11,중앙병원 3,0,92,7
131489,3,8,11,중앙병원 3,0,92,7
131499,4,7,11,중앙병원 3,0,92,7
131500,5,7,11,중앙병원 3,0,92,7
131516,3,7,11,중앙병원 3,0,92,7
131534,5,6,11,중앙병원 3,0,92,8
131583,4,7,11,중앙병원 3,0,92,9
131600,5,7,11,중앙병원 3,0,92,9
131601,3,7,11,중앙병원 3,0,92,9
131608,3,6,11,중앙병원 3,0,92,9
131609,4,5,11,중앙병원 3,0,92,9
131615,3,5,11,중앙병원 3,0,92,9
131631,5,5,11,중앙병원 3,0,92,9
131672,3,6,11,중앙병원 3,0,92,10
131677,3,6,11,중앙병원 3,0,92,10
131681,3,5,11,중앙병원 3,0,92,10
131686,3,4,11,중앙병원 3,0,92,10
131710,3,3,11,중앙병원 3,0,92,11
131725,4,3,11,중앙병원 3,0,92,11
131735,4,3,11,중앙병원 3,0,92,11
131751,4,4,11,중앙병원 3,0,92,11
131764,4,5,11,중앙병원 3,0,92,12
131773,4,5,11,중앙병원 3,0,92,12
131788,4,6,11,중앙병원 3,0,92,12
131807,2,6,11,중앙병원 3,0,92,12
131826,4,8,10,중앙병원 3,0,92,13
131895,4,10,11,중앙병원 3,0,92,14
131909,2,10,11,중앙병원 3,0,92,14
131935,4,10,10,중앙병원 3,0,92,14
131939,3,10,10,중앙병원 3,0,92,14
131944,3,9,10,중앙병원 3,0,92,15
131953,3,8,10,중앙병원 3,0,92,15
131953,3,7,10,중앙병원 3,0,92,15
131962,3,6,10,중앙병원 3,0,92,15
131969,2,5,10,중앙병원 3,0,92,15
131973,3,5,9,중앙병원 3,0,92,15
131980,4,4,9,중앙병원 3,0,92,15
132031,3,5,9,중앙병원 3,0,92,16
132041,4,4,9,중앙병원 3,0,92,16
132042,3,4,9,중앙병원 3,0,92,16
132068,1,3,9,중앙병원 3,0,92,17
132087,3,3,9,중앙병원 3,0,92,17
132122,3,3,10,중앙병원 3,0,92,18
132136,3,2,10,중앙병원 3,0,92,18
132146,2,2,10,중앙병원 3,0,92,18
132165,5,3,9,중앙병원 3,0,92,18
132179,3,4,9,중앙병원 3,0,92,18
132183,4,3,9,중앙병원 3,0,92,19
132190,3,3,9,중앙병원 3,0,92,19
132198,3,2,9,중앙병원 3,0,92,19
132199,3,1,9,중앙병원 3,0,92,19
132205,3,0,9,중앙병원 3,0,92,19
132213,4,0,9,중앙병원 3,0,92,19
132213,3,0,9,중앙병원 3,0,92,19
132216,4,0,9,중앙병원 3,0,92,19
132218,3,0,9,중앙병원 3,0,92,19
132240,5,0,10,중앙병원 3,0,92,20
132249,4,0,11,중앙병원 3,0,92,20
132259,3,0,11,중앙병원 3,0,92,20
132279,3,0,11,중앙병원 3,0,92,20
132287,3,0,11,중앙병원 3,0,92,20
132291,5,0,11,중앙병원 3,0,92,20
132293,3,0,11,중앙병원 3,0,92,20
132320,4,0,11,중앙병원 3,0,92,21
132322,3,0,11,중앙병원 3,0,92,21
132328,3,0,11,중앙병원 3,0,92,21
132331,2,0,11,중앙병원 3,0,92,21
132333,5,0,10,중앙병원 3,0,92,21
132334,4,0,10,중앙병원 3,0,92,21
132335,3,0,10,중앙병원 3,0,92,21
132348,3,0,10,중앙병원 3,0,92,21
132367,4,0,10,중앙병원 3,0,92,22
132410,4,0,10,중앙병원 3,0,92,22
132413,3,0,10,중앙병원 3,0,92,22
132416,4,0,10,중앙병원 3,0,92,22
132425,4,0,10,중앙병원 3,0,92,23
132485,4,0,11,중앙병원 3,1,93,0
132505,3,0,11,중앙병원 3,1,93,0
132543,4,0,11,중앙병원 3,1,93,1
132567,3,0,11,중앙병원 3,1,93,1
132654,3,1,11,중앙병원 3,1,93,2
132705,2,3,11,중앙병원 3,1,93,3
132748,3,4,10,중앙병원 3,1,93,4
132765,3,4,10,중앙병원 3,1,93,4
132778,4,2,11,중앙병원 3,1,93,4
132821,3,2,11,중앙병원 3,1,93,5
132900,4,3,11,중앙병원 3,1,93,7
132905,3,3,11,중앙병원 3,1,93,7
132949,4,4,11,중앙병원 3,1,93,7
132970,4,4,11,중앙병원 3,1,93,8
133098,3,11,11,중앙병원 3,1,93,10
133103,3,10,11,중앙병원 3,1,93,10
133122,2,9,11,중앙병원 3,1,93,10
133165,3,10,10,중앙병원 3,1,93,11
133299,3,10,11,중앙병원 3,1,93,13
133313,4,9,11,중앙병원 3,1,93,13
133318,2,9,11,중앙병원 3,1,93,13
133337,2,10,10,중앙병원 3,1,93,14
133367,3,11,9,중앙병원 3,1,93,14
133396,4,11,9,중앙병원 3,1,93,15
133420,5,11,9,중앙병원 3,1,93,15
133421,4,11,9,중앙병원 3,1,93,15
133466,4,10,10,중앙병원 3,1,93,16
133470,5,10,10,중앙병원 3,1,93,16
133474,3,10,10,중앙병원 3,1,93,16
133475,4,9,10,중앙병원 3,1,93,16
133476,3,9,10,중앙병원 3,1,93,16
133482,4,9,10,중앙병원 3,1,93,16
133502,3,8,11,중앙병원 3,1,93,17
133519,4,7,11,중앙병원 3,1,93,17
133556,3,7,11,중앙병원 3,1,93,17
133574,4,7,11,중앙병원 3,1,93,18
133588,3,7,11,중앙병원 3,1,93,18
133609,3,6,11,중앙병원 3,1,93,18
133652,3,5,11,중앙병원 3,1,93,19
133679,4,4,11,중앙병원 3,1,93,19
133703,2,4,11,중앙병원 3,1,93,20
133745,3,4,10,중앙병원 3,1,93,21
133746,3,3,10,중앙병원 3,1,93,21
133783,4,4,10,중앙병원 3,1,93,21
133787,4,4,10,중앙병원 3,1,93,21
133807,3,6,10,중앙병원 3,1,93,22
133840,4,5,10,중앙병원 3,1,93,22
133841,3,5,10,중앙병원 3,1,93,22
133871,4,4,11,중앙병원 3,1,93,23
133872,4,4,11,중앙병원 3,1,93,23
133879,3,5,11,중앙병원 3,1,93,23
133922,3,5,11,중앙병원 3,2,94,0
133933,3,4,11,중앙병원 3,2,94,0
133984,3,4,11,중앙병원 3,2,94,1
133988,4,3,11,중앙병원 3,2,94,1
134009,5,3,11,중앙병원 3,2,94,1
134056,3,4,11,중앙병원 3,2,94,2
134091,5,4,11,중앙병원 3,2,94,2
134235,5,11,11,중앙병원 3,2,94,5
134403,3,14,11,중앙병원 3,2,94,8
134403,3,13,11,중앙병원 3,2,94,8
134566,4,13,11,중앙병원 3,2,94,10
134581,2,13,11,중앙병원 3,2,94,11
134600,3,13,10,중앙병원 3,2,94,11
134626,4,12,10,중앙병원 3,2,94,11
134635,3,12,10,중앙병원 3,2,94,11
134636,3,11,10,중앙병원 3,2,94,11
134637,4,10,10,중앙병원 3,2,94,11
134683,4,9,11,중앙병원 3,2,94,12
134699,3,9,11,중앙병원 3,2,94,12
134700,3,8,11,중앙병원 3,2,94,13
134756,3,8,11,중앙병원 3,2,94,13
134787,3,8,11,중앙병원 3,2,94,14
134807,5,8,11,중앙병원 3,2,94,14
134814,3,8,11,중앙병원 3,2,94,14
134831,2,7,11,중앙병원 3,2,94,15
134865,5,7,10,중앙병원 3,2,94,15
134928,5,8,10,중앙병원 3,2,94,16
134928,3,8,10,중앙병원 3,2,94,16
134929,3,7,10,중앙병원 3,2,94,16
134963,4,5,11,중앙병원 3,2,94,17
134972,2,5,11,중앙병원 3,2,94,17
134994,4,5,10,중앙병원 3,2,94,17
134996,3,5,10,중앙병원 3,2,94,17
135028,3,6,10,중앙병원 3,2,94,18
135036,3,5,10,중앙병원 3,2,94,18
135059,3,4,11,중앙병원 3,2,94,18
135074,4,4,11,중앙병원 3,2,94,19
135086,3,6,11,중앙병원 3,2,94,19
135110,3,5,11,중앙병원 3,2,94,19
135121,4,4,11,중앙병원 3,2,94,20
135180,1,4,11,중앙병원 3,2,94,21
135192,1,4,10,중앙병원 3,2,94,21
135202,4,5,9,중앙병원 3,2,94,21
135207,3,5,9,중앙병원 3,2,94,21
135219,4,5,9,중앙병원 3,2,94,21
135226,4,5,9,중앙병원 3,2,94,21
135256,4,5,9,중앙병원 3,2,94,22
135269,3,7,9,중앙병원 3,2,94,22
135432,3,8,11,중앙병원 3,3,95,1
135441,3,7,11,중앙병원 3,3,95,1
135493,3,8,11,중앙병원 3,3,95,2
135530,3,7,11,중앙병원 3,3,95,2
135559,3,7,11,중앙병원 3,3,95,3
135640,3,6,11,중앙병원 3,3,95,4
135772,5,11,11,중앙병원 3,3,95,6
135789,3,12,11,중앙병원 3,3,95,7
135865,3,12,11,중앙병원 3,3,95,8
135881,5,11,11,중앙병원 3,3,95,8
135902,3,11,11,중앙병원 3,3,95,9
135929,3,11,11,중앙병원 3,3,95,9
135995,5,10,11,중앙병원 3,3,95,10
135997,3,10,11,중앙병원 3,3,95,10
136012,3,10,11,중앙병원 3,3,95,10
136050,2,11,11,중앙병원 3,3,95,11
136072,4,11,10,중앙병원 3,3,95,11
136086,3,11,10,중앙병원 3,3,95,12
136094,5,10,10,중앙병원 3,3,95,12
136097,3,10,10,중앙병원 3,3,95,12
136099,4,9,10,중앙병원 3,3,95,12
136116,5,9,10,중앙병원 3,3,95,12
136150,3,9,10,중앙병원 3,3,95,13
136207,4,8,10,중앙병원 3,3,95,14
136241,3,7,11,중앙병원 3,3,95,14
136241,3,6,11,중앙병원 3,3,95,14
136285,4,6,11,중앙병원 3,3,95,15
136343,3,8,11,중앙병원 3,3,95,16
136407,3,9,11,중앙병원 3,3,95,17
136413,4,8,11,중앙병원 3,3,95,17
136444,4,8,11,중앙병원 3,3,95,18
136496,2,12,11,중앙병원 3,3,95,18
136497,2,12,10,중앙병원 3,3,95,18
136573,4,14,9,중앙병원 3,3,95,20
136599,2,14,9,중앙병원 3,3,95,20
136625,4,12,10,중앙병원 3,3,95,21
136627,4,12,10,중앙병원 3,3,95,21
136647,2,13,10,중앙병원 3,3,95,21
136649,5,13,9,중앙병원 3,3,95,21
136654,4,13,9,중앙병원 3,3,95,21
136669,4,13,9,중앙병원 3,3,95,21
136678,2,13,9,중앙병원 3,3,95,21
136689,3,13,8,중앙병원 3,3,95,22
136692,3,12,8,중앙병원 3,3,95,22
136866,3,9,11,중앙병원 3,4,96,1
137021,3,9,11,중앙병원 3,4,96,3
137094,5,9,11,중앙병원 3,4,96,4
137187,5,10,11,중앙병원 3,4,96,6
137215,4,10,11,중앙병원 3,4,96,6
137242,2,10,11,중앙병원 3,4,96,7
137366,3,11,10,중앙병원 3,4,96,9
137432,3,9,11,중앙병원 3,4,96,10
137462,3,9,11,중앙병원 3,4,96,11
137478,3,8,11,중앙병원 3,4,96,11
137494,3,7,11,중앙병원 3,4,96,11
137522,4,6,11,중앙병원 3,4,96,12
137552,3,6,11,중앙병원 3,4,96,12
137626,3,6,11,중앙병원 3,4,96,13
137696,5,6,11,중앙병원 3,4,96,14
137758,4,8,11,중앙병원 3,4,96,15
137775,5,9,11,중앙병원 3,4,96,16
137779,5,9,11,중앙병원 3,4,96,16
137789,2,9,11,중앙병원 3,4,96,16
137823,4,9,10,중앙병원 3,4,96,17
137859,3,10,10,중앙병원 3,4,96,17
137879,3,9,10,중앙병원 3,4,96,17
137887,4,8,11,중앙병원 3,4,96,18
137910,2,9,11,중앙병원 3,4,96,18
137920,3,9,10,중앙병원 3,4,96,18
137929,5,8,10,중앙병원 3,4,96,18
137940,3,8,10,중앙병원 3,4,96,19
137957,4,7,10,중앙병원 3,4,96,19
137959,5,7,10,중앙병원 3,4,96,19
137975,3,8,10,중앙병원 3,4,96,19
137989,2,7,10,중앙병원 3,4,96,19
137990,3,7,9,중앙병원 3,4,96,19
137990,3,6,9,중앙병원 3,4,96,19
138022,3,4,10,중앙병원 3,4,96,20
138025,3,3,10,중앙병원 3,4,96,20
138025,4,2,10,중앙병원 3,4,96,20
138039,3,3,10,중앙병원 3,4,96,20
138052,4,2,10,중앙병원 3,4,96,20
138061,3,2,10,중앙병원 3,4,96,21
138087,3,1,11,중앙병원 3,4,96,21
138119,2,0,11,중앙병원 3,4,96,21
138122,3,0,10,중앙병원 3,4,96,22
138142,2,0,10,중앙병원 3,4,96,22
138155,3,0,9,중앙병원 3,4,96,22
138157,2,0,9,중앙병원 3,4,96,22
138198,4,0,8,중앙병원 3,4,96,23
138208,3,0,8,중앙병원 3,4,96,23
138227,3,0,10,중앙병원 3,4,96,23
138241,4,0,11,중앙병원 3,5,97,0
138293,3,0,11,중앙병원 3,5,97,0
138352,4,0,11,중앙병원 3,5,97,1
138414,3,1,11,중앙병원 3,5,97,2
138424,4,2,11,중앙병원 3,5,97,3
138475,4,4,11,중앙병원 3,5,97,3
138783,3,12,11,중앙병원 3,5,97,9
138837,5,12,11,중앙병원 3,5,97,9
138871,3,12,11,중앙병원 3,5,97,10
138879,3,11,11,중앙병원 3,5,97,10
138940,4,11,11,중앙병원 3,5,97,11
138944,4,11,11,중앙병원 3,5,97,11
139028,3,11,11,중앙병원 3,5,97,13
139039,4,10,11,중앙병원 3,5,97,13
139060,2,10,11,중앙병원 3,5,97,13
139080,2,10,10,중앙병원 3,5,97,14
139081,3,10,9,중앙병원 3,5,97,14
139110,3,9,9,중앙병원 3,5,97,14
139130,3,8,9,중앙병원 3,5,97,14
139160,4,8,9,중앙병원 3,5,97,15
139161,5,8,9,중앙병원 3,5,97,15
139187,3,7,10,중앙병원 3,5,97,15
139241,3,6,11,중앙병원 3,5,97,16
139289,3,7,11,중앙병원 3,5,97,17
139320,4,6,11,중앙병원 3,5,97,18
139339,4,6,11,중앙병원 3,5,97,18
139365,3,6,11,중앙병원 3,5,97,18
139422,4,5,11,중앙병원 3,5,97,19
139492,3,6,11,중앙병원 3,5,97,20
139531,3,6,11,중앙병원 3,5,97,21
139545,4,5,11,중앙병원 3,5,97,21
139686,4,11,11,중앙병원 3,6,98,0
139711,3,12,11,중앙병원 3,6,98,0
139770,4,11,11,중앙병원 3,6,98,1
139770,5,11,11,중앙병원 3,6,98,1
139775,2,11,11,중앙병원 3,6,98,1
139791,3,11,10,중앙병원 3,6,98,1
139899,4,10,11,중앙병원 3,6,98,3
139919,1,12,11,중앙병원 3,6,98,3
139955,4,12,10,중앙병원 3,6,98,4
139959,5,12,10,중앙병원 3,6,98,4
139992,4,12,10,중앙병원 3,6,98,5
140021,5,12,10,중앙병원 3,6,98,5
140056,2,13,10,중앙병원 3,6,98,6
140158,4,12,10,중앙병원 3,6,98,7
140165,3,12,10,중앙병원 3,6,98,8
140194,2,10,11,중앙병원 3,6,98,8
140199,4,11,10,중앙병원 3,6,98,8
140210,3,11,10,중앙병원 3,6,98,8
140215,4,10,10,중앙병원 3,6,98,8
140216,4,10,10,중앙병원 3,6,98,8
140236,3,10,10,중앙병원 3,6,98,9
140240,3,9,10,중앙병원 3,6,98,9
140246,2,8,10,중앙병원 3,6,98,9
140262,3,8,9,중앙병원 3,6,98,9
140292,3,7,9,중앙병원 3,6,98,10
140315,3,6,9,중앙병원 3,6,98,10
140319,4,5,9,중앙병원 3,6,98,10
140334,4,5,9,중앙병원 3,6,98,10
140347,3,4,10,중앙병원 3,6,98,11
140371,4,3,10,중앙병원 3,6,98,11
140371,4,3,10,중앙병원 3,6,98,11
140382,3,2,11,중앙병원 3,6,98,11
140392,3,1,11,중앙병원 3,6,98,11
140418,3,0,11,중앙병원 3,6,98,12
140434,4,0,11,중앙병원 3,6,98,12
140444,3,0,11,중앙병원 3,6,98,12
140455,3,0,11,중앙병원 3,6,98,12
140472,3,0,11,중앙병원 3,6,98,13
140476,2,0,11,중앙병원 3,6,98,13
140528,3,0,10,중앙병원 3,6,98,14
140530,3,0,10,중앙병원 3,6,98,14
140531,3,0,10,중앙병원 3,6,98,14
140552,4,0,10,중앙병원 3,6,98,14
140557,3,0,10,중앙병원 3,6,98,14
140585,3,0,10,중앙병원 3,6,98,15
140588,4,0,10,중앙병원 3,6,98,15
140589,3,0,10,중앙병원 3,6,98,15
140607,5,0,10,중앙병원 3,6,98,15
140609,3,0,10,중앙병원 3,6,98,15
140619,4,0,10,중앙병원 3,6,98,15
140619,3,0,10,중앙병원 3,6,98,15
140644,3,0,11,중앙병원 3,6,98,16
140651,4,0,11,중앙병원 3,6,98,16
140653,2,0,11,중앙병원 3,6,98,16
140674,3,0,10,중앙병원 3,6,98,16
140676,4,0,10,중앙병원 3,6,98,16
140738,3,0,10,중앙병원 3,6,98,17
140741,4,0,10,중앙병원 3,6,98,17
140771,4,0,10,중앙병원 3,6,98,18
140783,3,0,10,중앙병원 3,6,98,18
140803,3,0,10,중앙병원 3,6,98,18
140827,3,0,11,중앙병원 3,6,98,19
140833,3,0,11,중앙병원 3,6,98,19
140838,3,0,11,중앙병원 3,6,98,19
140840,3,0,11,중앙병원 3,6,98,19
140857,4,0,11,중앙병원 3,6,98,19
140862,3,0,11,중앙병원 3,6,98,19
140869,4,0,11,중앙병원 3,6,98,19
140895,3,0,11,중앙병원 3,6,98,20
140896,3,0,11,중앙병원 3,6,98,20
140903,5,0,11,중앙병원 3,6,98,20
140917,3,0,11,중앙병원 3,6,98,20
140923,3,0,11,중앙병원 3,6,98,20
140925,2,0,11,중앙병원 3,6,98,20
140925,4,0,10,중앙병원 3,6,98,20
140927,3,0,10,중앙병원 3,6,98,20
140975,3,0,10,중앙병원 3,6,98,21
141015,3,0,10,중앙병원 3,6,98,22
141019,2,0,10,중앙병원 3,6,98,22
141024,5,0,10,중앙병원 3,6,98,22
141031,3,0,10,중앙병원 3,6,98,22
141031,4,0,10,중앙병원 3,6,98,22
141039,3,0,10,중앙병원 3,6,98,22
141048,4,0,10,중앙병원 3,6,98,22
141048,4,0,10,중앙병원 3,6,98,22
141058,5,0,10,중앙병원 3,6,98,22
141067,3,0,10,중앙병원 3,6,98,23
141070,2,0,10,중앙병원 3,6,98,23
141092,2,0,9,중앙병원 3,6,98,23
141097,3,0,8,중앙병원 3,6,98,23
141109,3,0,8,중앙병원 3,6,98,23
141115,3,0,8,중앙병원 3,6,98,23
141145,4,0,8,중앙병원 3,0,99,0
141175,2,0,9,중앙병원 3,0,99,0
141216,4,0,8,중앙병원 3,0,99,1
141230,5,0,9,중앙병원 3,0,99,1
141253,3,0,10,중앙병원 3,0,99,2
141262,4,0,10,중앙병원 3,0,99,2
141272,3,0,10,중앙병원 3,0,99,2
141273,3,0,10,중앙병원 3,0,99,2
141307,4,0,10,중앙병원 3,0,99,3
141380,3,0,11,중앙병원 3,0,99,4
141437,4,0,11,중앙병원 3,0,99,5
141569,3,0,11,중앙병원 3,0,99,7
141592,3,0,11,중앙병원 3,0,99,7
141594,4,0,11,중앙병원 3,0,99,7
141607,4,0,11,중앙병원 3,0,99,8
141635,3,0,11,중앙병원 3,0,99,8
141671,3,0,11,중앙병원 3,0,99,9
141680,5,0,11,중앙병원 3,0,99,9
141685,3,0,11,중앙병원 3,0,99,9
141697,3,0,11,중앙병원 3,0,99,9
141697,5,0,11,중앙병원 3,0,99,9
141701,3,0,11,중앙병원 3,0,99,9
141719,4,0,11,중앙병원 3,0,99,9
141723,2,0,11,중앙병원 3,0,99,10
141751,3,0,10,중앙병원 3,0,99,10
141760,5,0,10,중앙병원 3,0,99,10
141766,3,0,10,중앙병원 3,0,99,10
141769,5,0,10,중앙병원 3,0,99,10
141769,3,0,10,중앙병원 3,0,99,10
141781,4,0,10,중앙병원 3,0,99,11
141783,3,0,10,중앙병원 3,0,99,11
141784,3,0,10,중앙병원 3,0,99,11
141789,3,0,11,중앙병원 3,0,99,11
141802,4,0,11,중앙병원 3,0,99,11
141819,2,0,11,중앙병원 3,0,99,11
141835,3,0,10,중앙병원 3,0,99,11
141846,3,0,10,중앙병원 3,0,99,12
141851,4,0,10,중앙병원 3,0,99,12
141859,3,0,10,중앙병원 3,0,99,12
141872,3,0,10,중앙병원 3,0,99,12
141875,5,0,10,중앙병원 3,0,99,12
141891,3,0,10,중앙병원 3,0,99,12
141904,3,0,10,중앙병원 3,0,99,13
141944,4,0,10,중앙병원 3,0,99,13
141952,4,0,10,중앙병원 3,0,99,13
141964,3,0,10,중앙병원 3,0,99,14
141982,4,0,11,중앙병원 3,0,99,14
142010,4,0,11,중앙병원 3,0,99,14
142019,5,0,11,중앙병원 3,0,99,14
142024,4,0,11,중앙병원 3,0,99,15
142026,4,0,11,중앙병원 3,0,99,15
142048,3,0,11,중앙병원 3,0,99,15
142055,5,0,11,중앙병원 3,0,99,15
142070,5,0,11,중앙병원 3,0,99,15
142082,2,0,11,중앙병원 3,0,99,16
142090,2,0,10,중앙병원 3,0,99,16
142112,3,0,9,중앙병원 3,0,99,16
142123,3,0,9,중앙병원 3,0,99,16
142142,3,0,9,중앙병원 3,0,99,17
142148,2,0,9,중앙병원 3,0,99,17
142154,3,0,8,중앙병원 3,0,99,17
142159,3,0,8,중앙병원 3,0,99,17
142173,4,0,8,중앙병원 3,0,99,17
142235,3,0,9,중앙병원 3,0,99,18
142256,2,0,9,중앙병원 3,0,99,18
142269,2,0,9,중앙병원 3,0,99,19
142275,3,0,8,중앙병원 3,0,99,19
142282,3,0,9,중앙병원 3,0,99,19
142300,4,0,9,중앙병원 3,0,99,19
142328,5,0,10,중앙병원 3,0,99,20
142331,2,0,10,중앙병원 3,0,99,20
142334,2,0,9,중앙병원 3,0,99,20
142341,3,0,8,중앙병원 3,0,99,20
142342,3,0,8,중앙병원 3,0,99,20
142351,4,0,8,중앙병원 3,0,99,20
142359,3,0,8,중앙병원 3,0,99,20
142364,3,0,8,중앙병원 3,0,99,20
142378,3,0,9,중앙병원 3,0,99,20
142402,3,0,10,중앙병원 3,0,99,21
142435,3,0,10,중앙병원 3,0,99,21
142439,4,0,10,중앙병원 3,0,99,21
142441,3,0,10,중앙병원 3,0,99,22
142479,3,0,10,중앙병원 3,0,99,22
142484,2,0,10,중앙병원 3,0,99,22
142489,2,0,9,중앙병원 3,0,99,22
142503,3,0,8,중앙병원 3,0,99,23
142517,4,0,9,중앙병원 3,0,99,23
142520,3,0,9,중앙병원 3,0,99,23
142524,4,0,9,중앙병원 3,0,99,23
142543,4,0,9,중앙병원 3,0,99,23
142551,4,0,9,중앙병원 3,0,99,23
142581,3,0,10,중앙병원 3,1,100,0
142599,4,0,11,중앙병원 3,1,100,0
142716,3,0,11,중앙병원 3,1,100,2
142735,4,0,11,중앙병원 3,1,100,2
142743,4,0,11,중앙병원 3,1,100,3
142777,3,0,11,중앙병원 3,1,100,3
142830,4,0,11,중앙병원 3,1,100,4
142862,4,0,11,중앙병원 3,1,100,5
142905,4,0,11,중앙병원 3,1,100,5
142963,4,0,11,중앙병원 3,1,100,6
142994,3,0,11,중앙병원 3,1,100,7
143068,3,0,11,중앙병원 3,1,100,8
143080,3,0,11,중앙병원 3,1,100,8
143129,4,0,11,중앙병원 3,1,100,9
143157,3,0,11,중앙병원 3,1,100,9
143161,4,0,11,중앙병원 3,1,100,10
143180,3,0,11,중앙병원 3,1,100,10
143185,2,0,11,중앙병원 3,1,100,10
143229,4,0,10,중앙병원 3,1,100,11
143282,4,0,10,중앙병원 3,1,100,12
143316,2,0,11,중앙병원 3,1,100,12
143317,3,0,10,중앙병원 3,1,100,12
143323,3,0,10,중앙병원 3,1,100,12
143372,2,0,10,중앙병원 3,1,100,13
143396,3,0,9,중앙병원 3,1,100,13
143425,3,0,10,중앙병원 3,1,100,14
143431,3,0,10,중앙병원 3,1,100,14
143473,2,0,10,중앙병원 3,1,100,15
143536,3,0,10,중앙병원 3,1,100,16
143539,3,0,10,중앙병원 3,1,100,16
143545,5,0,10,중앙병원 3,1,100,16
143563,4,0,10,중앙병원 3,1,100,16
143616,1,0,11,중앙병원 3,1,100,17
143616,3,0,10,중앙병원 3,1,100,17
143622,2,0,10,중앙병원 3,1,100,17
143646,3,0,9,중앙병원 3,1,100,18
143660,1,0,9,중앙병원 3,1,100,18
143666,3,0,8,중앙병원 3,1,100,18
143667,2,0,8,중앙병원 3,1,100,18
143696,5,0,7,중앙병원 3,1,100,18
143702,3,0,7,중앙병원 3,1,100,19
143728,4,0,9,중앙병원 3,1,100,19
143735,4,0,9,중앙병원 3,1,100,19
143767,3,0,9,중앙병원 3,1,100,20
143792,4,0,9,중앙병원 3,1,100,20
143831,3,0,11,중앙병원 3,1,100,21
143846,4,0,11,중앙병원 3,1,100,21
143866,4,0,11,중앙병원 3,1,100,21
143888,3,0,11,중앙병원 3,1,100,22
143890,2,0,11,중앙병원 3,1,100,22
143926,5,0,10,중앙병원 3,1,100,22
143928,3,0,10,중앙병원 3,1,100,22
143942,3,0,10,중앙병원 3,1,100,23
143951,5,0,10,중앙병원 3,1,100,23
143977,3,0,11,중앙병원 3,1,100,23
143988,3,0,11,중앙병원 3,1,100,23
